event_id,season,team,ha,margin,one_score,penalized,possession,down,distance,period,declined,first_down_flag,drive_is_score,text
401520156,2023,Ohio State,away,20,False,us,us,1,10,2,False,False,False,"No Huddle-Shotgun Henderson,TreVeyon rush right for 4 yards gain to the IND46 (Moore,Louis), out of bounds PENALTY OSU Holding (Stover,Cade) 10 yards from OSU50"
401520156,2023,Ohio State,away,20,False,us,us,1,10,3,False,False,True,"No Huddle-Shotgun McCord,Kyle pass complete deep right to Harrison Jr.,Marvin for 24 yards to the IND00 TOUCHDOWN nullified by penalty, clock 03:25 PENALTY OSU "
401520156,2023,Ohio State,away,20,False,us,us,4,12,4,False,False,False,PENALTY OSU Delay Of Game 5 yards from OSU32 to OSU27. NO PLAY.
401520162,2023,Michigan,home,27,False,them,us,1,10,1,False,False,True,"(00:15) No Huddle McCarthy,J.J. pass incomplete deep middle to Wilson,Roman PENALTY ECU Pass Interference (Wood,Julius) 15 yards from MICH44 to ECU41, 1ST DOWN."
401520162,2023,Michigan,home,27,False,them,them,1,10,2,False,False,False,"(12:54) No Huddle-Shotgun Flinn,Alex pass incomplete deep left to Hatfield,Jsi PENALTY ECU Holding (Moorer,Parker) 10 yards from ECU24 to ECU14. NO PLAY."
401520162,2023,Michigan,home,27,False,them,them,2,7,2,False,False,False,"East Carolina Penalty, False Start (Brock Spalding) to the ECU 49"
401520162,2023,Michigan,home,27,False,us,us,2,10,3,False,False,False,"(03:36) No Huddle-Shotgun Corum,Blake rush left for 4 yards gain to the ECU34 (Nash,Dontavius) PENALTY MICH Holding (Nugent,Drake) 10 yards from ECU38 to ECU48."
401520162,2023,Michigan,home,27,False,them,us,2,20,3,False,False,False,"(03:07) No Huddle-Shotgun McCarthy,J.J. pass incomplete deep right to Moore,Frederick PENALTY ECU Targeting (Powers,Jack) 15 yards from ECU48 to ECU33, 1ST DOWN"
401520162,2023,Michigan,home,27,False,us,us,1,10,3,False,False,False,"PENALTY MICH False Start (Barner,AJ) 5 yards from ECU18 to ECU23. NO PLAY."
401520162,2023,Michigan,home,27,False,them,us,3,2,3,True,False,False,"No Huddle-Shotgun Edwards,Donovan rush middle for 1 yard gain to the ECU01 (Edwards III,Michael) PENALTY ECU Offside (Edwards III,Michael) 1 yard from ECU02 to "
401520162,2023,Michigan,home,27,False,them,them,1,10,3,False,False,False,"(00:15) No Huddle-Shotgun Garcia,Mason pass complete deep left to Garner,Jarett for 27 yards to the ECU30, End Of Play PENALTY ECU Pass Interference (Garner,Jar"
401520162,2023,Michigan,home,27,False,us,us,2,8,4,False,False,False,(13:54) PENALTY MICH Encroachment 5 yards from ECU36 to ECU41. NO PLAY.
401520162,2023,Michigan,home,27,False,us,us,4,1,4,False,False,False,"PENALTY MICH False Start (El-Hadi,Giovanni) 5 yards from ECU29 to ECU34. NO PLAY."
401520162,2023,Michigan,home,27,False,them,them,2,7,4,False,False,False,"(07:38) No Huddle-Shotgun Garcia,Mason pass complete short middle to Calhoun,Shane for 2 yards to the MICH13 (Graham,Mason) PENALTY ECU Holding (Pearce,Richard)"
401520162,2023,Michigan,home,27,False,them,them,4,6,4,True,False,False,"East Carolina Penalty, Defensive Holding ( Yards) declined"
401520162,2023,Michigan,home,27,False,them,us,3,8,4,False,False,False,"(05:03) No Huddle-Shotgun Warren,Davis pass incomplete short middle to Moore,Frederick broken up by King,Devon PENALTY ECU UNR: Unnecessary Roughness (King,Devo"
401520202,2023,Michigan,home,28,False,them,them,4,5,3,False,False,False,"UNLV Penalty, Unnecessary Roughness (-15 Yards) to the UNLV 29"
401520202,2023,Michigan,home,28,False,them,us,1,10,3,False,False,False,"UNLV Penalty, Unnecessary Roughness (Cameron Oliver) to the UNLV 25 for a 1ST down"
401520202,2023,Michigan,home,28,False,them,them,2,5,4,False,False,True,"UNLV Penalty, False Start (Christian Earls) to the MICH 33"
401520202,2023,Michigan,home,28,False,us,us,1,10,4,False,False,False,"Michigan Penalty, Illegal Snap on CRIPPEN, Greg enforced (-5 Yards) to the UNLV 34"
401520208,2023,Ohio State,home,28,False,us,us,2,1,1,False,False,True,"No Huddle-Shotgun Henderson,TreVeyon rush right for 9 yards gain to the OSU42 (Hooker,Marcus), out of bounds PENALTY OSU Holding (Hinzman,Carson) 10 yards from "
401520208,2023,Ohio State,home,28,False,us,us,2,1,1,False,False,True,"No Huddle-Shotgun Henderson,TreVeyon rush right for 9 yards gain to the OSU42 (Hooker,Marcus), out of bounds PENALTY OSU Holding (Hinzman,Carson) 10 yards from "
401520208,2023,Ohio State,home,28,False,us,us,3,1,1,False,False,False,"No Huddle Henderson,TreVeyon rush left for 1 yard loss to the OSU40 (Howard,Alex), out of bounds PENALTY OSU Holding (Simmons,Josh) 10 yards from OSU41 to OSU31"
401520208,2023,Ohio State,home,28,False,them,us,1,10,1,False,False,True,"PENALTY YSU UNS: Unsportsmanlike Conduct (Johnson,Devin) 15 yards from OSU07 to OSU22, 1ST DOWN. NO PLAY."
401520208,2023,Ohio State,home,28,False,us,us,2,10,2,False,False,True,"No Huddle-Shotgun Henderson,TreVeyon rush middle for 17 yards gain to the YSU00 TOUCHDOWN nullified by penalty, clock 00:00 PENALTY OSU Personal Foul (Simmons,J"
401520208,2023,Ohio State,home,28,False,us,them,3,6,2,False,False,False,"PENALTY OSU Offside (Williams,Tyleik) 5 yards from YSU32 to YSU37. NO PLAY."
401520208,2023,Ohio State,home,28,False,them,them,3,1,2,False,False,False,"PENALTY YSU Illegal Snap (Parker,Aidan) 4 yards from YSU23 to YSU19. NO PLAY."
401520208,2023,Ohio State,home,28,False,them,them,2,17,3,False,False,False,PENALTY YSU Delay Of Game 5 yards from YSU45 to YSU40. NO PLAY.
401520208,2023,Ohio State,home,28,False,us,them,2,9,3,False,False,False,"Ohio State Penalty, Personal Foul (Ja'Had Carter) to the YSU 49 for a 1ST down"
401520208,2023,Ohio State,home,28,False,them,them,1,10,4,True,False,False,"Youngstown State Penalty, Offensive Holding ( Yards) declined"
401520208,2023,Ohio State,home,28,False,them,them,3,19,4,False,False,False,PENALTY YSU Delay Of Game 5 yards from OSU48 to YSU47. NO PLAY.
401520208,2023,Ohio State,home,28,False,them,us,2,12,4,False,False,False,"PENALTY YSU Offside (Allen,Hunter) 5 yards from OSU18 to OSU23. NO PLAY."
401520208,2023,Ohio State,home,28,False,them,us,1,10,4,False,False,False,"No Huddle-Shotgun Brown,Devin pass incomplete deep left to Harrison Jr.,Marvin PENALTY YSU Pass Interference (Robinson,Amarian) 15 yards from YSU47 to YSU32, 1S"
401520208,2023,Ohio State,home,28,False,us,us,1,4,4,False,False,False,"No Huddle Williams,Miyan rush left for 4 yards gain to the YSU00 TOUCHDOWN nullified by penalty, clock 00:00 PENALTY OSU Holding (Trayanum,DeaMonte) 10 yards fr"
401520209,2023,Penn State,home,56,False,us,us,1,10,1,False,False,True,"ALLEN, Kaytron rush to the left for a gain of 1 yard to the DEL25 (WARE, Nic). PENALTY PSU Holding enforced 10 yards from the DEL26 to the DEL36 [NH]. NO PLAY ("
401520209,2023,Penn State,home,56,False,us,them,4,1,2,False,False,False,"KOST, Ryan punt 59 yards to the PSU7, SAUNDERS, Kaden returned 6 yards to the PSU13 (COSTELLO, Kaelin;DAWSEY, Khalil). PENALTY PSU Offsides enforced 6 yards fro"
401520209,2023,Penn State,home,56,False,them,us,1,10,2,False,False,True,"Delaware Penalty, Personal Foul (Christian Pierce) to the DEL 5 for a 1ST down"
401520209,2023,Penn State,home,56,False,them,them,4,1,2,False,False,False,"Delaware Penalty, Delay Of Game (Jackson Taylor) to the DEL 13"
401520209,2023,Penn State,home,56,False,them,us,2,5,2,False,False,True,"ALLAR, Drew pass short up the middle incomplete intended for WALLACE III, Harrison thrown to the DEL0. PENALTY DEL Pass Interference on DAWSEY, Khalil enforced "
401520209,2023,Penn State,home,56,False,us,us,1,10,3,False,False,True,"Penn State Penalty, False Start (TEAM) to the PSU 39"
401520209,2023,Penn State,home,56,False,them,us,2,12,3,False,False,True,"ALLAR, Drew pass to the left incomplete intended for LAMBERT-SMITH, KeAndre thrown to the PSU50. PENALTY DEL Roughing the Passer enforced 15 yards from the PSU4"
401520209,2023,Penn State,home,56,False,us,them,1,10,3,False,False,False,"Penn State Penalty, False Start (TEAM) to the DEL 36"
401520209,2023,Penn State,home,56,False,us,them,3,5,3,False,False,False,"MARKER, Zach pass to the left incomplete intended for COLLINS, James thrown to the DEL38. PENALTY PSU Holding enforced 9 yards from the DEL30 to the DEL39 and r"
401520209,2023,Penn State,home,56,False,them,us,1,10,4,False,False,True,"Delaware Penalty, Offsides (TEAM) to the PSU 49"
401520226,2023,Penn State,away,17,False,them,them,3,4,1,False,False,False,"PENALTY ILL False Start (Gesky,Josh) 5 yards from PSU40 to PSU45. NO PLAY."
401520226,2023,Penn State,away,17,False,us,them,1,10,1,False,False,False,"Penn State Penalty, UNS: Unsportsmanlike Conduct (Chop Robinson) to the ILL 38 for a 1ST down"
401520226,2023,Penn State,away,17,False,them,them,3,7,1,False,False,False,"Illinois Penalty, UNS: Unsportsmanlike Conduct (-15 Yards) to the ILL 22 for a 1ST down"
401520226,2023,Penn State,away,17,False,us,us,2,6,2,False,False,False,"PENALTY PSU False Start (Wallace,Caedan) 5 yards from ILL35 to ILL40. NO PLAY."
401520226,2023,Penn State,away,17,False,us,us,2,7,2,False,False,False,"Penn State Penalty, Personal Foul (-15 Yards) to the ILL 35"
401520226,2023,Penn State,away,17,False,us,us,2,10,2,False,False,False,"No Huddle-Shotgun Allen,Kaytron rush left for 6 yards gain to the PSU41 (Bush,Clayton), out of bounds PENALTY PSU Holding (Fashanu,Olumuyiwa) 10 yards from PSU3"
401520226,2023,Penn State,away,17,False,us,us,3,1,3,False,False,False,"PENALTY PSU False Start (Nourzad,Hunter) 5 yards from PSU37 to PSU32. NO PLAY."
401520226,2023,Penn State,away,17,False,them,them,3,10,3,False,False,False,"No Huddle-Shotgun Altmyer,Luke pass incomplete short right to Bryant,Pat PENALTY ILL Holding offsetting PSU Holding offsetting. NO PLAY."
401520226,2023,Penn State,away,17,False,them,them,3,10,3,False,False,False,"No Huddle-Shotgun Altmyer,Luke pass complete short middle to Bryant,Pat for 14 yards to the ILL38 (Jacobs,Curtis) PENALTY ILL Pass Interference (Bryant,Pat) 12 "
401520226,2023,Penn State,away,17,False,them,them,4,2,3,False,False,False,"PENALTY ILL Delay Of Game (Altmyer,Luke) 5 yards from ILL32 to ILL27. NO PLAY."
401520226,2023,Penn State,away,17,False,them,them,3,6,3,False,False,False,"PENALTY ILL False Start (Adams,Isaiah) 5 yards from ILL28 to ILL23. NO PLAY."
401520226,2023,Penn State,away,17,False,them,them,3,7,4,False,False,False,"PENALTY ILL False Start (Kreutz,Josh) 5 yards from PSU49 to ILL46. NO PLAY."
401520226,2023,Penn State,away,17,False,us,them,1,10,4,False,False,True,"No Huddle-Shotgun Paddock,John pass incomplete deep left to Elzy,Malik PENALTY PSU Pass Interference (Miller,Cam) 15 yards from PSU46 to PSU31, 1ST DOWN. NO PLA"
401520226,2023,Penn State,away,17,False,us,them,2,10,4,False,False,False,"No Huddle-Shotgun Paddock,John pass incomplete short left to Elzy,Malik PENALTY PSU Pass Interference (Tracy,Zion) 5 yards from ILL30 to ILL35, 1ST DOWN. NO PLA"
401520232,2023,Michigan,home,25,False,them,them,3,16,1,False,False,False,"Bowling Green Penalty, turnover on downs. PENALTY Illegal Forward Pass on ORTH, Camden enforced (-5 Yards) to the BGSU 21"
401520240,2023,Ohio State,home,53,False,them,them,3,4,1,False,False,True,"No Huddle-Shotgun Reed,Austin pass complete short right to Barry,Moussa for 5 yards to the OSU20, End Of Play PENALTY WKU Illegal Touch-Pass (Barry,Moussa). NO "
401520240,2023,Ohio State,home,53,False,us,us,1,10,2,False,False,True,"Ohio State Penalty, Offensive Holding (-10 Yards) to the WKU 35"
401520240,2023,Ohio State,home,53,False,us,them,2,8,2,False,False,True,"No Huddle-Shotgun Reed,Austin pass incomplete deep right to Hutchinson,K.D. PENALTY OSU Pass Interference (Hancock,Jordan) 15 yards from WKU27 to WKU42, 1ST DOW"
401520240,2023,Ohio State,home,53,False,them,them,1,10,2,False,False,False,"Western Kentucky Penalty, unsportsmanlike conduct (Markese Stepp) to the WKU 25"
401520240,2023,Ohio State,home,53,False,us,us,2,10,3,False,False,False,"PENALTY OSU False Start (Simmons,Josh) 5 yards from OSU20 to OSU15. NO PLAY."
401520240,2023,Ohio State,home,53,False,us,us,1,10,3,False,False,False,"PENALTY OSU Illegal Snap (Hinzman,Carson) 5 yards from OSU31 to OSU26. NO PLAY."
401520260,2023,Michigan,home,24,False,them,them,3,4,1,False,False,False,"Rutgers Penalty, False Start (-5 Yards) to the RUTG 22"
401520260,2023,Michigan,home,24,False,them,them,4,1,2,False,False,False,"Rutgers Penalty, False Start (-5 Yards) to the MICH 33"
401520260,2023,Michigan,home,24,False,us,us,4,2,2,False,False,False,"Michigan Penalty, Delay Of Game (-5 Yards) to the RUTG 24"
401520260,2023,Michigan,home,24,False,them,them,2,10,3,False,False,True,"Rutgers Penalty, False Start (-5 Yards) to the RUTG 20"
401520260,2023,Michigan,home,24,False,them,them,3,6,3,False,False,False,"Rutgers Penalty, False Start (-5 Yards) to the RUTG 24"
401520265,2023,Penn State,home,31,False,them,them,2,5,1,False,False,False,"Iowa Penalty, False Start (-5 Yards) to the PSU 30"
401520265,2023,Penn State,home,31,False,us,us,2,7,1,False,False,True,"Penn State Penalty, Offensive Holding (Hunter Nourzad) to the IOWA 30"
401520265,2023,Penn State,home,31,False,them,us,1,10,4,False,False,False,"Iowa Penalty, Offsides (Aaron Graves) to the IOWA 35"
401520265,2023,Penn State,home,31,False,us,us,1,10,4,False,False,False,"POTTS, Trey rush up the middle for a gain of 9 yards to the IOW10 (SCHULTE, Quinn;HURKETT, Ethan). PENALTY PSU Personal Foul on DONKOH, Anthony enforced 15 yard"
401520265,2023,Penn State,home,31,False,us,us,1,10,4,False,False,False,"MOULTON, Kamari rush up the middle for a loss of 4 yards to the IOW22 (ELSDON, Tyler). PENALTY PSU Offsides enforced 5 yards from the IOW26 to the IOW31. NO PLA"
401520286,2023,Michigan,away,38,False,them,them,2,6,1,False,False,False,"PENALTY NEB False Start (Corcoran,Turner) 5 yards from U-M17 to U-M22. NO PLAY."
401520286,2023,Michigan,away,38,False,them,them,3,2,3,False,False,False,"PENALTY NEB False Start (Grant,Anthony) 5 yards from U-M11 to U-M16. NO PLAY."
401520286,2023,Michigan,away,38,False,them,them,3,10,3,True,False,False,"Nebraska Penalty, Illegal Shift (Yards) declined"
401520286,2023,Michigan,away,38,False,them,us,3,8,3,False,False,True,"No Huddle-Shotgun Tuttle,Jack pass incomplete short right to Barner,AJ PENALTY NEB Offside (Robinson,Ty) NEB UNS: Unsportsmanlike Conduct (Sherman,MJ) 20 yards "
401520287,2023,Penn State,away,28,False,them,them,3,7,1,False,False,True,"Northwestern Penalty, False Start (-5 Yards) to the PSU 13"
401520287,2023,Penn State,away,28,False,us,us,4,1,1,False,False,True,"Penn State Penalty, False Start (-5 Yards) to the NU 41"
401520287,2023,Penn State,away,28,False,them,them,1,10,1,False,False,False,"BRYANT, Ben pass up the middle incomplete intended for JOHNSON, Cam thrown to the NU50. PENALTY NU Ineligible Receiver Downfield on Pass on TIERNAN, Caleb enfor"
401520287,2023,Penn State,away,28,False,us,them,1,10,2,False,False,True,"Penn State Penalty, Offsides (Coziah Izzard) to the PSU 30"
401520287,2023,Penn State,away,28,False,them,us,2,9,3,False,False,True,"Northwestern Penalty, Defensive Holding (Ore Adeyi) to the NU 3 for a 1ST down"
401520287,2023,Penn State,away,28,False,them,them,1,10,3,False,False,False,"Northwestern Penalty, Delay Of Game (-5 Yards) to the NU 17"
401520287,2023,Penn State,away,28,False,us,them,1,10,3,False,False,True,"BRYANT, Ben pass deep to the left incomplete intended for HENNING, A.J. thrown to the PSU36; QB hurried by FISHER, Zuriah. PENALTY PSU Unsportsmanlike Conduct o"
401520287,2023,Penn State,away,28,False,us,us,1,10,4,False,False,True,"Penn State Penalty, Offensive Holding (Sal Wormley) to the NU 24"
401520287,2023,Penn State,away,28,False,us,them,2,10,4,False,False,False,"Penn State Penalty, Offsides (Amin Vanover) to the NU 30"
401520307,2023,Ohio State,home,20,False,us,us,2,7,1,False,False,False,"Ohio State Penalty, Offensive Holding (-10 Yards) to the OSU 23"
401520307,2023,Ohio State,home,20,False,us,us,2,9,2,False,False,False,"PENALTY OSU False Start (Jones,Matthew) 5 yards from OSU39 to OSU34. NO PLAY."
401520307,2023,Ohio State,home,20,False,them,them,2,11,2,True,False,False,"Maryland Penalty, Offensive Holding (Yards) declined"
401520307,2023,Ohio State,home,20,False,us,us,3,5,2,False,False,True,"Ohio State Penalty, Intentional Grounding (Kyle McCord) to the MD 18"
401520307,2023,Ohio State,home,20,False,us,them,1,10,2,False,False,False,"No Huddle-Shotgun Tagovailoa,Taulia pass incomplete deep right to Felton,Tai PENALTY OSU Pass Interference (Burke,Denzel) 15 yards from UMD37 to OSU48, 1ST DOWN"
401520307,2023,Ohio State,home,20,False,us,us,2,28,4,False,False,True,PENALTY OSU Delay Of Game 5 yards from OSU39 to OSU34. NO PLAY.
401520307,2023,Ohio State,home,20,False,them,them,4,3,4,False,False,False,"Maryland Penalty, UNS: Unsportsmanlike Conduct (-15 Yards) to the MD 17 for a 1ST down"
401520307,2023,Ohio State,home,20,False,us,us,3,5,4,False,False,True,"No Huddle-Shotgun McCord,Kyle pass complete short middle to Harrison Jr.,Marvin for 12 yards to the UMD00 TOUCHDOWN nullified by penalty, clock 07:06 PENALTY OS"
401520321,2023,Michigan,home,45,False,them,them,3,7,1,False,False,False,"Indiana Penalty, False Start (-5 Yards) to the MICH 16"
401520321,2023,Michigan,home,45,False,them,them,2,10,2,False,False,False,"SORSBY, Brendan pass deep to the right complete for 37 yards to MCCULLEY, Donaven caught at the MIC38 and advanced to the MIC38, End of Play. PENALTY IU Face ma"
401520321,2023,Michigan,home,45,False,them,us,1,10,2,False,False,True,"Indiana Penalty, Unnecessary Roughness (Marcus Burris Jr.) to the IU 28 for a 1ST down"
401520321,2023,Michigan,home,45,False,us,us,3,5,3,False,False,True,"Michigan Penalty, False Start (Tyler Morris) to the MICH 46"
401520321,2023,Michigan,home,45,False,them,them,1,10,4,False,False,False,"Indiana Penalty, Delay Of Game (Tayven Jackson) to the IU 20"
401520322,2023,Penn State,home,63,False,us,them,2,13,2,False,False,False,"Penn State Penalty, Roughing the Passer enforced (15 Yards) to the MASS 47 for a 1ST down"
401520322,2023,Penn State,home,63,False,them,them,1,10,2,False,False,False,"Massachusetts Penalty, Offensive Holding (Christian Wells) to the MASS 9"
401520322,2023,Penn State,home,63,False,us,them,2,10,3,False,False,False,"Penn State Penalty, Delay Of Game (TEAM) to the MASS 45"
401520322,2023,Penn State,home,63,False,us,them,2,6,3,False,False,False,"Penn State Penalty, Offsides (Coziah Izzard) to the MASS 34"
401520322,2023,Penn State,home,63,False,them,them,2,10,3,False,False,False,"Massachusetts Penalty, False Start (Matt Smith) to the MASS 36"
401520322,2023,Penn State,home,63,False,them,us,1,10,4,False,False,True,"Massachusetts Penalty, Unsportsmanlike Conduct (Nahji Logan) to the MASS 34 for a 1ST down"
401520322,2023,Penn State,home,63,False,us,them,1,10,4,False,False,False,"HASTON, Ahmad pass to the left incomplete intended for SIMPSON, Anthony thrown to the MAS30. PENALTY PSU Roughing the Passer on LYONS, Jameial enforced 15 yards"
401520322,2023,Penn State,home,63,False,them,them,4,7,4,False,False,False,"Massachusetts Penalty, Illegal Substitution (TEAM) to the PSU 41"
401520322,2023,Penn State,home,63,False,us,them,1,10,4,False,False,False,"Penn State Penalty, Offsides (Zuriah Fisher) to the PSU 33"
401520322,2023,Penn State,home,63,False,them,them,3,1,4,False,False,False,"Massachusetts Penalty, False Start (Ethan Mottinger) to the PSU 34"
401520323,2023,Ohio State,away,34,False,us,them,1,10,2,False,False,False,"Ohio State Penalty, Offensive Holding (Josh Simmons) to the OSU 30"
401520323,2023,Ohio State,away,34,False,us,us,3,20,2,False,False,False,"Ohio State Penalty, Delay Of Game (Kyle McCord) to the OSU 25"
401520323,2023,Ohio State,away,34,False,them,them,2,2,2,False,False,False,"Direct snap to MOCKOBEE, Devin rush to the right for a loss of 2 yards to the OSU4 (SIMON, Cody). PENALTY PUR Holding on MILLER, Garrett enforced 10 yards from "
401520323,2023,Ohio State,away,34,False,them,us,1,10,3,False,False,True,"MCCORD, Kyle pass deep to the right incomplete intended for FLEMING, Julian thrown to the PUR10. PENALTY PUR Pass Interference on BROWN, Markevious enforced 15 "
401520323,2023,Ohio State,away,34,False,them,us,2,3,3,False,False,True,"MCCORD, Kyle pass short to the right incomplete intended for FLEMING, Julian thrown to the PUR0. PENALTY PUR Pass Interference on BROWN, Markevious enforced 1 y"
401520323,2023,Ohio State,away,34,False,us,them,4,9,3,False,False,False,"CARD, Hudson pass deep to the right incomplete intended for MILLER, Garrett thrown to the OSU10. PENALTY OSU Pass Interference on RANSOM, Lathan enforced 15 yar"
401520323,2023,Ohio State,away,34,False,us,us,1,10,3,False,False,True,"Ohio State Penalty, Delay Of Game (Kyle McCord) to the OSU 31"
401520323,2023,Ohio State,away,34,False,them,them,2,1,4,False,False,True,"Purdue Penalty, False Start (Jalen Grant) to the OSU 6"
401520323,2023,Ohio State,away,34,False,us,us,1,10,4,False,False,False,"Ohio State Penalty, Intentional Grounding (Kyle McCord) to the OSU 45"
401520323,2023,Ohio State,away,34,False,us,us,4,4,4,False,False,False,"Ohio State Penalty, Delay Of Game (Jesse Mirco) to the PUR 45"
401520323,2023,Ohio State,away,34,False,us,us,4,9,4,False,False,False,"Ohio State Penalty, Illegal Snap on FERLMANN, John enforced (-5 Yards) to the 50 yard line"
401520323,2023,Ohio State,away,34,False,us,us,3,8,4,False,False,False,"Ohio State Penalty, False Start (-5 Yards) to the OSU 33"
401520340,2023,Michigan,away,49,False,us,us,2,9,1,False,False,True,"Michigan Penalty, False Start (Blake Corum) to the MICH 29"
401520340,2023,Michigan,away,49,False,them,them,2,8,1,False,False,False,"HOUSER, Katin pass short to the right complete for 3 yards to BERGER, Jalen caught at the MSU47 and advanced to the MSU47 (COLSON, Junior). PENALTY MSU Holding "
401520340,2023,Michigan,away,49,False,us,us,2,4,2,False,False,False,"Michigan Penalty, False Start (Donovan Edwards) to the MSU 9"
401520340,2023,Michigan,away,49,False,us,them,1,10,3,False,False,True,"Michigan State Penalty, Illegal Snap on SAMAC, Nick enforced (Nick Samac) to the 50 yard line"
401520340,2023,Michigan,away,49,False,them,them,2,15,3,False,False,True,"HOUSER, Katin pass short to the left complete for 5 yards to FOSTER JR., Montorie caught at the UM47 and advanced to the UM45 (PAIGE, Makari). PENALTY MSU Ineli"
401520340,2023,Michigan,away,49,False,us,us,1,10,3,False,False,True,"Michigan State Penalty, Illegal use of the hands on HARMON, Derrick enforced (Derrick Harmon) to the MSU 38 for a 1ST down"
401520340,2023,Michigan,away,49,False,us,us,1,10,3,False,False,True,"Michigan State Penalty, Personal Foul (Dillon Tatum) to the MSU 23 for a 1ST down"
401520340,2023,Michigan,away,49,False,us,us,1,10,3,False,False,True,"Michigan State Penalty, Face mask (0 yards) (Derrick Harmon) to the MSU 11 for a 1ST down"
401520340,2023,Michigan,away,49,False,us,us,1,10,4,False,False,False,"Michigan State Penalty, False Start (-5 Yards) to the MSU 17"
401520340,2023,Michigan,away,49,False,us,them,3,14,4,False,False,False,"Michigan Penalty, Personal Foul (DJ Waller Jr.) to the MSU 47 for a 1ST down"
401520340,2023,Michigan,away,49,False,them,us,3,10,4,False,False,True,"HALL, Benjamin rush to the right for a gain of 1 yard to the MSU11 (MAJEED, Khalil;ALEXANDER, Aaron). PENALTY MSU Unnecessary Roughness on HANSEN, Maverick enfo"
401520343,2023,Ohio State,home,8,True,us,us,2,6,2,False,False,True,"Ohio State Penalty, Substitution Infraction (-5 Yards) to the PSU 26"
401520343,2023,Ohio State,home,8,True,them,us,3,11,2,False,False,True,"Penn State Penalty, Defensive Holding (10 Yards) to the PSU 16 for a 1ST down"
401520343,2023,Ohio State,home,8,True,us,us,1,10,3,False,False,False,"Ohio State Penalty, False Start (-5 Yards) to the OSU 16"
401520343,2023,Ohio State,home,8,True,us,us,2,13,3,False,False,False,"Ohio State Penalty, Offensive Holding (-9 Yards) to the OSU 9"
401520343,2023,Ohio State,home,8,True,us,them,2,12,3,False,False,False,"Ohio State Penalty, Offside (5 Yards) to the OSU 49"
401520343,2023,Ohio State,home,8,True,them,us,1,10,4,False,False,True,"Penn State Penalty, Face Mask (15 yards) (15 Yards) to the PSU 28 for a 1ST down"
401520343,2023,Ohio State,home,8,True,them,them,2,25,4,False,False,False,"Penn State Penalty, False Start (-5 Yards) to the PSU 43"
401520358,2023,Penn State,home,9,False,them,us,1,10,1,False,False,False,"Indiana Penalty, False Start (Aaron Casey) to the IU 4"
401520358,2023,Penn State,home,9,False,them,them,4,5,1,False,False,False,"Indiana Penalty, False Start (-5 Yards) to the IU 8"
401520358,2023,Penn State,home,9,False,us,us,2,1,2,False,False,False,"ALLAR, Drew scrambles to the right for no gain to the IND24 (MANGUM-FARRAR, Jacob), out of bounds. PENALTY PSU Holding on NELSON, JB enforced 10 yards from the "
401520358,2023,Penn State,home,9,False,us,us,2,5,2,False,False,True,"ALLAR, Drew pass to the left incomplete intended for JOHNSON, Theo thrown to the IND35. PENALTY PSU Pass Interference on JOHNSON, Theo enforced 15 yards to the "
401520358,2023,Penn State,home,9,False,us,them,1,10,2,False,False,False,"Penn State Penalty, Personal Foul (Kalen King) to the PSU 48 for a 1ST down"
401520358,2023,Penn State,home,9,False,us,us,3,4,2,False,False,True,"Penn State Penalty, Intentional Grounding (Drew Allar) to the IU 32"
401520358,2023,Penn State,home,9,False,them,them,1,10,4,False,False,True,"Indiana Penalty, False Start (Carter Smith) to the IU 28"
401520360,2023,Ohio State,away,14,False,us,them,2,6,1,False,False,False,"LOCKE, Braedyn pass to the left incomplete intended for DIKE, Chimere thrown to the WIS40. PENALTY OSU Holding on IGBINOSUN, Davison enforced 10 yards from the "
401520360,2023,Ohio State,away,14,False,them,them,3,5,1,False,False,False,"Wisconsin Penalty, Delay Of Game (Braedyn Locke) to the OSU 36"
401520360,2023,Ohio State,away,14,False,them,us,1,10,1,False,False,False,"Wisconsin Penalty, Offsides (5 Yards) to the WIS 19"
401520360,2023,Ohio State,away,14,False,them,us,3,1,1,False,False,False,"Wisconsin Penalty, Unsportsmanlike Conduct (Yards) to the WIS 9 for a 1ST down"
401520360,2023,Ohio State,away,14,False,us,us,1,10,2,False,False,False,"Ohio State Penalty, False Start (Gee Scott Jr.) to the WIS 44"
401520360,2023,Ohio State,away,14,False,us,them,2,2,2,False,False,True,"ALLEN, Braelon rush up the middle for no gain to the OSU44 (HALL JR., Mike). PENALTY OSU Offsides on TUIMOLOAU, JT enforced 5 yards from the OSU44 to the OSU39 "
401520360,2023,Ohio State,away,14,False,us,us,3,8,3,False,False,False,"Ohio State Penalty, Intentional Grounding (Kyle McCord) to the WIS 37"
401520360,2023,Ohio State,away,14,False,us,us,2,7,4,False,False,False,"Ohio State Penalty, False Start (Josh Simmons) to the OSU 42"
401520360,2023,Ohio State,away,14,False,us,us,3,8,4,False,False,False,"Ohio State Penalty, Intentional Grounding (Kyle McCord) to the OSU 48"
401520360,2023,Ohio State,away,14,False,them,us,1,10,4,False,False,False,"Wisconsin Penalty, False Start (Joe Huber) to the WIS 5"
401520367,2023,Penn State,away,36,False,us,us,1,10,1,False,False,False,"ALLAR, Drew pass short to the right complete for 5 yards to JOHNSON, Theo caught at the PSU42 and advanced to the PSU42 (BRADE, Beau). PENALTY PSU Holding on WA"
401520367,2023,Penn State,away,36,False,us,them,4,21,2,False,False,True,"SPANGLER, Colton punt 54 yards to the PSU0, Touchback, clock 10:09. PENALTY PSU Roughing the Kicker on CLIFFORD, Liam enforced 15 yards from the UMD46 to the PS"
401520367,2023,Penn State,away,36,False,us,them,1,10,2,True,False,True,"Penn State Penalty, illegal substitution (Kalen King) declined for a 1ST down"
401520367,2023,Penn State,away,36,False,them,them,2,6,2,False,False,False,"Maryland Penalty, Intentional Grounding (Taulia Tagovailoa) to the MD 29"
401520367,2023,Penn State,away,36,False,us,them,4,7,4,False,False,True,"TAGOVAILOA, Taulia pass to the left incomplete intended for HOWARD, Preston thrown to the UMD43, clock 12:58. PENALTY PSU Pass Interference on DIXON, Johnny enf"
401520367,2023,Penn State,away,36,False,us,them,1,10,4,False,False,True,"Penn State Penalty, Roughing the Passer on DENNIS-SUTTON, Dani enforced (Dani Dennis-Sutton) to the PSU 44 for a 1ST down"
401520367,2023,Penn State,away,36,False,us,them,0,0,4,False,False,True,"TAGOVAILOA, Taulia two-point conversion pass attempt to PRATHER, Kaden failed (incomplete); conversion is no good. PENALTY PSU Pass Interference on DIXON, Johnn"
401520368,2023,Michigan,home,28,False,them,us,1,10,2,False,False,True,"Purdue Penalty, Roughing the Passer on M'BA, Jeffrey enforced (Jeffrey M'Ba) to the PUR 43 for a 1ST down"
401520368,2023,Michigan,home,28,False,them,us,1,10,2,False,False,True,"Purdue Penalty, Unnecessary Roughness (15 Yards) to the PUR 28 for a 1ST down"
401520368,2023,Michigan,home,28,False,them,them,2,8,2,False,False,False,"CARD, Hudson pass to the left complete for 3 yards to BURKS, Deion caught at the PUR25 and advanced to the PUR30 (GRAHAM, Mason). PENALTY PUR Holding on SHEFFIE"
401520368,2023,Michigan,home,28,False,them,them,1,10,2,False,False,True,"CARD, Hudson pass short to the right incomplete intended for MILLER, Garrett thrown to the MIC11. PENALTY PUR Ineligible Receiver Downfield on Pass on MILLER, G"
401520368,2023,Michigan,home,28,False,them,them,3,1,3,False,False,False,"QB Keeper CARD, Hudson rush up the middle for a gain of 2 yards to the PUR29 (BARRETT, Michael). PENALTY PUR Chop Block on JOHNSON, Daniel enforced half the dis"
401520375,2023,Ohio State,away,19,False,us,them,1,10,3,False,False,True,"WIMSATT, Gavin pass to the right incomplete intended for WASHINGTON, Isaiah thrown to the RU31, clock 14:54. PENALTY OSU Pass Interference on PROCTOR, Josh enfo"
401520375,2023,Ohio State,away,19,False,us,them,2,20,3,False,False,True,"(12:22) WIMSATT, Gavin pass deep to the left incomplete intended for STRONG, Ian thrown to the OSU41, clock 12:17. PENALTY OSU Pass Interference on STYLES, Sonn"
401520375,2023,Ohio State,away,19,False,us,them,1,10,3,False,False,True,"MONANGAI, Kyle rush up the middle for a gain of 3 yards to the RU28 (WILLIAMS, Tyleik;CHAMBERS, Steele), clock 02:34. PENALTY OSU Offsides on JACKSON JR., Kenya"
401520375,2023,Ohio State,away,19,False,us,them,1,10,4,False,False,False,"(10:29) WIMSATT, Gavin pass up the middle incomplete broken up by SAWYER, Jack at the RU43, clock 10:28. PENALTY OSU Personal Foul on HALL JR., Mike enforced 15"
401520375,2023,Ohio State,away,19,False,us,them,1,10,4,False,False,False,"Ohio State Penalty, Unsportsmanlike Conduct (Tyleik Williams) to the OSU 26 for a 1ST down"
401520393,2023,Ohio State,home,35,False,them,us,2,10,1,False,False,True,"No Huddle-Shotgun McCord,Kyle pass incomplete short middle to Egbuka,Emeka, 1ST DOWN, PENALTY MSU Pass Interference (Mangham,Jaden) 11 yard from MSU46 to MSU35,"
401520393,2023,Ohio State,home,35,False,them,them,4,6,2,False,False,False,"Eckley,Ryan punt 53 yards to the OSU18 Ballard,Jayden return 9 yards to the OSU27, out of bounds at OSU27 PENALTY MSU Return From Out Of Bounds (Brown,Alante) 5"
401520393,2023,Ohio State,home,35,False,us,them,1,10,3,False,False,False,"No Huddle-Shotgun Houser,Katin pass incomplete deep left to Henry,Tyrell PENALTY OSU Pass Interference (Hartford,Malik) 15 yards from MSU40 to OSU45, 1ST DOWN. "
401520393,2023,Ohio State,home,35,False,them,them,2,10,3,False,False,False,"No Huddle-Shotgun Houser,Katin pass complete short right to Carr,Maliq for 9 yards to the OSU25 (Carter,Ja'Had; Simpson-Hunt,Calvin) PENALTY MSU Holding (Duplai"
401520393,2023,Ohio State,home,35,False,us,us,3,1,4,False,False,False,"No Huddle-Shotgun Pryor,Evan rush middle for 3 yards gain to the MSU16 (Talley,Ken) PENALTY OSU Illegal Formation 5 yards from MSU19 to MSU24. NO PLAY."
401520393,2023,Ohio State,home,35,False,them,them,3,4,4,False,False,False,PENALTY MSU False Start 5 yards from MSU30 to MSU25. NO PLAY.
401520393,2023,Ohio State,home,35,False,us,us,3,3,4,False,False,False,PENALTY OSU Delay Of Game 5 yards from MSU42 to MSU47. NO PLAY.
401520394,2023,Michigan,away,9,False,us,us,2,6,1,False,False,False,"Michigan Penalty, False Start (-5 Yards) to the MICH 36"
401520394,2023,Michigan,away,9,False,them,them,2,4,4,False,False,False,"Penn State Penalty, Intentional Grounding (Drew Allar) to the PSU 25"
401520394,2023,Michigan,away,9,False,them,us,1,10,4,False,False,False,"MCCARTHY, J.J. pass deep to the left incomplete intended for BARNER, AJ thrown to the PSU30. PENALTY PSU Pass Interference on KING, Kalen enforced 15 yards to t"
401520394,2023,Michigan,away,9,False,us,us,1,10,4,False,False,False,"Michigan Penalty, False Start (Karsen Barnhart) to the PSU 48"
401520394,2023,Michigan,away,9,False,them,them,1,10,4,False,False,True,"Penn State Penalty, False Start (Olumuyiwa Fashanu) to the MICH 16"
401520410,2023,Michigan,away,7,True,them,them,3,8,4,False,False,False,"Maryland Penalty, False Start (Kyle Long) to the MD 28"
401520410,2023,Michigan,away,7,True,them,us,2,6,4,False,False,False,"Maryland Penalty, Unsportsmanlike Conduct (15 Yards) to the MD 17 for a 1ST down"
401520415,2023,Ohio State,home,34,False,us,us,2,7,1,False,False,False,"Shotgun Henderson,TreVeyon rush left for 3 yards gain to the OSU09 (Stolsky,Tyler) PENALTY OSU Holding (Stover,Cade) 3 yards from OSU06 to OSU03. NO PLAY."
401520415,2023,Ohio State,home,34,False,us,us,1,10,2,False,False,False,PENALTY OSU False Start 5 yards from OSU21 to OSU16. NO PLAY.
401520415,2023,Ohio State,home,34,False,us,them,3,8,3,False,False,False,"Ohio State Penalty, UNS: Unsportsmanlike Conduct (15 Yards) to the MINN 29"
401520415,2023,Ohio State,home,34,False,us,them,1,10,4,False,False,True,"Ohio State Penalty, Defensive Holding (Gabe Powers) to the MINN 35 for a 1ST down"
401520417,2023,Penn State,home,21,False,them,them,4,1,2,False,False,False,"Rutgers Penalty, False Start (Curtis Dunlap Jr.) to the RUTG 29"
401520417,2023,Penn State,home,21,False,us,us,2,8,2,False,False,False,"Penn State Penalty, False Start (Theo Johnson) to the PSU 3"
401520417,2023,Penn State,home,21,False,them,them,1,10,4,False,False,False,"Rutgers Penalty, False Start (Gus Zilinskas) to the PSU 29"
401520434,2023,Michigan,home,6,True,us,them,2,10,1,False,False,True,"Michigan Penalty, Face mask (15 yards) (Derrick Moore) to the MICH 27 for a 1ST down"
401520434,2023,Michigan,home,6,True,us,them,1,10,2,False,False,True,"Michigan Penalty, Defensive Holding (Mason Graham) to the MICH 8 for a 1ST down"
401520434,2023,Michigan,home,6,True,us,them,1,10,4,False,False,False,"Michigan Penalty, Unsportsmanlike Conduct (Jaylen Harrell) to the MICH 11 for a 1ST down"
401520435,2023,Penn State,away,42,False,them,them,2,5,1,False,False,False,"Michigan State Penalty, False Start (-5 Yards) to the PSU 31"
401520435,2023,Penn State,away,42,False,us,us,1,10,1,False,False,False,"Penn State Penalty, False Start (Tyler Warren) to the MSU 33"
401520435,2023,Penn State,away,42,False,us,us,2,4,2,False,False,True,"ALLAR, Drew pass short to the left complete for 11 yards to JOHNSON, Theo caught at the MSU19 and advanced to the MSU10 (HALADAY, Cal). PENALTY PSU Holding on F"
401520435,2023,Penn State,away,42,False,them,them,1,10,2,False,False,False,"Michigan State Penalty, False Start (-5 Yards) to the MSU 20"
401520435,2023,Penn State,away,42,False,them,them,1,10,2,False,False,False,"Michigan State Penalty, Intentional Grounding (Alante Brown) to the PSU 38"
401520435,2023,Penn State,away,42,False,them,them,4,26,2,False,False,False,"Michigan State Penalty, False Start (Alante Brown) to the PSU 46"
401520435,2023,Penn State,away,42,False,us,us,4,5,2,False,False,False,"Penn State Penalty, Delay Of Game (TEAM) to the PSU 48"
401520435,2023,Penn State,away,42,False,us,us,1,10,4,False,False,True,"SINGLETON, Nicholas rush up the middle for no gain to the MSU11 (HANSEN, Maverick;TALLEY, Ken). PENALTY PSU Holding on WALLACE, Caedan enforced 10 yards from th"
401520435,2023,Penn State,away,42,False,them,them,3,8,4,False,False,False,"HOUSER, Katin pass short to the left complete for 16 yards to CARTER, Nate caught at the MSU30 and advanced to the MSU43 (ELLIS, Keaton). PENALTY MSU Holding on"
401521330,2023,Ohio State,away,3,True,us,us,2,10,1,False,False,False,"Ohio State Penalty, False Start (-5 Yards) to the 50 yard line"
401521330,2023,Ohio State,away,3,True,us,us,3,9,3,False,False,False,"MCCORD, Kyle pass to the right complete for 11 yards to EGBUKA, Emeka caught at the UND28 and advanced to the UND28 (LEWIS, Clarence;HARPER, Thomas). PENALTY OS"
401521330,2023,Ohio State,away,3,True,us,them,1,10,4,False,False,True,"HARTMAN, Sam pass deep to the left incomplete intended for MERRIWEATHER, Tobias thrown to the OSU5. PENALTY OSU Holding on IGBINOSUN, Davison enforced 10 yards "
401521330,2023,Ohio State,away,3,True,us,us,1,10,4,False,False,False,"Ohio State Penalty, False Start (Josh Simmons) to the ND 35"
401521330,2023,Ohio State,away,3,True,them,them,4,12,4,False,False,False,"Notre Dame Penalty, False Start (JD Bertrand) to the ND 27"
401521330,2023,Ohio State,away,3,True,us,us,2,10,4,False,False,True,"Ohio State Penalty, Intentional Grounding (Kyle McCord) to the ND 22"
401539480,2023,Michigan,away,26,False,us,us,4,2,1,False,False,True,"Michigan Penalty, False Start (Trente Jones) to the IOWA 36"
401539480,2023,Michigan,away,26,False,them,them,3,7,1,False,False,False,"Iowa Penalty, False Start (Nick DeJong) to the IOWA 35"
401539480,2023,Michigan,away,26,False,us,us,2,7,2,False,False,False,"Michigan Penalty, Offensive Holding (Trente Jones) to the MICH 41"
401539480,2023,Michigan,away,26,False,them,them,2,3,2,False,False,False,"Iowa Penalty, False Start (Nick DeJong) to the IOWA 26"
401539480,2023,Michigan,away,26,False,us,us,2,5,3,False,False,False,"Michigan Penalty, Offensive Holding (Roman Wilson) to the MICH 31"
401539480,2023,Michigan,away,26,False,them,them,2,2,4,False,False,False,"Iowa Penalty, False Start (Nick DeJong) to the IOWA 48"
401539480,2023,Michigan,away,26,False,them,them,4,7,4,False,False,False,"Iowa Penalty, False Start (Mason Richman) to the IOWA 43"
401628347,2024,Michigan,home,-19,False,them,them,2,8,1,False,False,False,"Texas Penalty, False Start (-5 Yards) to the TEX 21"
401628347,2024,Michigan,home,-19,False,them,them,1,10,1,False,False,False,"Texas Penalty, False Start (-5 Yards) to the MICH 28"
401628347,2024,Michigan,home,-19,False,us,us,1,10,1,False,False,False,"Michigan Penalty, False Start (-5 Yards) to the MICH 20"
401628347,2024,Michigan,home,-19,False,them,them,1,6,2,False,False,True,"Texas Penalty, False Start (-5 Yards) to the MICH 11"
401628347,2024,Michigan,home,-19,False,them,them,4,8,3,False,False,False,"Texas Penalty, Delay Of Game (TEAM) to the TEX 49"
401628347,2024,Michigan,home,-19,False,us,us,2,9,4,False,False,False,"Michigan Penalty, Offensive Holding (Dominick Giudice) to the MICH 14"
401628452,2024,Michigan,home,20,False,us,them,2,4,4,False,False,True,"Michigan Penalty, Face mask (15 yards) (TJ Guy) to the MICH 20 for a 1ST down"
401628452,2024,Michigan,home,20,False,them,them,1,10,4,False,False,True,"Fresno State Penalty, False Start (Braylen Nelson) to the 50 yard line"
401628452,2024,Michigan,home,20,False,us,them,0,0,4,False,False,True,"Michigan Penalty, Unsportsmanlike Conduct (Will Johnson) to the FRES 18"
401628452,2024,Michigan,home,20,False,us,them,1,10,4,False,False,True,"Michigan Penalty, Unsportsmanlike Conduct (Jaishawn Barham) to the MICH 45 for a 1ST down"
401628455,2024,Ohio State,home,46,False,us,us,3,1,1,False,False,False,"PENALTY OSU False Start (Tshabola,Tegra) 5 yards from OSU41 to OSU36. NO PLAY."
401628455,2024,Ohio State,home,46,False,us,them,1,10,1,False,False,True,"Ohio State Penalty, Personal Foul (Davison Igbinosun) to the AKR 42 for a 1ST down"
401628455,2024,Ohio State,home,46,False,us,us,3,3,2,False,False,True,"No Huddle-Shotgun Howard,Will pass complete short left to Egbuka,Emeka caught at AKRON40, for 14 yards to the AKRON26 (Nunnally,CJ) PENALTY OSU Illegal Formatio"
401628455,2024,Ohio State,home,46,False,us,them,3,6,3,False,False,False,"No Huddle-Shotgun Finley,Ben pass complete short right to Newell,Jake caught at AKRON34, for 5 yards to the AKRON34 (Burke,Denzel), out of bounds PENALTY OSU Of"
401628455,2024,Ohio State,home,46,False,us,us,3,1,4,False,False,False,"PENALTY OSU Illegal Snap (McLaughlin,Seth) 5 yards from OSU14 to OSU09. NO PLAY."
401628455,2024,Ohio State,home,46,False,us,them,1,10,4,False,False,True,PENALTY OSU Delay Of Game 5 yards from AKRON03 to AKRON08. NO PLAY.
401628457,2024,Penn State,away,22,False,us,them,2,21,1,False,False,False,"Penn State Penalty, Offsides (5 Yards) to the WVU 14"
401628457,2024,Penn State,away,22,False,us,us,2,10,2,False,False,True,"Penn State Penalty, False Start (-5 Yards) to the 50 yard line"
401628457,2024,Penn State,away,22,False,us,us,1,10,3,False,False,True,"Penn State Penalty, False Start (Anthony Donkoh) to the WVU 40"
401628457,2024,Penn State,away,22,False,us,us,1,10,3,False,False,False,"GREENE, Garrett pass to the left complete for 3 yards to GALLAGHER III, Rodney caught at the WVU19 and advanced to the WVU14 (ROJAS, Tony). PENALTY PSU Offsides"
401628457,2024,Penn State,away,22,False,us,them,1,5,3,False,False,False,"Penn State Penalty, Personal Foul (Abdul Carter) to the WVU 37 for a 1ST down"
401628457,2024,Penn State,away,22,False,us,them,3,9,3,False,False,False,"GREENE, Garrett pass up the middle incomplete intended for RAY, Traylon thrown to the PSU50. PENALTY PSU Offsides on DENNIS-SUTTON, Dani enforced 5 yards from t"
401628457,2024,Penn State,away,22,False,them,us,1,10,3,False,False,False,"ALLAR, Drew pass to the right incomplete intended for REYNOLDS, Luke thrown to the PSU12. PENALTY WVU Offsides on FRENCH, Ty enforced 5 yards from the PSU12 to "
401628457,2024,Penn State,away,22,False,us,them,2,15,4,False,False,True,"GREENE, Garrett pass to the left incomplete intended for WHITE, Jahiem thrown to the PSU20. PENALTY PSU Offsides on CARTER, Abdul enforced 5 yards from the PSU2"
401628457,2024,Penn State,away,22,False,us,them,1,10,4,False,False,False,"GREENE, Garrett pass deep to the right incomplete intended for ROBINSON, Justin thrown to the PSU32. PENALTY PSU Pass Interference on KIMBER, Jalen enforced 15 "
401628468,2024,Ohio State,home,56,False,us,us,1,10,1,False,False,True,"No Huddle-Shotgun Howard,Will sacked for loss of 3 yards to the OSU37 (Green,Isaiah) PENALTY OSU Holding (Siereveld,Austin) 10 yards from OSU40 to OSU30. NO PLA"
401628468,2024,Ohio State,home,56,False,us,them,1,10,1,False,False,False,"No Huddle-Shotgun Wolff,Hayden pass incomplete short left to Sambucci,Anthony thrown to WMU37 PENALTY OSU Pass Interference (Igbinosun,Davison) 15 yards from WM"
401628468,2024,Ohio State,home,56,False,them,them,2,10,1,False,False,False,"No Huddle-Shotgun Nixon,Jaden rush right for 7 yards gain to the WMU47 (Downs,Caleb) PENALTY WMU Holding (Sherwin,Jack) OSU Targeting offsetting 10 yards from W"
401628468,2024,Ohio State,home,56,False,us,us,1,10,3,False,False,False,"No Huddle-Shotgun Howard,Will pass complete short left to Smith,Jeremiah caught at OSU15, for 15 yards to the OSU21 (Wofford,Aaron) PENALTY OSU Ineligible Downf"
401628468,2024,Ohio State,home,56,False,us,us,1,10,4,False,False,False,"No Huddle-Shotgun Peoples,James rush left for 6 yards gain to the WMU26 (Willis,Donald) PENALTY OSU Holding (Michalski,Zen) 10 yards from WMU32 to WMU42. NO PLA"
401628468,2024,Ohio State,home,56,False,them,us,1,10,4,False,False,True,PENALTY WMU Offside 2 yards from WMU03 to WMU01. NO PLAY. (Austin Snyder KICK)
401628470,2024,Penn State,home,7,True,us,them,3,3,1,False,False,True,"BAZELAK, Connor pass deep to the right incomplete intended for SMITH, Rahkeem thrown to the PSU19. PENALTY PSU Pass Interference on MILLER, Cam enforced 15 yard"
401628470,2024,Penn State,home,7,True,us,them,3,6,1,False,False,True,"Penn State Penalty, Offsides (5 Yards) to the PSU 15"
401628470,2024,Penn State,home,7,True,us,us,3,7,1,False,False,False,"ALLAR, Drew pass deep to the right complete for 16 yards to WALLACE III, Harrison caught at the PSU44 and advanced to the PSU44, out of bounds. PENALTY PSU Hold"
401628470,2024,Penn State,home,7,True,them,them,2,1,2,False,False,False,"Bowling Green Penalty, Offsides (Finn Hogan) to the BGSU 29"
401628470,2024,Penn State,home,7,True,them,them,2,10,3,False,False,False,"Bowling Green Penalty, False Start (Alex Padgett) to the BGSU 28"
401628470,2024,Penn State,home,7,True,us,us,2,7,3,False,False,False,"Penn State Penalty, Offensive Pass Interference (Omari Evans) to the PSU 40"
401628470,2024,Penn State,home,7,True,us,them,3,9,4,False,False,False,"Penn State Penalty, Offsides (Amin Vanover) to the BGSU 25"
401628479,2024,Michigan,home,10,False,us,us,2,9,1,False,False,True,"Michigan Penalty, False Start (-5 Yards) to the MICH 20"
401628479,2024,Michigan,home,10,False,us,them,2,10,2,False,False,False,"Michigan Penalty, Offsides (Fredrick Moore) to the MICH 25"
401628479,2024,Michigan,home,10,False,them,them,2,5,2,False,False,False,"Arkansas State Penalty, False Start (-5 Yards) to the MICH 30"
401628489,2024,Michigan,home,3,True,them,them,2,10,1,False,False,False,"USC Penalty, False Start (Paige) to the USC 3"
401628489,2024,Michigan,home,3,True,them,us,1,10,2,False,False,False,Miller Moss pass to Kyron Hudson for 2 yards to the USC 10.  PENALTY USC Illegal Block in the Back (McRee) enforced half the distance from the goal
401628489,2024,Michigan,home,3,True,us,them,2,10,2,False,False,False,Miller Moss pass incomplete. PENALTY MICH Offsides on (Moore) enforced 5 yards
401628489,2024,Michigan,home,3,True,them,them,1,2,3,False,False,False,"USC Penalty, False Start (Alani Noa) to the MICH 7"
401628489,2024,Michigan,home,3,True,them,us,1,10,4,False,False,False,Miller Moss pass complete to Zachariah Branch for 2 yards to the MICH 16. PENALTY USC Holding (Eldridge) enforced 10 yards
401628489,2024,Michigan,home,3,True,them,them,3,8,4,False,False,False,"USC Penalty, False Start (-5 Yards) to the USC 35"
401628489,2024,Michigan,home,3,True,us,us,2,6,4,False,False,True,"Michigan Penalty, False Start (Dominick Giudice) to the MICH 10"
401628489,2024,Michigan,home,3,True,them,them,1,10,4,False,False,False,"USC Penalty, False Start (Mason Murphy) to the USC 31"
401628493,2024,Penn State,home,56,False,us,us,1,10,1,False,False,False,"(09:21) QB Keeper SHERROD, JD rush up the middle for a gain of 2 yards to the KENT43 (DELUCA, Dominic), clock 09:14. PENALTY PSU Offsides enforced 5 yards from "
401628493,2024,Penn State,home,56,False,us,them,1,10,1,False,False,False,"(02:33) QB Keeper SHERROD, JD rush up the middle for no gain to the KENT25 (ROJAS, Tony;FORD JR., Alonzo), clock 02:32. PENALTY PSU Face mask on ELSDON, Tyler e"
401628493,2024,Penn State,home,56,False,us,them,2,9,3,False,False,False,"(12:28) HARRIS, Ayden rush up the middle for a gain of 4 yards to the KENT30 (ELSDON, Tyler;J-THOMAS, Dvon), clock 12:25. PENALTY PSU Offsides on FORD JR., Alon"
401628493,2024,Penn State,home,56,False,them,us,3,5,3,False,False,False,"Kent State Penalty, Offsides (Oliver Billotte) to the PSU 48 for a 1ST down"
401628493,2024,Penn State,home,56,False,us,us,1,10,3,False,False,False,"(03:10) WALLACE, Cam rush to the left for a gain of 17 yards to the KENT35 (BAKA, Josh), clock 03:03. PENALTY PSU Holding on WILLIAMS, J'ven enforced 10 yards f"
401628493,2024,Penn State,home,56,False,us,us,3,4,3,False,False,False,"Penn State Penalty, Personal Foul (-15 Yards) to the PSU 39"
401628493,2024,Penn State,home,56,False,us,them,3,5,4,True,False,False,"(14:58) ULATOWSKI, Tommy pass up the middle incomplete intended for KELLEY, Jared thrown to the KENT44, clock 14:55. PENALTY PSU Offsides declined PSU Holding o"
401628493,2024,Penn State,home,56,False,them,us,1,10,4,False,False,True,"(03:48) PRIBULA, Beau pass to the left incomplete intended for DENMARK, Tyseer thrown to the KENT25, clock 03:43. PENALTY KENT Targeting on BROWN, Nylan enforce"
401628495,2024,Penn State,home,14,False,us,them,1,10,1,True,False,False,"(05:01) ALTMYER, Luke pass deep to the right incomplete intended for BRYANT, Pat thrown to the PSU19, clock 04:58. PENALTY PSU Offsides on VANOVER, Amin decline"
401628495,2024,Penn State,home,14,False,them,them,3,16,2,False,False,False,"Illinois Penalty, False Start (Kaden Feagin) to the ILL 12"
401628495,2024,Penn State,home,14,False,them,them,4,22,2,False,False,False,"Illinois Penalty, False Start (Alec Bryant) to the PSU 27"
401628495,2024,Penn State,home,14,False,them,them,3,14,2,False,False,False,"Illinois Penalty, Intentional Grounding (Luke Altmyer) to the PSU 22"
401628495,2024,Penn State,home,14,False,us,us,2,3,3,False,False,True,"Penn State Penalty, False Start (Drew Shelton) to the ILL 42"
401628495,2024,Penn State,home,14,False,them,us,3,1,3,False,False,True,"(10:45) ALLAR, Drew pass short to the right incomplete intended for REYNOLDS, Luke thrown to the ILL30; QB hurried by FARRELL, Pat, clock 10:41. PENALTY ILL Hol"
401628495,2024,Penn State,home,14,False,them,them,4,13,3,False,False,False,"Illinois Penalty, False Start (Alec Bryant) to the ILL 17"
401628495,2024,Penn State,home,14,False,them,us,1,10,4,False,False,False,"ALLAR, Drew pass deep to the left incomplete intended for EVANS, Omari thrown to the ILL13, clock 11:45. PENALTY ILL Pass Interference on BROOKS, Terrance enfor"
401628495,2024,Penn State,home,14,False,us,them,4,6,4,False,False,False,"(06:04) ALTMYER, Luke pass deep to the right incomplete intended for FRANKLIN, Zakhari broken up by KIMBER, Jalen at the PSU32, clock 06:00. PENALTY PSU Offside"
401628495,2024,Penn State,home,14,False,them,them,4,1,4,False,False,False,"Illinois Penalty, False Start (Alec Bryant) to the ILL 48"
401628495,2024,Penn State,home,14,False,them,them,3,15,4,False,False,False,"(00:40) ALTMYER, Luke pass short to the right complete for 7 yards to FEAGIN, Kaden caught at the PSU40 and advanced to the PSU36 (TRACY, Zion), clock 00:34. PE"
401628497,2024,Michigan,home,3,True,them,them,1,10,2,False,False,False,"Minnesota Penalty, false start (Greg Johnson) to the MINN 15"
401628497,2024,Michigan,home,3,True,them,them,2,10,2,False,False,False,"Minnesota Penalty, false start (Greg Johnson) to the MICH 37"
401628497,2024,Michigan,home,3,True,us,them,1,10,3,False,False,True,"Michigan Penalty, off-side (Rayshaun Benny) to the MICH 35"
401628497,2024,Michigan,home,3,True,them,them,3,6,4,False,False,True,"Minnesota Penalty, false start (Quinn Carroll) to the MICH 27"
401628498,2024,Ohio State,away,31,False,us,us,1,10,1,False,False,True,"Ohio State Penalty, Unnecessary Roughness (-15 Yards) to the MSU 21"
401628498,2024,Ohio State,away,31,False,us,us,1,10,2,False,False,True,"(09:21) HOWARD, Will pass short to the right complete for 2 yards to HENDERSON, TreVeyon caught at the OSU47 and advanced to the OSU47, out of bounds, clock 09:"
401628498,2024,Ohio State,away,31,False,them,them,1,10,2,False,False,False,"Michigan State Penalty, Illegal Forward Pass (Aidan Chiles) to the MSU 21"
401628498,2024,Ohio State,away,31,False,them,them,1,10,3,False,False,False,"CHILES, Aidan scrambles to the left for a gain of 17 yards to the MSU31 (IGBINOSUN, Davison), 1ST DOWN. PENALTY MSU Holding on LYNCH-ADAMS, Kay'Ron OSU Holding "
401628498,2024,Ohio State,away,31,False,us,us,1,10,3,False,False,True,"(07:43) HENDERSON, TreVeyon rush to the left for a gain of 1 yard to the OSU47 (HALADAY, Cal), clock 07:37. PENALTY OSU Holding on TSHABOLA, Tegra enforced 10 y"
401628498,2024,Ohio State,away,31,False,us,them,3,12,4,False,False,False,"Ohio State Penalty, Offsides (Mitchell Melton) to the MSU 31"
401628505,2024,Michigan,away,-10,False,us,us,2,6,1,False,False,False,"PENALTY MICH False Start (Persi,Jeffrey) 5 yards from MICH41 to MICH36. NO PLAY."
401628505,2024,Michigan,away,-10,False,them,us,3,9,1,False,False,False,"(08:08) PENALTY WASH Offside (Tunuufi,Voi) 5 yards from MICH50 to WASH45. NO PLAY."
401628505,2024,Michigan,away,-10,False,us,us,2,5,3,False,False,True,"(13:25) PENALTY MICH False Start (Morgan,Semaj) 5 yards from MICH43 to MICH38. NO PLAY."
401628505,2024,Michigan,away,-10,False,us,us,1,10,4,False,False,False,"(03:38) PENALTY MICH False Start (Priebe,Josh) 5 yards from MICH36 to MICH31. NO PLAY."
401628505,2024,Michigan,away,-10,False,us,them,3,8,4,True,False,True,"(02:29) Shotgun Rogers,Will pass incomplete deep left to Boston,Denzel thrown to MICH12 PENALTY MICH Roughing The Passer declined MICH Pass Interference (Johnso"
401628510,2024,Penn State,home,16,False,them,them,3,6,1,False,False,False,"UCLA Penalty, False Start (Niki Prongos) to the UCLA 24"
401628510,2024,Penn State,home,16,False,them,us,2,11,2,False,False,True,"UCLA Penalty, Offsides (Jay Toia) to the PSU 34"
401628510,2024,Penn State,home,16,False,us,us,3,1,2,False,False,True,"(13:06) ALLEN, Kaytron rush to the left for a gain of 9 yards to the PSU48 (MOORE, Kaylin), out of bounds, clock 13:01. PENALTY PSU Holding on DAWKINS, Nick enf"
401628510,2024,Penn State,home,16,False,them,us,1,10,3,False,False,True,"UCLA Penalty, Defensive Holding (Oluwafemi Oladejo) to the UCLA 26 for a 1ST down"
401628510,2024,Penn State,home,16,False,them,them,2,2,3,False,False,False,"(08:02) BERGER, Jalen rush up the middle for no gain to the UCLA33 (REED, Jaylen;IZZARD, Coziah), clock 07:58. PENALTY UCLA Holding on YOON, Sam enforced 10 yar"
401628510,2024,Penn State,home,16,False,them,us,1,10,3,False,False,True,"UCLA Penalty, Face mask (15 yards) (Kaylin Moore) to the UCLA 33 for a 1ST down"
401628515,2024,Ohio State,away,-1,True,us,us,2,12,1,False,False,False,"(05:11) PENALTY OSU False Start (Simmons,Josh) 5 yards from OSU23 to OSU18. NO PLAY."
401628515,2024,Ohio State,away,-1,True,us,us,3,11,1,False,False,False,"PENALTY OSU False Start (Scott Jr.,Gee) 5 yards from OSU24 to OSU19. NO PLAY."
401628515,2024,Ohio State,away,-1,True,us,us,4,13,1,False,False,False,"PENALTY OSU Delay Of Game (McGuire,Joe) 5 yards from OSU22 to OSU17. NO PLAY."
401628515,2024,Ohio State,away,-1,True,them,them,1,10,1,False,False,False,"(01:55) No Huddle-Shotgun Gabriel,Dillon pass complete short left to Holden,Traeshon caught at OSU32, for 0 yards to the OSU28, out of bounds at OSU28 PENALTY O"
401628515,2024,Ohio State,away,-1,True,us,them,1,10,2,False,False,True,"PENALTY OSU Personal Foul (Hancock,Jordan) 15 yards from ORE35 to ORE50. NO PLAY."
401628515,2024,Ohio State,away,-1,True,them,them,2,10,2,False,False,True,"PENALTY ORE UNS: Unsportsmanlike Conduct (Holden,Traeshon) 15 yards from OSU10 to OSU25. NO PLAY."
401628515,2024,Ohio State,away,-1,True,them,them,1,10,3,True,False,False,"Oregon Penalty, Ineligible Downfield on Pass (Yards) declined"
401628515,2024,Ohio State,away,-1,True,us,them,3,1,3,False,False,False,"(07:18) Shotgun Gabriel,Dillon pass incomplete short right to Sadiq,Kenyon thrown to OSU34 PENALTY OSU Pass Interference offsetting ORE Ineligible Downfield on "
401628515,2024,Ohio State,away,-1,True,us,us,1,10,4,False,False,True,"PENALTY OSU False Start (Michalski,Zen) 5 yards from ORE43 to ORE48. NO PLAY."
401628515,2024,Ohio State,away,-1,True,us,us,1,10,4,False,False,True,"PENALTY OSU False Start (Tshabola,Tegra) 5 yards from ORE19 to ORE24. NO PLAY."
401628515,2024,Ohio State,away,-1,True,us,them,2,8,4,False,False,True,"(02:21) No Huddle-Shotgun Gabriel,Dillon pass incomplete deep left to Stewart,Evan thrown to OSU00 PENALTY OSU Pass Interference (Hancock,Jordan) 15 yards from "
401628515,2024,Ohio State,away,-1,True,us,us,2,10,4,False,False,False,"(00:26) No Huddle-Shotgun Howard,Will pass complete short middle to Smith,Jeremiah caught at ORE21, for 0 yards to the ORE28 PENALTY OSU Pass Interference (Smit"
401628515,2024,Ohio State,away,-1,True,them,us,3,25,4,False,False,False,"(00:09) No Huddle-Shotgun Howard,Will pass incomplete short left to Smith,Jeremiah thrown to ORE30 broken up by Muhammad,Jabbar PENALTY ORE Illegal Substitution"
401628516,2024,Penn State,away,3,True,us,us,4,2,1,False,False,True,"(05:01) ALLAR, Drew pass short to the right complete for 2 yards to WARREN, Tyler caught at the USC1 and advanced to the USC0, TOUCHDOWN PSU, score nullified by"
401628516,2024,Penn State,away,3,True,us,us,4,3,1,False,False,False,"Penn State Penalty, False Start (-5 Yards) to the PSU 44"
401628516,2024,Penn State,away,3,True,them,us,1,10,2,False,False,False,"USC Penalty, Block below the waist on RAMSEY, Kamari enforced (Kamari Ramsey) to the PSU 46 for a 1ST down"
401628516,2024,Penn State,away,3,True,them,them,2,7,2,False,False,True,"(00:52) MARKS, Woody rush up the middle for a gain of 17 yards to the PSU10 (REED, Jaylen;WHEATLEY, Zakee), clock 00:45. PENALTY USC Block below the waist on LY"
401628516,2024,Penn State,away,3,True,them,them,3,11,3,False,False,False,"(10:45) MOSS, Miller pass deep to the right complete for 42 yards to ROBINSON, Duce caught at the PSU25 and advanced to the PSU4 (HARRIS, AJ), out of bounds, cl"
401628516,2024,Penn State,away,3,True,them,them,3,21,3,False,False,False,"USC Penalty, False Start (Alani Noa) to the USC 39"
401628516,2024,Penn State,away,3,True,them,us,2,4,4,False,False,True,"USC Penalty, Roughing the Passer on LUCAS, Anthony enforced (Anthony Lucas) to the USC 25 for a 1ST down"
401628516,2024,Penn State,away,3,True,us,us,1,10,4,False,False,True,"Penn State Penalty, False Start (Drew Shelton) to the USC 30"
401628518,2024,Michigan,away,-14,False,us,them,1,10,1,False,False,True,"PENALTY MICH Offside (Paige,Makari) 5 yards from MICH36 to MICH31. NO PLAY."
401628518,2024,Michigan,away,-14,False,them,them,2,10,1,False,False,False,"(11:00) No Huddle-Shotgun Altmyer,Luke pass complete short left to Beatty,Hank caught at MICH42, for 18 yards to the MICH42 (Hill,Jyaire), out of bounds PENALTY"
401628518,2024,Michigan,away,-14,False,us,them,2,4,1,False,False,False,"(03:49) No Huddle-Shotgun Altmyer,Luke sacked for loss of 5 yards to the ILL40 (Barham,Jaishawn) PENALTY MICH Personal Foul (Pierce,Trey) 15 yards from ILL45 to"
401628518,2024,Michigan,away,-14,False,us,them,3,6,1,False,False,False,"(02:09) No Huddle-Shotgun Altmyer,Luke pass incomplete short left to Franklin,Zakhari thrown to MICH27, 1ST DOWN, PENALTY MICH Pass Interference (Hall,Aamir) 7 "
401628518,2024,Michigan,away,-14,False,them,them,1,10,1,False,False,False,"(02:02) PENALTY ILL False Start (Davis,J.C.) 5 yards from MICH29 to MICH34. NO PLAY."
401628518,2024,Michigan,away,-14,False,us,them,1,10,2,False,False,True,"(13:47) No Huddle-Shotgun Altmyer,Luke pass incomplete short left to Franklin,Zakhari thrown to MICH09 PENALTY MICH Pass Interference (Hall,Aamir) 15 yards from"
401628518,2024,Michigan,away,-14,False,them,us,1,10,2,False,False,False,"(11:34) No Huddle-Shotgun Tuttle,Jack pass intercepted by Scott,Miles at MICH37 Scott,Miles return 35 yards to the MICH02 (Mullings,Kalel; Morris,Tyler), out of"
401628518,2024,Michigan,away,-14,False,us,them,1,10,2,False,False,True,"(08:05) Shotgun Altmyer,Luke pass incomplete short middle to Franklin,Zakhari thrown to MICH00, 1ST DOWN, PENALTY MICH Pass Interference (Berry,Zeke) 11 yard fr"
401628518,2024,Michigan,away,-14,False,them,them,1,10,4,False,False,False,"PENALTY ILL False Start (Davis,J.C.) 5 yards from ILL22 to ILL17. NO PLAY."
401628518,2024,Michigan,away,-14,False,them,them,4,8,4,False,False,False,PENALTY ILL Delay Of Game 5 yards from MICH47 to ILL48. NO PLAY.
401628529,2024,Michigan,home,7,True,them,them,4,2,1,False,False,False,"PENALTY MSU Delay Of Game (Chiles,Aidan) 5 yards from UOM02 to UOM07. NO PLAY."
401628529,2024,Michigan,home,7,True,them,them,1,10,3,False,False,False,"PENALTY MSU False Start (Parachek,Brennan) 5 yards from MSU13 to MSU08. NO PLAY."
401628529,2024,Michigan,home,7,True,them,us,2,7,4,False,False,True,"PENALTY MSU Targeting (Turner,Jordan) 15 yards from UOM43 to MSU42, 1ST DOWN. NO PLAY."
401628529,2024,Michigan,home,7,True,us,them,1,10,4,False,False,False,"Michigan State Penalty, Intentional Grounding (Aidan Chiles) to the MSU 35"
401628529,2024,Michigan,home,7,True,them,them,2,7,4,False,False,False,"PENALTY MSU False Start (Ramil,Stanton) 5 yards from UOM18 to UOM23. NO PLAY."
401628530,2024,Ohio State,home,4,True,them,us,3,6,1,False,False,True,"No Huddle-Shotgun Howard,Will pass incomplete deep left to Egbuka,Emeka thrown to NEB50 PENALTY NEB Pass Interference (Hartzog Jr.,Malcolm) 15 yards from OSU28 "
401628530,2024,Ohio State,home,4,True,them,them,3,3,2,False,False,False,"PENALTY NEB False Start (Bullock,Alex) 5 yards from NEB32 to NEB27. NO PLAY."
401628530,2024,Ohio State,home,4,True,us,them,1,10,2,False,False,True,"Shotgun Raiola,Dylan pass incomplete deep right to Lloyd,Jaylen thrown to NEB44 PENALTY OSU Pass Interference (Igbinosun,Davison) 15 yards from NEB24 to NEB39, "
401628530,2024,Ohio State,home,4,True,them,them,3,5,2,False,False,True,"Shotgun Raiola,Dylan pass incomplete deep left to Neyor,Isaiah thrown to OSU02 PENALTY NEB Pass Interference (Neyor,Isaiah) 15 yards from OSU30 to OSU45. NO PLA"
401628530,2024,Ohio State,home,4,True,us,them,3,7,3,False,False,True,"Shotgun Raiola,Dylan pass incomplete short left to Neyor,Isaiah thrown to OSU24 PENALTY OSU Pass Interference (Igbinosun,Davison) 6 yards from OSU30 to OSU24, 1"
401628530,2024,Ohio State,home,4,True,them,them,3,4,3,False,False,True,"Shotgun Johnson,Emmett rush middle for 3 yards gain to the OSU15 (Styles,Sonny; Igbinosun,Davison) PENALTY NEB Illegal Shift (Bullock,Alex) 5 yards from OSU18 t"
401628530,2024,Ohio State,home,4,True,them,them,4,7,4,False,False,False,"PENALTY NEB False Start (Wright,Ceyair) 5 yards from NEB28 to NEB23. NO PLAY."
401628530,2024,Ohio State,home,4,True,them,them,1,10,4,False,False,False,"Shotgun Raiola,Dylan pass complete deep left to Banks,Jahmal caught at NEB46, for 22 yards to the NEB46, End Of Play PENALTY NEB Pass Interference (Banks,Jahmal"
401628530,2024,Ohio State,home,4,True,us,them,1,22,4,False,False,False,"Shotgun Raiola,Dylan pass incomplete short middle to Banks,Jahmal thrown to NEB31 broken up by Reese,Arvell PENALTY OSU Targeting (Reese,Arvell) 15 yards from N"
401628530,2024,Ohio State,home,4,True,them,them,1,10,4,False,False,False,"PENALTY NEB False Start (Evans,Justin) 5 yards from NEB46 to NEB41. NO PLAY."
401628531,2024,Penn State,away,15,False,them,them,3,10,1,False,False,True,"Wisconsin Penalty, False Start (-5 Yards) to the WIS 20"
401628531,2024,Penn State,away,15,False,them,them,3,9,1,False,False,False,"(04:04) LOCKE, Braedyn pass up the middle complete for 23 yards to KEKAHUNA, Trech caught at the WIS47 and advanced to the PSU37 (WINSTON, Kevin), clock 03:57. "
401628531,2024,Penn State,away,15,False,us,us,0,0,2,False,False,True,"Penn State Penalty, False Start (-5 Yards) to the WIS 8"
401628531,2024,Penn State,away,15,False,us,us,1,10,2,False,False,False,"(05:38) SINGLETON, Nicholas rush to the right for a gain of 8 yards to the PSU39 (THOMAS, Jaheim), clock 05:47. PENALTY PSU Holding on DINKINS, Khalil enforced "
401628531,2024,Penn State,away,15,False,us,us,4,2,3,False,False,False,"Penn State Penalty, False Start (Olaivavega Ioane) to the WIS 44"
401628531,2024,Penn State,away,15,False,us,us,3,8,3,False,False,False,"Penn State Penalty, Delay Of Game (Dominic DeLuca) to the PSU 35"
401628539,2024,Ohio State,away,7,True,them,them,1,10,1,False,False,True,"Penn State Penalty, Ineligible Downfield on Pass (Sal Wormley) to the OSU 17"
401628539,2024,Ohio State,away,7,True,them,us,1,0,1,False,False,True,"Penn State Penalty, False Start (-5 Yards) to the OSU 8"
401628539,2024,Ohio State,away,7,True,them,us,1,0,1,False,False,True,"Penn State Penalty, Unsportsmanlike Conduct (Jaylen Reed) to the OSU 8"
401628539,2024,Ohio State,away,7,True,them,us,3,2,2,False,False,True,"Penn State Penalty, Defensive Offside (5 Yards) to the OSU 32 for a 1ST down"
401628541,2024,Michigan,away,-5,True,us,us,4,3,3,False,False,False,"Michigan Penalty, Delay Of Game (TEAM) to the IU 47"
401628541,2024,Michigan,away,-5,True,them,us,1,10,4,False,False,True,"Indiana Penalty, Personal Foul (Tyrique Tucker) to the IU 9 for a 1ST down"
401628545,2024,Ohio State,home,45,False,us,them,3,7,2,False,False,False,"Ohio State Penalty, UNS: Unsportsmanlike Conduct (Sonny Styles) to the OSU 43 for a 1ST down"
401628545,2024,Ohio State,home,45,False,us,them,4,6,3,False,False,False,"Shotgun Card,Hudson pass incomplete deep right to Edrine,Jahmal thrown to OSU15 PENALTY OSU Pass Interference (Igbinosun,Davison) 14 yards from OSU36 to OSU22, "
401628545,2024,Ohio State,home,45,False,us,them,2,4,4,False,False,False,"Shotgun Browne,Ryan pass incomplete deep right to Sowinski,Andrew thrown to OSU37 broken up by Styles Jr.,Lorenzo PENALTY OSU Pass Interference (Styles Jr.,Lore"
401628546,2024,Penn State,home,29,False,us,them,2,9,1,False,False,False,"Penn State Penalty, Offsides (5 Yards) to the WASH 48"
401628546,2024,Penn State,home,29,False,them,them,3,9,1,False,False,False,"Washington Penalty, False Start (-5 Yards) to the WASH 38"
401628546,2024,Penn State,home,29,False,us,them,3,14,1,False,False,False,"(12:02) ROGERS, Will pass to the left complete for 3 yards to LATU, Keleki caught at the WASH33 and advanced to the WASH41 (HARRIS, AJ), clock 11:55. PENALTY PS"
401628546,2024,Penn State,home,29,False,them,us,3,2,2,False,False,True,"Washington Penalty, Face mask (12 yards) (Ephesians Prysock) to the WASH 7 for a 1ST down"
401628546,2024,Penn State,home,29,False,us,them,0,0,3,False,False,False,"(15:00) GROSS, Grady kickoff 62 yards from the WASH35 to the PSU3, SINGLETON, Nicholas returned 97 yards to the WASH0 , TOUCHDOWN PSU, score nullified by penalt"
401628546,2024,Penn State,home,29,False,them,us,3,8,3,False,False,False,"Washington Penalty, Offsides (Leroy Bryant) to the PSU 40"
401628546,2024,Penn State,home,29,False,us,them,4,12,3,False,False,True,"(00:29) WILLIAMS JR., Demond pass deep to the right incomplete intended for DEGRAAF, Decker thrown to the PSU0, clock 00:21. PENALTY PSU Pass Interference on KI"
401628546,2024,Penn State,home,29,False,us,them,1,10,4,False,False,False,"(02:20) WILLIAMS JR., Demond pass deep to the left incomplete intended for BOSTON, Denzel thrown to the PSU0, clock 02:17. PENALTY PSU Pass Interference on COLL"
401628550,2024,Ohio State,away,24,False,them,them,2,8,2,False,False,False,"Northwestern Penalty, False Start (Thomas Gordon) to the NU 22"
401628550,2024,Ohio State,away,24,False,us,them,2,2,3,False,False,False,"Ohio State Penalty, Face mask (15 yards) (Ty Hamilton) to the OSU 39 for a 1ST down"
401628550,2024,Ohio State,away,24,False,us,them,1,10,3,False,False,False,"(07:18) LAUSCH, Jack pass up the middle incomplete intended for GORDON, Thomas broken up by IGBINOSUN, Davison at the OSU21, clock 07:16. PENALTY OSU Pass Inter"
401628552,2024,Penn State,away,39,False,us,us,2,2,1,False,False,True,"Penn State Penalty, False Start (Kaytron Allen) to the PSU 42"
401628552,2024,Penn State,away,39,False,them,them,2,1,2,False,False,False,"(00:20) CARD, Hudson scrambles up the middle for a gain of 13 yards to the PSU38, End of Play. PENALTY PUR Holding on MOUSSA, Mahamane enforced 10 yards from th"
401628552,2024,Penn State,away,39,False,them,them,1,10,3,False,False,False,"MERRIWEATHER, Jaheim rush to the left for a gain of 8 yards to the PSU48 (WHEATLEY, Zakee). PENALTY PUR Holding on KLARE, Max enforced 10 yards from the PUR44 t"
401628552,2024,Penn State,away,39,False,them,them,1,20,3,False,False,False,"MERRIWEATHER, Jaheim rush to the left for a loss of 1 yard to the PUR33 (CARTER, Abdul). PENALTY PUR Holding on STEWART, Corey enforced 10 yards from the PUR34 "
401628552,2024,Penn State,away,39,False,them,them,1,30,3,False,False,False,"(09:47) CARD, Hudson pass deep to the right complete for 47 yards to EDRINE, Jahmal caught at the PSU48 and advanced to the PSU29 (WHEATLEY, Zakee). PENALTY PUR"
401628552,2024,Penn State,away,39,False,us,them,1,10,4,False,False,True,"Penn State Penalty, Personal Foul (Dejuan Lane) to the PSU 25 for a 1ST down"
401628555,2024,Ohio State,home,23,False,us,them,2,7,1,False,False,True,"Rourke, Kurtis pass incomplete to Sarratt, Elijah, PENALTY OSU pass interference (Igbinosun, Davison) 15 yards to the OSU38, NO PLAY, 1ST DOWN IU."
401628555,2024,Ohio State,home,23,False,us,them,1,0,1,False,False,True,"Rourke, Kurtis pass incomplete to Williams, Ke'Shawn, PENALTY OSU pass interference (Igbinosun, Davison) 2 yards to the OSU2, NO PLAY, 1ST DOWN IU."
401628555,2024,Ohio State,home,23,False,us,us,1,10,1,False,False,False,"Howard, Will pass complete to Henderson, TreVeyon for no gain to the IU35, PENALTY OSU illegal block (Hinzman, Carson) 10 yards to the IU45, NO PLAY."
401628555,2024,Ohio State,home,23,False,them,them,3,1,2,False,False,False,"Indiana Penalty, False Start (James Bomba) to the IU 21"
401628555,2024,Ohio State,home,23,False,them,them,3,3,3,False,False,True,"Indiana Penalty, Delay of Game (-5 Yards) to the IU 27"
401628555,2024,Ohio State,home,23,False,us,us,2,10,4,False,False,True,"Ohio State Penalty, False Start (Tegra Tshabola) to the IU 30"
401628555,2024,Ohio State,home,23,False,us,them,1,10,4,False,False,True,"Rourke, Kurtis pass complete to Cooper Jr., Omar for 7 yards to the OSU17, PENALTY OSU substitution infraction 5 yards to the OSU19, NO PLAY."
401628555,2024,Ohio State,home,23,False,us,them,2,9,4,False,False,True,"Rourke, Kurtis pass incomplete to Cooper Jr., Omar, PENALTY OSU pass interference (Igbinosun, Davison) 11 yards to the OSU2, NO PLAY, 1ST DOWN IU."
401628557,2024,Michigan,home,44,False,us,them,1,10,4,False,False,False,"Michigan Penalty, unsportsmanlike conduct (Brandyn Hillman) to the MICH 49"
401628559,2024,Penn State,away,1,True,them,us,2,4,2,False,False,True,"(00:47) ALLAR, Drew pass deep to the right incomplete intended for WALLACE III, Harrison thrown to the MINN32; QB hurried by JOYNER, Jah, clock 00:41. PENALTY M"
401628559,2024,Penn State,away,1,True,us,them,3,9,3,False,False,True,"Penn State Penalty, Offsides (Coziah Izzard) to the PSU 46"
401628559,2024,Penn State,away,1,True,us,them,2,6,3,False,False,False,"Penn State Penalty, Offsides (Smith Vilbert) to the MINN 44"
401628565,2024,Penn State,home,37,False,them,them,2,8,1,False,False,False,"Maryland Penalty, False Start (Ruben Hyppolite II) to the MD 22"
401628565,2024,Penn State,home,37,False,us,them,1,10,1,False,False,False,"(09:16) ALLAR, Drew pass up the middle complete for 18 yards to WARREN, Tyler caught at the PSU38 and advanced to the PSU48 (HUSKEY, Jalen), clock 09:05. PENALT"
401628565,2024,Penn State,home,37,False,us,us,2,11,3,False,False,False,"Penn State Penalty, False Start (Omari Evans) to the PSU 38"
401628566,2024,Michigan,away,3,True,them,us,1,10,4,False,False,False,"Shotgun Bell,Kendrick pass incomplete deep right to Morris,Tyler thrown to OSU01 broken up by Burke,Denzel PENALTY OSU Pass Interference (Burke,Denzel) 15 yards"
401628566,2024,Michigan,away,3,True,them,us,3,2,4,False,False,True,"PENALTY OSU Illegal Substitution 4 yards from OSU09 to OSU05, 1ST DOWN. NO PLAY."
401673464,2024,Penn State,away,-8,True,them,them,2,0,1,False,False,True,"Oregon Penalty, Delay of Game (-5 Yards) to the PSU 8"
401673464,2024,Penn State,away,-8,True,us,us,2,10,1,False,False,True,"Penn State Penalty, False Start (-5 Yards) to the PSU 33"
401673464,2024,Penn State,away,-8,True,us,them,1,10,1,False,False,True,"Penn State Penalty, Unnecessary Roughness (15 Yards) to the ORE 40 for a 1ST down"
401673464,2024,Penn State,away,-8,True,us,us,2,4,2,False,False,False,"Penn State Penalty, Unnecessary Roughness (Olaivavega Ioane) to the PSU 16"
401673464,2024,Penn State,away,-8,True,them,us,3,7,2,False,False,True,"Allar, Drew pass incomplete to Warren, Tyler, PENALTY ORE pass interference (Lopa, Kingston) 4 yards to the PSU32, NO PLAY, 1ST DOWN PSU."
401752677,2025,Ohio State,home,7,True,them,them,1,10,1,False,False,False,"PENALTY TEX False Start (Wingo,Ryan) 5 yards from TEX49 to TEX44. NO PLAY."
401752677,2025,Ohio State,home,7,True,them,them,3,5,1,False,False,False,"PENALTY TEX False Start (Baker,Brandon) 5 yards from OSU46 to TEX49. NO PLAY."
401752677,2025,Ohio State,home,7,True,them,us,3,4,2,False,False,True,"Shotgun Sayin,Julian pass incomplete deep left to Inniss,Brandon thrown to TEX19 broken up by Littleton,Graceson PENALTY TEX Face Mask (Simmons,Colin) 15 yards "
401752677,2025,Ohio State,home,7,True,them,us,2,9,2,False,False,True,"Shotgun Sayin,Julian pass incomplete short right thrown to TEX10 PENALTY TEX Holding (Muhammad,Malik) 10 yards from TEX28 to TEX18, 1ST DOWN. NO PLAY."
401752677,2025,Ohio State,home,7,True,us,us,2,9,3,False,False,False,"Sayin,Julian rush right for 0 yards to the OSU02, out of bounds at OSU02 PENALTY OSU Holding offsetting TEX UNS: Unsportsmanlike Conduct offsetting. NO PLAY."
401752677,2025,Ohio State,home,7,True,them,them,1,10,3,False,False,False,"Texas Penalty, Offensive Holding (-10 Yards) to the TEX 45"
401752677,2025,Ohio State,home,7,True,us,us,1,10,4,False,False,True,"Donaldson Jr,CJ rush right for 5 yards gain to the TEX38 (Hill Jr.,Anthony) PENALTY OSU Illegal Formation 5 yards from TEX43 to TEX48. NO PLAY."
401752677,2025,Ohio State,home,7,True,us,us,1,10,4,False,False,False,"Shotgun Peoples,James rush middle for 3 yards gain to the OSU23 (Smith,Ty'Anthony) PENALTY OSU Holding (Montgomery,Luke) 10 yards from OSU20 to OSU10. NO PLAY."
401752677,2025,Ohio State,home,7,True,them,them,3,5,4,False,False,True,"PENALTY TEX False Start (Baker,Brandon) 5 yards from OSU27 to OSU32. NO PLAY."
401752690,2025,Michigan,away,-11,False,them,them,1,10,1,False,False,False,"Oklahoma Penalty, False Start (Derek Simmons) to the OU 3"
401752690,2025,Michigan,away,-11,False,them,us,2,10,1,False,False,False,"Haynes, Justice rush for loss of 5 yards to the MICH7, PENALTY OU face mask (Jones Jr., Marvin) 15 yards to the MICH27, NO PLAY, 1ST DOWN MICH."
401752690,2025,Michigan,away,-11,False,them,us,4,8,2,False,False,False,"Oklahoma Penalty, Roughing the Kicker (Sammy Omosigho) to the MICH 31 for a 1ST down"
401752690,2025,Michigan,away,-11,False,us,them,3,3,2,False,False,True,"Mateer, John pass incomplete to Burks, Deion, PENALTY MICH personal foul (Pierce, Trey) 15 yards to the OU42, NO PLAY, 1ST DOWN OU."
401752690,2025,Michigan,away,-11,False,us,us,1,10,3,False,False,False,"Underwood, Bryce rush for loss of 1 yard to the MICH16, PENALTY MICH holding (Norton, Brady) 7 yards to the MICH9, NO PLAY."
401752690,2025,Michigan,away,-11,False,them,us,1,10,4,False,False,False,"Underwood, Bryce pass incomplete, PENALTY OU offside (Thomas, R Mason) 5 yards to the MICH31, NO PLAY."
401752807,2025,Penn State,home,35,False,us,them,3,10,1,False,False,False,"PENALTY PSU Offside (Dennis-Sutton,Dani) 5 yards from NEV25 to NEV30. NO PLAY."
401752807,2025,Penn State,home,35,False,them,them,3,5,2,True,False,False,"Nevada Penalty, Offensive Holding (Yards) declined"
401752807,2025,Penn State,home,35,False,them,us,3,10,2,False,False,True,"PENALTY NEV Offside (Witte,Thomas) 5 yards from PSU42 to PSU47. NO PLAY."
401752807,2025,Penn State,home,35,False,us,us,1,10,3,False,False,True,"No Huddle-Shotgun Allar,Drew sacked for loss of 1 yard to the NEV36 (Ropati,Nelson) PENALTY PSU Holding (Shelton,Drew) 10 yards from NEV35 to NEV45. NO PLAY."
401752807,2025,Penn State,home,35,False,them,them,3,6,4,True,False,False,"Nevada Penalty, Offensive Pass Interference (Nathaneal Floyd) declined"
401752807,2025,Penn State,home,35,False,them,them,4,1,4,False,False,False,PENALTY NEV False Start 4 yards from NEV32 to NEV28. NO PLAY.
401752807,2025,Penn State,home,35,False,us,them,2,10,4,False,False,True,"Shotgun Bianco,AJ pass incomplete short right to Brown,Jordan thrown to PSU03 PENALTY PSU Pass Interference (Dinkins,Kolin) 15 yards from PSU19 to PSU04, 1ST DO"
401752807,2025,Penn State,home,35,False,them,them,1,4,4,False,False,True,"PENALTY NEV False Start (Scott,Trenton) 5 yards from PSU04 to PSU09. NO PLAY."
401752807,2025,Penn State,home,35,False,us,us,1,10,4,False,False,False,"PENALTY PSU Delay Of Game (Grunkemeyer,Ethan) 5 yards from PSU32 to PSU27. NO PLAY."
401752808,2025,Michigan,home,17,False,us,us,1,10,3,True,False,True,"Michigan Penalty, Illegal Formation (Yards) declined"
401752811,2025,Penn State,home,34,False,them,them,1,10,1,False,False,False,"Florida International Penalty, Delay of Game (-5 Yards) to the FIU 20"
401752811,2025,Penn State,home,34,False,them,us,1,10,1,False,False,True,"Florida International Penalty, Defensive Pass Interference (15 Yards) to the PSU 28 for a 1ST down"
401752811,2025,Penn State,home,34,False,them,them,2,5,1,False,False,False,"Owens, Kejon rush for 1 yard to the FIU31, PENALTY FIU holding 10 yards to the FIU20, NO PLAY."
401752811,2025,Penn State,home,34,False,them,them,2,9,3,False,False,False,"Florida International Penalty, Offensive Holding (-10 Yards) to the FIU 37"
401752815,2025,Ohio State,home,70,False,us,them,3,3,1,False,False,False,"PENALTY OSU Offside (Houston,Eddrick) 5 yards from GSU32 to GSU37, 1ST DOWN. NO PLAY."
401752815,2025,Ohio State,home,70,False,us,them,2,4,2,False,False,False,"PENALTY OSU Offside (Houston,Eddrick) 5 yards from OSU25 to OSU20, 1ST DOWN. NO PLAY."
401752815,2025,Ohio State,home,70,False,them,us,1,10,3,False,False,True,"Grambling Penalty, Face Mask (15 yards) (Jamal Jordan) to the GRAM 40 for a 1ST down"
401752815,2025,Ohio State,home,70,False,us,us,1,5,4,False,False,True,"Shotgun Jackson,Bo rush right for 8 yards gain to the GSU00 TOUCHDOWN nullified by penalty, clock 01:55 PENALTY OSU Illegal Formation 5 yards from GSU08 to GSU1"
401752827,2025,Ohio State,home,28,False,us,them,2,6,1,False,False,False,"PENALTY OSU Delay Of Game (Jackson Jr.,Kenyatta) 5 yards from OU13 to OU18. NO PLAY."
401752827,2025,Ohio State,home,28,False,us,us,2,4,1,False,False,True,"PENALTY OSU False Start (Tshabola,Tegra) 5 yards from OU22 to OU27. NO PLAY."
401752827,2025,Ohio State,home,28,False,them,us,2,6,2,False,False,True,"Ohio Penalty, (15 Yards) to the OHIO 27 for a 1ST down"
401752827,2025,Ohio State,home,28,False,us,us,1,10,2,False,False,True,"Ohio State Penalty, unsportsmanlike conduct (Yards) to the OHIO 27"
401752827,2025,Ohio State,home,28,False,us,them,2,9,2,False,False,True,"No Huddle-Shotgun Poulos,Nick pass incomplete short right thrown to OSU25 QB hurried by Atkinson,Beau PENALTY OSU Holding (Igbinosun,Davison) 10 yards from OSU3"
401752827,2025,Ohio State,home,28,False,us,us,1,10,3,False,False,True,PENALTY OSU Delay Of Game 5 yards from OU11 to OU16. NO PLAY.
401752827,2025,Ohio State,home,28,False,them,them,3,4,4,True,False,False,"Ohio Penalty, (Yards) declined"
401752835,2025,Penn State,home,46,False,us,them,2,8,1,False,False,False,"Penn State Penalty, Defensive Offside (Zuriah Fisher) to the VILL 26"
401752835,2025,Penn State,home,46,False,us,them,3,1,1,False,False,False,"Penn State Penalty, Delay of Game (Dani Dennis-Sutton) to the VILL 33 for a 1ST down"
401752835,2025,Penn State,home,46,False,us,us,1,10,1,False,False,False,"Penn State Penalty, False Start (Nolan Rucci) to the VILL 49"
401752835,2025,Penn State,home,46,False,them,them,4,9,1,False,False,False,"Villanova Penalty, Delay of Game (Luke Larsen) to the VILL 5"
401752835,2025,Penn State,home,46,False,us,us,1,10,2,False,False,True,"Penn State Penalty, False Start (-5 Yards) to the VILL 20"
401752835,2025,Penn State,home,46,False,them,them,3,4,4,False,False,True,"Villanova Penalty, False Start (Brandon Binkowski) to the PSU 27"
401752835,2025,Penn State,home,46,False,us,them,3,9,4,False,False,True,"Penn State Penalty, Defensive Offside (Yvan Kemajou) to the PSU 22"
401752835,2025,Penn State,home,46,False,them,them,4,0,4,False,False,True,"Villanova Penalty, False Start (Isaiah Wright) to the PSU 8"
401752839,2025,Michigan,home,60,False,them,us,1,8,1,False,False,True,"(11:02) No Huddle-Shotgun Underwood,Bryce pass incomplete short right to McCulley,Donaven thrown to CMU00 PENALTY CMU Pass Interference (Deasfernandes,Brenden) "
401752846,2025,Michigan,away,3,True,them,them,3,3,2,False,False,False,"(15:00) PENALTY NEB False Start (Pritchett,Elijah) 5 yards from NEB32 to NEB27. NO PLAY."
401752846,2025,Michigan,away,3,True,them,them,4,1,3,False,False,False,PENALTY NEB Delay Of Game 4 yards from NEB12 to NEB08. NO PLAY.
401752846,2025,Michigan,away,3,True,us,us,1,10,3,True,False,True,"Michigan Penalty, Illegal Formation (Yards) declined"
401752846,2025,Michigan,away,3,True,them,them,3,14,3,False,False,True,"(00:05) No Huddle-Shotgun Raiola,Dylan pass complete deep right to Hunter,Nyziah caught at U-M00, for 0 yards to the U-M20 PENALTY NEB Illegal Touch-Pass (Hunte"
401752846,2025,Michigan,away,3,True,them,them,2,10,4,True,False,True,"Nebraska Penalty, Illegal Touch-Pass (Yards) declined"
401752852,2025,Ohio State,away,18,False,them,them,1,10,1,False,False,False,"Washington Penalty, (Yards) to the WASH 12"
401752852,2025,Ohio State,away,18,False,them,them,3,5,1,False,False,False,"Washington Penalty, (-8 Yards) to the WASH 9"
401752852,2025,Ohio State,away,18,False,us,us,3,6,2,False,False,True,"(01:14) PENALTY OSU False Start (Tshabola,Tegra) 5 yards from WASHJ13 to WASHJ18. NO PLAY."
401752852,2025,Ohio State,away,18,False,us,us,1,10,3,False,False,True,"Ohio State Penalty, Personal Foul (-15 Yards) to the WASH 35"
401752852,2025,Ohio State,away,18,False,us,us,1,10,4,False,False,True,"(15:00) Shotgun Sayin,Julian pass incomplete deep left to Klare,Max thrown to WASHJ01 PENALTY OSU Holding (Daniels,Phillip) 10 yards from WASHJ21 to WASHJ31. NO"
401752852,2025,Ohio State,away,18,False,us,them,3,3,4,False,False,False,"Ohio State Penalty, UNS: Unsportsmanlike Conduct (Caden Curry) to the WASH 45 for a 1ST down"
401752854,2025,Penn State,home,-6,True,them,them,4,1,1,False,False,False,"PENALTY ORE False Start (Johnson,Jamari) 4 yards from ORE45 to ORE41. NO PLAY."
401752854,2025,Penn State,home,-6,True,us,us,1,10,2,False,False,False,"PENALTY PSU False Start (Dawkins,Nick) 5 yards from ORE46 to PSU49. NO PLAY."
401752854,2025,Penn State,home,-6,True,them,them,1,10,2,False,False,False,"(00:37) No Huddle-Shotgun Moore,Dante pass complete short right to Whittington,Noah caught at ORE42, for 6 yards to the ORE43 (Collins,Audavion), out of bounds "
401752854,2025,Penn State,home,-6,True,them,them,2,3,3,False,False,True,"PENALTY ORE False Start (Sadiq,Kenyon) 5 yards from ORE27 to ORE22. NO PLAY."
401752854,2025,Penn State,home,-6,True,them,them,2,3,3,False,False,True,"Oregon Penalty, False Start (Kenyon Sadiq) to the ORE 22"
401752854,2025,Penn State,home,-6,True,them,them,3,6,4,False,False,False,"PENALTY ORE UNS: Unsportsmanlike Conduct (Harkey,Alex) 15 yards from ORE40 to ORE25. NO PLAY."
401752854,2025,Penn State,home,-6,True,them,them,3,6,4,False,False,False,"Oregon Penalty, Unsportsmanlike Conduct (Alex Harkey) to the ORE 25"
401752854,2025,Penn State,home,-6,True,us,us,2,7,4,False,False,True,"PENALTY PSU False Start (Dawkins,Nick) 5 yards from ORE27 to ORE32. NO PLAY."
401752854,2025,Penn State,home,-6,True,us,us,2,7,4,False,False,True,"Penn State Penalty, False Start (Nick Dawkins) to the ORE 32"
401752855,2025,Penn State,away,-5,True,them,them,3,10,2,False,False,True,"UCLA Penalty, false start (Reuben Unije) to the PSU 25"
401752855,2025,Penn State,away,-5,True,them,them,1,10,3,False,False,False,"UCLA Penalty, false start (Sam Yoon) to the PSU 43"
401752855,2025,Penn State,away,-5,True,them,them,1,10,3,False,False,True,"UCLA Penalty, false start (Garrett DiGiorgio) to the PSU 8"
401752855,2025,Penn State,away,-5,True,us,them,4,1,4,False,False,True,"Penn State Penalty, off-side (Zane Durant) to the PSU 25 for a 1ST down"
401752855,2025,Penn State,away,-5,True,us,us,2,2,4,False,False,True,"Penn State Penalty, false start (Dominic DeLuca) to the PSU 39"
401752855,2025,Penn State,away,-5,True,us,us,1,10,4,False,False,False,"Penn State Penalty, false start (Nick Dawkins) to the UCLA 37"
401752856,2025,Michigan,home,14,False,them,us,1,10,1,False,False,True,"(08:10) No Huddle Underwood,Bryce pass incomplete deep right to McCulley,Donaven thrown to WIS37 PENALTY WIS Pass Interference (Hallman,Ricardo) 15 yards from U"
401752856,2025,Michigan,home,14,False,them,us,1,10,1,False,False,False,"PENALTY WIS Offside (Lane Jr.,Brandon) 5 yards from UOM02 to UOM07. NO PLAY."
401752856,2025,Michigan,home,14,False,them,us,1,1,4,False,False,True,"PENALTY WIS Offside (Alliegro,Christian). NO PLAY."
401752856,2025,Michigan,home,14,False,them,them,3,3,4,False,False,True,"(03:53) PENALTY WIS False Start (Kodanko,Kerry) 5 yards from UOM05 to UOM10. NO PLAY."
401752859,2025,Ohio State,home,39,False,us,us,4,3,2,False,False,False,"PENALTY OSU False Start (Scott Jr.,Aaron) 5 yards from MINN49 to OSU46. NO PLAY."
401752859,2025,Ohio State,home,39,False,them,them,3,12,2,False,False,False,PENALTY MINN Delay Of Game 5 yards from MINN19 to MINN14. NO PLAY.
401752859,2025,Ohio State,home,39,False,us,us,2,1,3,False,False,False,"PENALTY OSU False Start (Kacmarek,Will) 5 yards from MINN49 to OSU46. NO PLAY."
401752859,2025,Ohio State,home,39,False,us,us,3,12,3,False,False,False,"Shotgun Sayin,Julian rush right for 7 yards gain to the MINN41 (Karmo,Emmanuel), out of bounds PENALTY OSU Holding (Hinzman,Carson) 10 yards from MINN48 to OSU4"
401752859,2025,Ohio State,home,39,False,us,them,1,10,4,False,False,False,"Ohio State Penalty, UNS: Unsportsmanlike Conduct (Sonny Styles) to the MINN 39 for a 1ST down"
401752865,2025,Ohio State,away,18,False,us,us,1,10,1,False,False,False,"(00:56) Shotgun Sayin,Julian pass complete short middle to Klare,Max caught at OSU45, for 0 yards to the OSU39 (Hood,Malachi; Rosiek,Dylan) PENALTY OSU Illegal "
401752865,2025,Ohio State,away,18,False,us,them,1,10,2,False,False,False,"(14:22) No Huddle-Shotgun Altmyer,Luke pass incomplete short middle to Dixon,Collin thrown to ILL26, 1ST DOWN, PENALTY OSU Pass Interference (Igbinosun,Davison)"
401752865,2025,Ohio State,away,18,False,them,them,1,10,2,False,False,True,"(03:48) PENALTY ILL False Start (Kreutz,Josh) 5 yards from ILL25 to ILL20. NO PLAY."
401752865,2025,Ohio State,away,18,False,them,them,3,1,2,False,False,True,"PENALTY ILL False Start (Abney,Christian) 5 yards from OSU01 to OSU06. NO PLAY."
401752865,2025,Ohio State,away,18,False,us,us,4,4,2,False,False,False,PENALTY OSU Delay Of Game 5 yards from OSU31 to OSU26. NO PLAY.
401752865,2025,Ohio State,away,18,False,them,us,3,5,3,False,False,True,"Illinois Penalty, Defensive Offside (Gabe Jacas) to the ILL 33"
401752865,2025,Ohio State,away,18,False,them,them,2,10,4,False,False,False,"PENALTY ILL False Start (Kreutz,Josh) 5 yards from ILL29 to ILL24. NO PLAY."
401752865,2025,Ohio State,away,18,False,us,us,4,4,4,False,False,False,PENALTY OSU Delay Of Game 5 yards from OSU29 to OSU24. NO PLAY.
401752865,2025,Ohio State,away,18,False,us,them,1,10,4,False,False,True,"(04:34) No Huddle-Shotgun Altmyer,Luke pass incomplete short left to Bowick,Justin thrown to OSU00, 1ST DOWN, PENALTY OSU Pass Interference (Mathews Jr.,Jermain"
401752866,2025,Penn State,home,-1,True,them,them,4,3,3,False,False,False,"Northwestern Penalty, delay of game (Luke Akers) to the NU 39"
401752868,2025,Michigan,away,-18,False,them,them,3,10,4,False,False,True,"(11:10) No Huddle-Shotgun Maiava,Jayden rush left for 4 yards gain to the UM32 (Metcalf,TJ), out of bounds PENALTY USC Holding (Banuelos,Micah) 10 yards from UM"
401752873,2025,Michigan,home,17,False,them,them,2,7,1,False,False,False,"PENALTY WASH False Start (Hatchett,Geirean) 5 yards from UOM34 to UOM39. NO PLAY."
401752873,2025,Michigan,home,17,False,them,them,1,10,2,False,False,False,"PENALTY WASH False Start (DeGraaf,Decker) 5 yards from UOM38 to UOM43. NO PLAY."
401752873,2025,Michigan,home,17,False,them,them,3,9,2,False,False,False,"PENALTY WASH False Start (Azzopardi,Drew) 5 yards from UOM37 to UOM42. NO PLAY."
401752873,2025,Michigan,home,17,False,them,them,1,10,3,False,False,False,"(06:43) Shotgun Williams Jr.,Demond pass incomplete short right to Coleman,Jonah thrown to WASH24 broken up by Hausmann,Ernest PENALTY WASH Holding (DeGraaf,Dec"
401752875,2025,Penn State,away,-1,True,them,us,4,1,1,False,False,True,"(09:04) Shotgun Allen,Kaytron rush middle for 0 yards to the Iowa01 (Nwankpa,Xavier; Hurkett,Ethan) PENALTY Iowa Offside. NO PLAY."
401752875,2025,Penn State,away,-1,True,them,them,1,10,1,False,False,False,"(02:12) PENALTY Iowa False Start (Large,Hayden) 5 yards from PSU35 to PSU40. NO PLAY."
401752875,2025,Penn State,away,-1,True,us,us,3,8,2,False,False,False,"Penn State Penalty, Intentional Grounding (-9 Yards) to the PSU 21"
401752875,2025,Penn State,away,-1,True,us,them,2,8,2,False,False,True,"Penn State Penalty, Personal Foul (Dominic DeLuca) to the IOWA 44 for a 1ST down"
401752875,2025,Penn State,away,-1,True,them,us,3,14,3,False,False,True,"(10:55) Shotgun Grunkemeyer,Ethan pass incomplete deep middle to Ross,Devonte thrown to Iowa00 PENALTY Iowa Pass Interference (Entringer,Koen) 15 yards from Iow"
401752877,2025,Ohio State,away,34,False,us,us,2,11,1,False,False,True,"(09:19) PENALTY OSU False Start (Tshabola,Tegra) 5 yards from WIS33 to WIS38. NO PLAY."
401752877,2025,Ohio State,away,34,False,us,them,2,11,2,False,False,False,"(14:26) Shotgun Simmons,Hunter pass incomplete short right to Anthony II,Vinny thrown to WIS34 PENALTY OSU Pass Interference (Sanchez,Devin) 10 yards from WIS25"
401752877,2025,Ohio State,away,34,False,them,them,3,17,2,False,False,False,PENALTY WIS False Start 5 yards from OSU40 to OSU45. NO PLAY.
401752877,2025,Ohio State,away,34,False,us,us,1,10,2,False,False,False,"PENALTY OSU False Start (Inniss,Brandon) 5 yards from WIS43 to WIS48. NO PLAY."
401752877,2025,Ohio State,away,34,False,us,us,3,9,3,True,False,True,"Ohio State Penalty, Illegal Formation (Yards) declined"
401752877,2025,Ohio State,away,34,False,us,us,3,7,3,False,False,True,"(09:58) PENALTY OSU False Start (Daniels,Phillip) 5 yards from WIS21 to WIS26. NO PLAY."
401752877,2025,Ohio State,away,34,False,them,them,3,6,4,False,False,False,PENALTY WIS False Start 5 yards from WIS50 to WIS45. NO PLAY.
401752881,2025,Michigan,away,11,False,them,them,4,8,1,False,False,False,PENALTY MSU Delay Of Game  5 yards from MSU27 to MSU22. NO PLAY
401752881,2025,Michigan,away,11,False,them,them,4,13,1,False,False,False,PENALTY MSU False Start (#32 E.Young) 5 yards from MSU22 to MSU17. NO PLAY
401752881,2025,Michigan,away,11,False,them,us,2,7,1,False,False,True,No Huddle-Shotgun #19 B.Underwood pass incomplete deep left to #1 D.McCulley thrown to MSU40 PENALTY MSU Pass Interference (#14 M.Bell) 15 yards from UM40 to MS
401752881,2025,Michigan,away,11,False,them,them,1,10,2,False,False,True,PENALTY MSU False Start (#65 S.Ramil) 5 yards from MSU27 to MSU22. NO PLAY
401752881,2025,Michigan,away,11,False,them,them,2,2,2,False,False,True,Shotgun #13 C.McCray rush left for 0 yards to the UM02 (#20 J.Hill) PENALTY MSU Personal Foul (#4 E.Tau-Tolliver) 15 yards from UM02 to UM17. NO PLAY
401752881,2025,Michigan,away,11,False,them,us,3,8,3,False,False,True,"No Huddle-Shotgun #19 B.Underwood sacked for loss of 19 yards to the MSU40 (#14 M.Bell), fumble by #19 B.Underwood recovered by MSU #5 J.Hall at MSU40, End Of P"
401752881,2025,Michigan,away,11,False,them,them,1,10,4,False,False,True,PENALTY MSU False Start (#72 C.Carter) 5 yards from MSU25 to MSU20. NO PLAY
401752881,2025,Michigan,away,11,False,them,them,1,15,4,False,False,True,PENALTY MSU False Start (#58 C.Moore) 5 yards from MSU20 to MSU15. NO PLAY
401752889,2025,Ohio State,home,24,False,them,us,2,9,1,False,False,True,"Shotgun #10 J.Sayin pass incomplete deep left to #1 B.Inniss thrown to PSU45 PENALTY PSU Roughing The Passer (#28 Z.Durant) 15 yards from OSU26 to OSU41, 1ST DO"
401752889,2025,Ohio State,home,24,False,them,us,3,12,3,False,False,True,"Shotgun #10 J.Sayin pass incomplete deep middle to #86 M.Klare thrown to PSU03 PENALTY PSU Pass Interference (#4 A.Harris) 15 yards from PSU23 to PSU08, 1ST DOW"
401752889,2025,Ohio State,home,24,False,us,them,1,10,4,False,False,False,No Huddle-Shotgun #17 E.Grunkemeyer pass incomplete deep middle to #16 K.Dinkins thrown to OSU14 PENALTY OSU UNR: Unnecessary Roughness (#2 C.Downs) 15 yards fr
401752890,2025,Michigan,home,5,True,them,them,1,10,2,False,False,True,(12:38) No Huddle-Shotgun #15 R.Browne pass incomplete deep right to #22 A.Harris thrown to UOM09 PENALTY PUR Holding (#78 B.Coly) 10 yards from UOM39 to UOM49.
401752890,2025,Michigan,home,5,True,them,them,1,9,2,False,False,True,"(08:32) No Huddle-Shotgun #3 M.Singleton pass complete short left to #24 M.Thomas caught at UOM10, for 9 yards to the UOM00 TOUCHDOWN nullified by penalty, cloc"
401752893,2025,Penn State,home,-3,True,us,them,3,4,2,False,False,True,"Shotgun #15 F.Mendoza sacked for loss of 5 yards to the IND43 (#33 D.Dennis-Sutton) PENALTY PSU Holding 10 yards from IND48 to PSU42, 1ST DOWN. NO PLAY"
401752893,2025,Penn State,home,-3,True,us,them,1,10,2,False,False,True,"Shotgun #15 F.Mendoza pass incomplete short middle to #7 E.Williams Jr. thrown to PSU10 PENALTY PSU Pass Interference (#16 K.Mack) 12 yards from PSU22 to PSU10,"
401752893,2025,Penn State,home,-3,True,us,us,1,10,3,False,False,True,PENALTY PSU False Start  5 yards from IND20 to IND25. NO PLAY
401752893,2025,Penn State,home,-3,True,us,us,2,3,4,False,False,True,PENALTY PSU False Start (#17 E.Grunkemeyer) 5 yards from IND14 to IND19. NO PLAY
401752893,2025,Penn State,home,-3,True,us,us,4,7,4,False,False,False,PENALTY PSU False Start (#31 K.Dinkins) 5 yards from PSU42 to PSU37. NO PLAY
401752897,2025,Ohio State,away,24,False,them,us,2,8,1,False,False,True,"(02:05) Shotgun #10 J.Sayin pass complete short right to #4 J.Smith caught at OSU49, for 8 yards to the OSU50 PENALTY PUR Pass Interference (#4 H.Hines) 8 yards"
401752897,2025,Ohio State,away,24,False,us,them,1,10,2,False,False,False,(07:12) No Huddle-Shotgun #15 R.Browne pass incomplete deep left to #11 T.Harris thrown to PUR45 PENALTY OSU Pass Interference (#1 D.Igbinosun) 15 yards from PU
401752897,2025,Ohio State,away,24,False,them,them,1,10,2,False,False,False,No Huddle-Shotgun #15 R.Browne pass incomplete deep right to #10 J.Watson thrown to OSU35 PENALTY PUR Ineligible Downfield on Pass (#74 J.St. John) 5 yards from
401752897,2025,Ohio State,away,24,False,us,us,1,10,3,False,False,False,(10:15) PENALTY OSU False Start (#69 I.Moore) 5 yards from PUR19 to PUR24. NO PLAY
401752897,2025,Ohio State,away,24,False,us,us,1,10,3,False,False,True,(03:00) Shotgun #32 I.West rush right for 0 yards to the OSU27 (#16 M.Powell) PENALTY OSU Holding (#83 N.Roberts) 10 yards from OSU27 to OSU17. NO PLAY
401752897,2025,Ohio State,away,24,False,us,them,2,11,4,False,False,True,"No Huddle-Shotgun #22 A.Harris rush left for 0 yards to the OSU42 (#15 Z.Grady) PENALTY OSU Face Mask (#5 A.Scott Jr.) 15 yards from OSU42 to OSU27, 1ST DOWN"
401752900,2025,Ohio State,home,38,False,them,them,3,4,1,False,False,False,PENALTY UCLA Delay Of Game  5 yards from UCLA42 to UCLA37. NO PLAY
401752900,2025,Ohio State,home,38,False,them,them,3,9,1,False,False,False,PENALTY UCLA False Start (#28 J.Pedersen) 5 yards from UCLA37 to UCLA32. NO PLAY
401752900,2025,Ohio State,home,38,False,them,them,2,8,2,False,False,False,PENALTY UCLA False Start (#2 T.Mokiao-Atimalala) 5 yards from UCLA37 to UCLA32. NO PLAY
401752900,2025,Ohio State,home,38,False,us,us,1,10,2,False,False,True,Shotgun #20 J.Peoples rush right for 5 yards gain to the UCLA11 (#21 C.Martin; #0 D.Pellot) PENALTY OSU Illegal Formation 5 yards from UCLA16 to UCLA21. NO PLAY
401752900,2025,Ohio State,home,38,False,us,us,2,13,2,False,False,True,"Shotgun #10 J.Sayin pass complete short middle to #1 B.Inniss caught at UCLA11, for 8 yards to the UCLA11 (#28 S.Jackson) PENALTY OSU Holding (#67 A.Siereveld) "
401752900,2025,Ohio State,home,38,False,them,us,3,1,2,False,False,True,No Huddle-Shotgun #10 J.Sayin pass incomplete short right to #11 Q.Porter thrown to UCLA15 PENALTY UCLA Pass Interference (#18 R.Pleasant) 15 yards from UCLA34 
401752900,2025,Ohio State,home,38,False,them,them,2,10,2,False,False,False,PENALTY UCLA False Start (#55 E.Brooks) 5 yards from UCLA25 to UCLA20. NO PLAY
401752900,2025,Ohio State,home,38,False,us,us,4,14,3,False,False,False,PENALTY OSU False Start  5 yards from OSU21 to OSU16. NO PLAY
401752900,2025,Ohio State,home,38,False,them,them,2,10,3,False,False,False,PENALTY UCLA UNS: Unsportsmanlike Conduct (#3 K.Gilmer) 15 yards from UCLA39 to UCLA24. NO PLAY
401752903,2025,Penn State,away,18,False,them,them,2,17,3,False,False,False,PENALTY MSU Illegal Snap (#51 M.Gulbin) 5 yards from MSU33 to MSU28. NO PLAY
401752903,2025,Penn State,away,18,False,us,them,3,1,4,False,False,False,"PENALTY PSU Roughing The Passer (#36 Z.Fisher) 15 yards from MSU50 to PSU35, 1ST DOWN. NO PLAY"
401752903,2025,Penn State,away,18,False,us,us,0,0,4,False,False,True,PENALTY PSU Delay Of Game  5 yards from MSU03 to MSU08. NO PLAY
401752903,2025,Penn State,away,18,False,them,them,3,3,4,False,False,False,PENALTY MSU UNS: Unsportsmanlike Conduct (#4 E.Tau-Tolliver) 15 yards from MSU43 to MSU28. NO PLAY
401752905,2025,Michigan,away,2,True,them,them,2,7,2,False,False,True,"(06:29) Shotgun #8 P.Stone pass complete short middle to #80 H.Eligon II caught at U-M00, for 7 yards to the U-M00 TOUCHDOWN nullified by penalty, clock 06:21 P"
401752905,2025,Michigan,away,2,True,them,them,4,3,2,False,False,True,(01:03) PENALTY NU False Start (#73 D.McGuire) 5 yards from U-M03 to U-M08. NO PLAY
401752905,2025,Michigan,away,2,True,them,them,1,10,3,False,False,False,(14:33) PENALTY NU False Start (#17 G.Wilde) 5 yards from NU44 to NU39. NO PLAY
401752905,2025,Michigan,away,2,True,them,them,2,8,3,False,False,True,PENALTY NU False Start (#72 C.Tiernan) 5 yards from U-M16 to U-M21. NO PLAY
401752905,2025,Michigan,away,2,True,them,us,2,9,3,False,False,True,(01:53) No Huddle-Shotgun #19 B.Underwood pass incomplete short left to #88 D.Tonielli thrown to NU00 broken up by #13 J.Fussell PENALTY NU Pass Interference (#
401752905,2025,Michigan,away,2,True,them,them,2,10,4,False,False,False,(04:09) Shotgun #6 J.Himon II rush left for 29 yards gain to the U-M45 (#20 J.Hill) PENALTY NU Holding (#83 B.Van Buren) 10 yards from NU26 to NU16. NO PLAY
401752908,2025,Penn State,home,27,False,us,them,3,7,1,False,False,False,PENALTY PSU Offside (#33 D.Dennis-Sutton) 5 yards from NEB32 to NEB37. NO PLAY
401752908,2025,Penn State,home,27,False,them,them,3,10,1,False,False,False,PENALTY NEB Delay Of Game (#14 T.Lateef) 5 yards from PSU43 to PSU48. NO PLAY
401752908,2025,Penn State,home,27,False,them,us,1,10,2,False,False,True,"#17 E.Grunkemeyer pass incomplete deep right to #1 K.Hudson thrown to PSU48 PENALTY NEB Pass Interference (#21 R.Guthrie) 15 yards from PSU25 to PSU40, 1ST DOWN"
401752908,2025,Penn State,home,27,False,them,them,3,3,3,False,False,False,PENALTY NEB False Start (#44 L.Lindenmeyer) 4 yards from NEB30 to NEB26. NO PLAY
401752908,2025,Penn State,home,27,False,them,them,3,4,3,False,False,False,PENALTY NEB False Start (#6 D.Key) 5 yards from PSU31 to PSU36. NO PLAY
401752908,2025,Penn State,home,27,False,them,us,1,10,4,False,False,True,Shotgun #17 E.Grunkemeyer pass incomplete deep right to #87 A.Rappleyea thrown to NEB00 PENALTY NEB Pass Interference (#54 J.Bower) 15 yards from NEB28 to NEB13
401752912,2025,Ohio State,home,33,False,us,them,4,5,2,False,False,True,"Shotgun #16 A.Kaliakmanis pass incomplete short left to #8 K.Duff thrown to OSU40, 1ST DOWN, PENALTY OSU Pass Interference (#7 J.Mathews Jr.) 5 yards from OSU46"
401752912,2025,Ohio State,home,33,False,us,them,3,10,2,False,False,False,"No Huddle-Shotgun #16 A.Kaliakmanis pass intercepted by #1 D.Igbinosun at OSU25, End Of Play PENALTY OSU Personal Foul (#96 E.Houston) 15 yards from RU37 to OSU"
401752912,2025,Ohio State,home,33,False,us,us,2,1,3,False,False,True,#10 J.Sayin pass incomplete short middle to #85 B.Christian thrown to RU00 PENALTY OSU Holding (#78 E.Onianwa) 10 yards from RU01 to RU11. NO PLAY
401752912,2025,Ohio State,home,33,False,us,them,0,0,4,False,False,True,PENALTY OSU UNS: Unsportsmanlike Conduct (#70 P.Daniels) 15 yards from OSU35 to OSU20. NO PLAY
401752912,2025,Ohio State,home,33,False,us,them,2,6,4,False,False,True,No Huddle-Shotgun #16 A.Kaliakmanis pass incomplete short left to #8 K.Duff thrown to OSU01 broken up by #7 J.Mathews Jr. PENALTY OSU Pass Interference (#7 J.Ma
401752920,2025,Penn State,away,4,True,us,them,0,0,1,False,False,True,(05:08) #99 G.Nwosu kickoff 64 yards to the RU01 #2 B.Black return 18 yards to the RU19 (#25 A.Tatsch) PENALTY PSU Offside (#32 K.Wylie) 5 yards from PSU35 to P
401752920,2025,Penn State,away,4,True,us,them,4,1,1,False,False,True,"(03:27) No Huddle-Shotgun #16 A.Kaliakmanis rush middle for 1 yard gain to the RU35 (#50 A.Ford Jr.) PENALTY PSU Illegal Substitution 5 yards from RU34 to RU39,"
401752920,2025,Penn State,away,4,True,us,them,1,15,3,False,False,True,"(07:05) No Huddle-Shotgun #16 A.Kaliakmanis pass complete short right to #8 K.Duff caught at PSU39, for 13 yards to the PSU36 (#4 A.Harris) PENALTY PSU Holding "
401752920,2025,Penn State,away,4,True,us,us,4,1,4,False,False,False,PENALTY PSU Delay Of Game (#17 E.Grunkemeyer) 5 yards from PSU28 to PSU23. NO PLAY
401752920,2025,Penn State,away,4,True,us,us,4,6,4,False,False,False,PENALTY PSU False Start (#8 D.Nelson) 5 yards from PSU23 to PSU18. NO PLAY
401752921,2025,Michigan,home,-18,False,them,them,4,1,1,False,False,True,(04:55) PENALTY OSU False Start (#85 B.Christian) 5 yards from UOM01 to UOM06. NO PLAY
401752921,2025,Michigan,home,-18,False,them,us,3,4,2,False,False,True,(10:36) No Huddle-Shotgun #19 B.Underwood pass incomplete deep left to #4 A.Marsh thrown to UOM46 PENALTY OSU Pass Interference (#7 J.Mathews Jr.) 15 yards from
401752921,2025,Michigan,home,-18,False,them,us,3,8,3,False,False,False,(06:03) Shotgun #19 B.Underwood pass incomplete short right to #1 D.McCulley thrown to OSU40 PENALTY OSU Pass Interference (#1 D.Igbinosun) 15 yards from UOM41 
401752921,2025,Michigan,home,-18,False,them,them,1,10,4,False,False,False,PENALTY OSU UNS: Unsportsmanlike Conduct (#1 D.Igbinosun) 15 yards from UOM37 to OSU48. NO PLAY
401777353,2025,Ohio State,home,-3,True,us,us,2,4,1,False,False,True,(00:53) PENALTY OSU False Start (#25 B.Jackson) 5 yards from IND04 to IND09. NO PLAY
401777353,2025,Ohio State,home,-3,True,us,them,1,10,1,False,False,False,(00:46) Shotgun #15 F.Mendoza pass incomplete deep middle to #80 C.Becker thrown to OSU23 PENALTY OSU Pass Interference (#3 L.Styles Jr.) 15 yards from IND25 to
401551768,2023,Ohio State,home,-11,False,us,us,4,12,1,False,False,False,"Ohio State Penalty, Delay of Game (-5 Yards) to the OSU 18"
401551768,2023,Ohio State,home,-11,False,us,us,2,11,1,False,False,False,"Ohio State Penalty, False Start (Josh Simmons) to the OSU 34"
401551768,2023,Ohio State,home,-11,False,us,us,3,15,1,False,False,False,"Ohio State Penalty, False Start (Josh Fryar) to the OSU 30"
401551768,2023,Ohio State,home,-11,False,them,them,1,10,1,False,False,False,"Missouri Penalty, Ineligible Downfield on Pass (-5 Yards) to the MIZ 20"
401551768,2023,Ohio State,home,-11,False,them,them,2,5,2,False,False,False,"Missouri Penalty, Delay of Game (-5 Yards) to the MIZ 47"
401551768,2023,Ohio State,home,-11,False,them,them,1,10,3,False,False,True,"Missouri Penalty, False Start (Armand Membou) to the MIZ 20"
401551768,2023,Ohio State,home,-11,False,us,them,1,10,3,False,False,True,"Ohio State Penalty, Substitution Infraction (5 Yards) to the OSU 10"
401551768,2023,Ohio State,home,-11,False,them,them,1,5,3,False,False,True,"Missouri Penalty, False Start (Xavier Delgado) to the OSU 15"
401551768,2023,Ohio State,home,-11,False,us,us,2,10,4,False,False,False,"Ohio State Penalty, False Start (Xavier Johnson) to the OSU 38"
401551768,2023,Ohio State,home,-11,False,them,us,2,10,4,False,False,False,"Missouri Penalty, Defensive Offside (Darius Robinson) to the MIZ 39"
401551769,2023,Penn State,home,-13,False,us,them,3,16,1,False,False,True,"Penn State Penalty, Defensive Offside (5 Yards) to the PSU 19"
401551769,2023,Penn State,home,-13,False,them,them,3,4,2,False,False,True,"Ole Miss Penalty, False Start (Victor Curne) to the PSU 28"
401551769,2023,Penn State,home,-13,False,them,them,3,7,2,False,False,True,"Ole Miss Penalty, False Start (Jeremy James) to the MISS 48"
401551769,2023,Penn State,home,-13,False,us,us,2,10,4,False,False,False,"Penn State Penalty, False Start (Drew Shelton) to the PSU 32"
401551769,2023,Penn State,home,-13,False,them,them,4,12,4,False,False,False,"Ole Miss Penalty, Illegal Procedure (-5 Yards) to the MISS 40"
401551769,2023,Penn State,home,-13,False,them,us,1,0,4,False,False,True,"Ole Miss Penalty, Defensive Pass Interference (Deantre Prince) to the MISS 1 for a 1ST down"
401551786,2023,Michigan,home,7,True,them,them,1,10,2,False,False,True,"Alabama Penalty, False Start (-5 Yards) to the MICH 49"
401551786,2023,Michigan,home,7,True,them,them,2,10,3,False,False,True,"Alabama Penalty, False Start (-5 Yards) to the MICH 21"
401551786,2023,Michigan,home,7,True,them,them,1,10,4,False,False,True,"Alabama Penalty, Substitution Infraction (-5 Yards) to the MICH 35"
401551789,2023,Michigan,home,21,False,them,them,2,9,2,False,False,False,"Washington Penalty, Illegal Procedure (Parker Brailsford) to the WASH 46"
401551789,2023,Michigan,home,21,False,them,them,3,14,2,False,False,False,"Washington Penalty, False Start (Julius Buelow) to the WASH 41"
401551789,2023,Michigan,home,21,False,us,us,4,3,2,False,False,False,"Michigan Penalty, Delay of Game (TEAM) to the MICH 46"
401551789,2023,Michigan,home,21,False,us,us,1,10,3,False,False,True,"Michigan Penalty, False Start (TEAM) to the WASH 21"
401551789,2023,Michigan,home,21,False,us,us,2,13,3,False,False,True,"Michigan Penalty, False Start (LaDarius Henderson) to the WASH 24"
401551789,2023,Michigan,home,21,False,them,them,3,10,3,False,False,False,"Washington Penalty, False Start (Nate Kalepo) to the WASH 37"
401551789,2023,Michigan,home,21,False,them,them,1,10,4,False,False,False,"Washington Penalty, False Start (Roger Rosengarten) to the MICH 32"
401677102,2024,Michigan,home,6,True,them,them,3,11,2,False,False,False,"Alabama Penalty, False Start (Ryan Williams) to the ALA 29"
401677102,2024,Michigan,home,6,True,us,us,1,10,2,False,False,False,"Michigan Penalty, False Start (-5 Yards) to the MICH 25"
401677102,2024,Michigan,home,6,True,them,us,3,9,3,False,False,False,"Alabama Penalty, Personal Foul (James Smith) to the MICH 32 for a 1ST down"
401677102,2024,Michigan,home,6,True,them,us,1,10,4,False,False,False,"Alabama Penalty, Unsportsmanlike Conduct (Justin Jefferson) to the MICH 42 for a 1ST down"
401677177,2024,Ohio State,home,25,False,them,us,3,2,1,False,False,True,"Tennessee Penalty, Face Mask (15 yards) (Bryson Eason) to the OSU 48 for a 1ST down"
401677177,2024,Ohio State,home,25,False,us,us,2,11,1,False,False,True,"Ohio State Penalty, False Start (-5 Yards) to the OSU 42"
401677177,2024,Ohio State,home,25,False,them,them,4,23,1,False,False,False,"Tennessee Penalty, Delay of Game (-5 Yards) to the TENN 7"
401677177,2024,Ohio State,home,25,False,us,them,3,6,2,False,False,True,"Ohio State Penalty, Roughing Passer (Kenyatta Jackson Jr.) to the OSU 19 for a 1ST down"
401677177,2024,Ohio State,home,25,False,them,them,2,4,2,False,False,True,"Tennessee Penalty, False Start (-5 Yards) to the OSU 18"
401677177,2024,Ohio State,home,25,False,them,us,1,10,3,False,False,True,"Howard, Will pass incomplete to Smith, Jeremiah, PENALTY TENN substitution infraction 5 yards to the TENN19, NO PLAY."
401677177,2024,Ohio State,home,25,False,them,us,1,5,3,False,False,True,"Howard, Will pass incomplete to Smith, Jeremiah, PENALTY TENN pass interference (McCoy, Jermod) 15 yards to the TENN4, NO PLAY, 1ST DOWN OSU."
401677177,2024,Ohio State,home,25,False,us,us,4,9,4,False,False,False,"Ohio State Penalty, Delay of Game (-5 Yards) to the OSU 38"
401677177,2024,Ohio State,home,25,False,them,them,3,0,4,False,False,True,"Tennessee Penalty, Delay of Game (-5 Yards) to the OSU 8"
401677178,2024,Penn State,home,28,False,us,them,2,3,1,False,False,False,"Jennings, Kevin pass incomplete to Smith, Key'Shawn, PENALTY PSU pass interference (Kimber, Jalen) 15 yards to the PSU28, NO PLAY, 1ST DOWN SMU."
401677178,2024,Penn State,home,28,False,them,them,2,2,1,False,False,True,"Jennings, Kevin pass incomplete to Brinson, Romello, PENALTY SMU holding (Byrd, Savion) 10 yards to the SMU27, NO PLAY."
401677178,2024,Penn State,home,28,False,us,us,1,10,2,False,False,True,"Penn State Penalty, False Start (Nick Dawkins) to the PSU 45"
401677178,2024,Penn State,home,28,False,them,them,2,0,3,False,False,True,"SMU Penalty, False Start (LJ Johnson Jr.) to the PSU 9"
401677178,2024,Penn State,home,28,False,them,them,3,0,3,False,False,True,"SMU Penalty, False Start (PJ Williams) to the PSU 11"
401677178,2024,Penn State,home,28,False,us,them,1,10,3,False,False,False,"Jennings, Kevin pass incomplete to Brinson, Romello, PENALTY PSU holding (Collins, Audavion) 10 yards to the 50 yardline, NO PLAY, 1ST DOWN SMU."
401677178,2024,Penn State,home,28,False,them,them,1,0,3,False,False,False,"SMU Penalty, False Start (Logan Parr) to the PSU 7"
401677178,2024,Penn State,home,28,False,us,us,1,10,4,False,False,False,"Penn State Penalty, False Start (-5 Yards) to the PSU 38"
401677178,2024,Penn State,home,28,False,them,them,3,11,4,False,False,True,"Jennings, Kevin pass incomplete to Daniels Jr., Roderick, PENALTY SMU holding (Byrd, Savion) 10 yards to the SMU47, NO PLAY."
401677178,2024,Penn State,home,28,False,us,them,3,21,4,False,False,True,"Jennings, Kevin pass incomplete to Smith, Brashard, PENALTY PSU roughing passer (Dennis-Sutton, Dani) 15 yards to the PSU38, NO PLAY, 1ST DOWN SMU."
401677181,2024,Penn State,away,17,False,them,them,4,17,1,False,False,False,"Boise State Penalty, False Start (-5 Yards) to the BOIS 13"
401677181,2024,Penn State,away,17,False,them,us,3,8,2,False,False,False,"Boise State Penalty, Defensive Holding (Ty Benefield) to the PSU 37 for a 1ST down"
401677181,2024,Penn State,away,17,False,us,us,1,10,2,False,False,False,"Penn State Penalty, False Start (-5 Yards) to the PSU 32"
401677181,2024,Penn State,away,17,False,us,us,2,10,2,False,False,False,"Penn State Penalty, False Start (-5 Yards) to the PSU 32"
401677181,2024,Penn State,away,17,False,them,them,2,8,2,False,False,False,"Boise State Penalty, False Start (Prince Strachan) to the BOIS 17"
401677181,2024,Penn State,away,17,False,them,them,4,1,2,False,False,False,"Boise State Penalty, False Start (Seyi Oladipo) to the BOIS 24"
401677181,2024,Penn State,away,17,False,them,us,4,12,2,False,False,True,"Boise State Penalty, Defensive Pass Interference (Davon Banks) to the BOIS 23 for a 1ST down"
401677181,2024,Penn State,away,17,False,them,them,1,10,3,False,False,True,"Boise State Penalty, False Start (-5 Yards) to the BOIS 12"
401677181,2024,Penn State,away,17,False,them,them,2,7,3,False,False,True,"Boise State Penalty, False Start (-5 Yards) to the BOIS 30"
401677181,2024,Penn State,away,17,False,us,us,1,10,3,False,False,True,"Penn State Penalty, False Start (Sal Wormley) to the BOIS 17"
401677181,2024,Penn State,away,17,False,them,them,2,9,3,False,False,False,"Madsen, Maddux pass complete to Strachan, Prince for 20 yards to the PSU0, PENALTY BOIS illegal use of hands (Schmidt, Hall) 15 yards to the PSU35, NO PLAY."
401677181,2024,Penn State,away,17,False,us,them,1,10,4,False,False,False,"Penn State Penalty, Defensive Pass Interference (13 Yards) to the PSU 48 for a 1ST down"
401677181,2024,Penn State,away,17,False,them,them,1,10,4,False,False,False,"Boise State Penalty, False Start (-5 Yards) to the BOIS 6"
401677181,2024,Penn State,away,17,False,us,them,1,15,4,False,False,False,"Penn State Penalty, Roughing Passer (Dani Dennis-Sutton) to the BOIS 21 for a 1ST down"
401677181,2024,Penn State,away,17,False,them,them,1,10,4,False,False,False,"Boise State Penalty, False Start (Daylon Metoyer) to the BOIS 16"
401677181,2024,Penn State,away,17,False,us,them,1,15,4,False,False,False,"Penn State Penalty, Defensive Pass Interference (A.J. Harris) to the BOIS 26 for a 1ST down"
401677181,2024,Penn State,away,17,False,us,us,4,5,4,False,False,False,"Penn State Penalty, Delay of Game (-5 Yards) to the BOIS 47"
401677181,2024,Penn State,away,17,False,them,them,3,8,4,False,False,False,"Boise State Penalty, Illegal Formation (-5 Yards) to the BOIS 23"
401677183,2024,Ohio State,away,20,False,us,us,2,9,4,False,False,False,"Ohio State Penalty, False Start (-5 Yards) to the OSU 45"
401677189,2024,Penn State,home,-3,True,us,us,3,9,1,False,False,False,"Penn State Penalty, False Start (Olaivavega Ioane) to the 50 yard line"
401677189,2024,Penn State,home,-3,True,them,them,3,7,1,False,False,False,"Notre Dame Penalty, False Start (Anthonie Knapp) to the ND 33"
401677189,2024,Penn State,home,-3,True,us,them,3,6,2,False,False,True,"Penn State Penalty, Defensive Offside (Dani Dennis-Sutton) to the PSU 19"
401677189,2024,Penn State,home,-3,True,them,them,1,10,3,False,False,True,"Notre Dame Penalty, Delay of Game (-5 Yards) to the ND 20"
401677189,2024,Penn State,home,-3,True,us,them,1,10,4,False,False,True,"Leonard, Riley pass incomplete to Raridon, Eli, PENALTY PSU pass interference (King, Kobe) 14 yards to the PSU2, NO PLAY, 1ST DOWN NOTREDAME."
401677189,2024,Penn State,home,-3,True,us,us,1,10,4,False,False,False,"Penn State Penalty, False Start (Nicholas Singleton) to the PSU 20"
401677189,2024,Penn State,home,-3,True,us,them,1,10,4,False,False,False,"Leonard, Riley pass sacked for loss of 3 yards to the NOTREDAME33 (Carter, Abdul), PENALTY PSU personal foul (Durant, Zane) 15 yards to the PSU49, NO PLAY, 1ST "
401677191,2024,Ohio State,away,14,False,them,them,3,7,1,False,False,False,"Texas Penalty, False Start (Cameron Williams) to the OSU 44"
401677191,2024,Ohio State,away,14,False,us,us,2,9,1,False,False,False,"Ohio State Penalty, Unsportsmanlike Conduct (TreVeyon Henderson) to the OSU 48"
401677191,2024,Ohio State,away,14,False,us,us,2,10,2,False,False,False,"Howard, Will pass complete to Smith, Jeremiah for 1 yard to the OSU47, PENALTY OSU holding (Scott Jr., Gee) 10 yards to the OSU36, NO PLAY."
401677191,2024,Ohio State,away,14,False,us,us,2,10,2,False,False,False,"Judkins, Quinshon rush for 7 yards to the OSU42, PENALTY OSU holding (Fryar, Josh) 10 yards to the OSU25, NO PLAY."
401677191,2024,Ohio State,away,14,False,us,us,3,13,2,False,False,False,"Ohio State Penalty, False Start (Luke Montgomery) to the OSU 27"
401677191,2024,Ohio State,away,14,False,us,them,1,10,2,False,False,False,"Ewers, Quinn pass incomplete to Wingo, Ryan, PENALTY OSU holding (Igbinosun, Davison) 10 yards to the TEX48, NO PLAY, 1ST DOWN TEX."
401677191,2024,Ohio State,away,14,False,them,them,1,10,3,False,False,True,"Texas Penalty, False Start (Jake Majors) to the TEX 28"
401677191,2024,Ohio State,away,14,False,us,us,1,10,3,False,False,False,"Ohio State Penalty, Personal Foul (Austin Siereveld) to the OSU 25"
401677191,2024,Ohio State,away,14,False,them,us,1,10,4,False,False,True,"Howard, Will pass incomplete to Egbuka, Emeka, PENALTY TEX pass interference (Muhammad, Malik) 15 yards to the OSU27, NO PLAY, 1ST DOWN OSU."
401677191,2024,Ohio State,away,14,False,us,us,3,4,4,False,False,True,"Ohio State Penalty, False Start (Josh Fryar) to the TEX 41"
401677191,2024,Ohio State,away,14,False,us,them,3,3,4,False,False,True,"Ewers, Quinn pass incomplete to Wingo, Ryan, PENALTY OSU pass interference (Ransom, Lathan) 4 yards to the OSU2, NO PLAY, 1ST DOWN TEX."
401677191,2024,Ohio State,away,14,False,us,them,1,0,4,False,False,True,"Ewers, Quinn pass incomplete to Golden, Matthew, PENALTY OSU pass interference (Mathews Jr., Jermaine) 1 yards to the OSU1, NO PLAY, 1ST DOWN TEX."
401677192,2024,Ohio State,away,11,False,them,them,2,10,2,False,False,False,"Notre Dame Penalty, False Start (Beaux Collins) to the ND 20"
401677192,2024,Ohio State,away,11,False,us,us,2,7,3,False,False,True,"Howard, Will pass complete to Egbuka, Emeka for 5 yards to the NOTREDAME14, PENALTY OSU holding (Fryar, Josh) 10 yards to the NOTREDAME29, NO PLAY."
401677192,2024,Ohio State,away,11,False,us,them,3,19,3,False,False,True,"Leonard, Riley pass incomplete to Evans, Mitchell, PENALTY OSU pass interference (Igbinosun, Davison) 15 yards to the OSU48, NO PLAY, 1ST DOWN NOTREDAME."
401677192,2024,Ohio State,away,11,False,us,them,1,10,4,False,False,False,"Leonard, Riley pass incomplete to Collins, Beaux, PENALTY OSU holding (Igbinosun, Davison) 10 yards to the OSU38, NO PLAY, 1ST DOWN NOTREDAME."
401677192,2024,Ohio State,away,11,False,us,them,2,4,4,False,False,False,"Leonard, Riley pass incomplete to Harrison, Jayden, PENALTY OSU holding (Hancock, Jordan) 8 yards to the OSU8, NO PLAY, 1ST DOWN NOTREDAME."
401677192,2024,Ohio State,away,11,False,us,us,1,0,4,False,False,True,"Ohio State Penalty, False Start (Bennett Christian) to the ND 15"
401769070,2025,Ohio State,home,-10,False,us,us,2,10,4,False,False,False,"(07:25) Shotgun #10 J.Sayin pass complete short left to #25 B.Jackson caught at OSU48, for 6 yards to the MIA46 (#31 W.Bissainthe) PENALTY OSU Holding (#70 P.Da"
401769070,2025,Ohio State,home,-10,False,us,us,4,22,4,False,False,False,(06:09) #42 J.McGuire punt 53 yards to the MIA11 fair catch by #10 M.Toney at MIA11 PENALTY OSU Illegal Formation 5 yards from OSU36 to OSU31. NO PLAY
401778317,2025,Penn State,away,12,False,us,us,2,20,1,False,False,False,"No Huddle-Shotgun #17 E.Grunkemeyer pass complete deep right to #87 A.Rappleyea caught at PSU45, for 30 yards to the CLE49, out of bounds at CLE49 PENALTY PSU I"
401778317,2025,Penn State,away,12,False,us,them,3,8,3,False,False,False,No Huddle-Shotgun #2 C.Klubnik pass incomplete short right to #5 J.Sapp thrown to PSU40 PENALTY PSU Pass Interference (#2 A.Collins) 15 yards from CLE42 to PSU4
401778317,2025,Penn State,away,12,False,us,them,2,5,4,False,False,True,No Huddle-Shotgun #2 C.Klubnik pass incomplete short middle to #3 T.Smith thrown to PSU26 PENALTY PSU Pass Interference (#5 D.Dixson) 15 yards from PSU30 to PSU
401778330,2025,Michigan,away,-14,False,them,us,3,7,1,False,False,True,(05:57) No Huddle-Shotgun #19 B.Underwood rush middle for 2 yards gain to the Mich49 (#29 G.Littleton) PENALTY Texas Face Mask (#28 S.Wilson) 15 yards from Mich
401778330,2025,Michigan,away,-14,False,them,them,1,10,2,False,False,True,"(09:32) No Huddle-Shotgun #16 A.Manning rush left for 20 yards gain to the Mich40, out of bounds at Mich40 PENALTY Texas Holding (#52 D.Campbell) 10 yards from "
401778330,2025,Michigan,away,-14,False,them,them,3,5,2,False,False,True,PENALTY Texas Delay Of Game  5 yards from Texas45 to Texas40. NO PLAY
401778330,2025,Michigan,away,-14,False,them,them,2,3,3,False,False,True,(09:09) No Huddle-Shotgun #6 C.Clark rush right for 12 yards gain to the Texas39 (#10 Z.Berry) PENALTY Texas Holding (#73 B.Baker) 10 yards from Texas27 to Texa
401778330,2025,Michigan,away,-14,False,them,us,2,7,3,False,False,False,(03:49) No Huddle #24 B.Kuzdzal rush left for 2 yards gain to the Texas13 (#26 T.Smith) PENALTY Texas Offside (#1 C.Simmons) 5 yards from Texas15 to Texas10. NO
401778330,2025,Michigan,away,-14,False,them,them,2,8,4,False,False,True,(07:06) No Huddle-Shotgun #16 A.Manning pass incomplete deep middle to #17 D.McCutcheon thrown to Mich05 PENALTY Texas False Start (#74 T.Goosby) 5 yards from M
401778330,2025,Michigan,away,-14,False,them,them,4,4,4,False,False,True,PENALTY Texas False Start (#72 N.Umeozulu) 5 yards from Mich28 to Mich33. NO PLAY
400869180,2016,Michigan,home,60,False,them,them,4,12,1,False,False,False,"HAWAII Penalty, Delay of Game (-5 Yards) to the Mich 45"
400869180,2016,Michigan,home,60,False,them,them,1,10,2,False,False,True,"HAWAII Penalty, False Start (Dakota Torres) to the Hawa 20"
400869180,2016,Michigan,home,60,False,them,them,4,1,2,False,False,False,"HAWAII Penalty, Illegal Formation (-5 Yards) to the Hawa 29"
400869180,2016,Michigan,home,60,False,them,them,1,10,2,False,False,False,"HAWAII Penalty, Illegal Block (-15 Yards) to the Hawa 27"
400869180,2016,Michigan,home,60,False,them,them,1,10,2,False,False,False,"HAWAII Penalty, Illegal Use of Hands (-15 Yards) to the Mich 30"
400869180,2016,Michigan,home,60,False,us,them,3,16,2,False,False,False,"MICHIGAN Penalty, Personal Foul (8 Yards) to the Mich 8 for a 1ST down"
400869180,2016,Michigan,home,60,False,us,them,2,9,3,False,False,True,"MICHIGAN Penalty, Roughing Passer (15 Yards) to the Hawa 42 for a 1ST down"
400869180,2016,Michigan,home,60,False,them,them,3,9,3,False,False,False,"HAWAII Penalty, Offensive Holding (Dejon Allen) to the Mich 42"
400869180,2016,Michigan,home,60,False,them,them,3,11,4,False,False,False,"HAWAII Penalty, Delay of Game (Dru Brown) to the Mich 39"
400869510,2016,Michigan,home,37,False,them,them,1,10,1,False,False,False,"UCF Penalty, False Start (Jason Rae) to the UCF 15"
400869510,2016,Michigan,home,37,False,them,them,3,33,2,False,False,False,"UCF Penalty, False Start (Aaron Evans) to the UCF 1"
400869510,2016,Michigan,home,37,False,them,us,3,2,2,False,False,True,"UCF Penalty, Defensive Offside (Joey Connors) to the Mich 48 for a 1ST down"
400869510,2016,Michigan,home,37,False,us,them,3,6,3,False,False,False,"MICHIGAN Penalty, Defensive Offside (Jabrill Peppers) to the Mich 37"
400869510,2016,Michigan,home,37,False,them,them,1,10,3,False,False,False,"UCF Penalty, False Start (Tyler Hudanick) to the Mich 40"
400869111,2016,Michigan,home,17,False,us,them,3,4,1,False,False,True,"MICHIGAN Penalty, Defensive Offside (5 Yards) to the Colo 44 for a 1ST down"
400869111,2016,Michigan,home,17,False,them,them,4,10,2,False,False,False,"COLORADO Penalty, Delay of Game (-6 Yards) to the Colo 12"
400869111,2016,Michigan,home,17,False,them,them,1,10,2,False,False,False,"COLORADO Penalty, Illegal Touching ( 0 Yards) to the Colo 42. Loss of Down"
400869111,2016,Michigan,home,17,False,them,them,1,10,2,False,False,False,"COLORADO Penalty, Offensive Holding (-10 Yards) to the Colo 15"
400869111,2016,Michigan,home,17,False,us,us,2,8,3,False,False,False,"MICHIGAN Penalty, False Start (-5 Yards) to the Mich 26"
400869111,2016,Michigan,home,17,False,us,us,4,18,3,False,False,False,"MICHIGAN Penalty, Illegal Formation (-5 Yards) to the Mich 16"
400869111,2016,Michigan,home,17,False,us,them,2,10,3,False,False,False,"MICHIGAN Penalty, Personal Foul (15 Yards) to the Mich 29 for a 1ST down"
400869111,2016,Michigan,home,17,False,them,us,1,10,3,False,False,True,"COLORADO Penalty, Defensive Offside (5 Yards) to the Mich 37"
400869111,2016,Michigan,home,17,False,them,them,4,4,3,False,False,False,"COLORADO Penalty, Delay of Game (-5 Yards) to the Colo 26"
400869111,2016,Michigan,home,17,False,them,them,2,10,4,False,False,False,"COLORADO Penalty, False Start (-5 Yards) to the Colo 21"
400869658,2016,Michigan,home,39,False,us,us,1,9,1,False,False,True,"MICHIGAN Penalty, Unsportsmanlike Conduct (-15 Yards) to the PnSt 24"
400869658,2016,Michigan,home,39,False,us,us,2,11,2,False,False,True,"MICHIGAN Penalty, Offensive Holding (De'Veon Smith) to the PnSt 38"
400869658,2016,Michigan,home,39,False,us,them,2,10,3,False,False,True,"MICHIGAN Penalty, Defensive Pass Interference (15 Yards) to the Mich 25 for a 1ST down"
400869658,2016,Michigan,home,39,False,us,them,3,14,4,False,False,True,"MICHIGAN Penalty, Defensive Pass Interference (15 Yards) to the PnSt 46 for a 1ST down"
400869658,2016,Michigan,home,39,False,us,them,2,7,4,False,False,True,"MICHIGAN Penalty, Defensive Pass Interference (15 Yards) to the Mich 21 for a 1ST down"
400869658,2016,Michigan,home,39,False,us,us,2,6,4,False,False,True,"MICHIGAN Penalty, False Start (-5 Yards) to the PnSt 49"
400869658,2016,Michigan,home,39,False,us,us,1,10,4,False,False,True,"MICHIGAN Penalty, False Start (-5 Yards) to the PnSt 40"
400869664,2016,Michigan,home,7,True,them,them,2,8,1,False,False,False,"WISCONSIN Penalty, False Start (Jacob Maxwell) to the Mich 40"
400869664,2016,Michigan,home,7,True,us,us,4,6,2,False,False,False,"MICHIGAN Penalty, False Start (-5 Yards) to the Mich 30"
400869664,2016,Michigan,home,7,True,us,us,4,11,2,False,False,False,"MICHIGAN Penalty, False Start (-5 Yards) to the Mich 25"
400869664,2016,Michigan,home,7,True,them,us,4,10,3,False,False,False,"WISCONSIN Penalty, Personal Foul (Garrett Rand) to the Wisc 49 for a 1ST down"
400869636,2016,Michigan,away,78,False,them,them,2,2,1,False,False,False,"RUTGERS Penalty, False Start (Zack Heeman) to the Rutgr 28"
400869636,2016,Michigan,away,78,False,them,them,4,14,1,False,False,False,"RUTGERS Penalty, Illegal Formation (-4 Yards) to the Rutgr 3"
400869636,2016,Michigan,away,78,False,them,them,4,10,2,False,False,False,"RUTGERS Penalty, Illegal Formation (-5 Yards) to the Rutgr 13"
400869636,2016,Michigan,away,78,False,them,them,3,2,3,False,False,False,"RUTGERS Penalty, False Start (-5 Yards) to the Rutgr 26"
400869636,2016,Michigan,away,78,False,us,us,1,10,4,False,False,True,"MICHIGAN Penalty, False Start (-5 Yards) to the Rutgr 24"
400869676,2016,Michigan,home,33,False,them,them,4,5,2,False,False,False,"ILLINOIS Penalty, Delay of Game (Ryan Frain) to the Mich 47"
400869676,2016,Michigan,home,33,False,them,them,3,7,2,False,False,False,"ILLINOIS Penalty, Offensive Holding (Nick Allegretti) to the Mich 43"
400869676,2016,Michigan,home,33,False,us,us,1,10,3,False,False,True,"MICHIGAN Penalty, Offensive Holding (Devin Asiasi) to the Mich 20"
400869676,2016,Michigan,home,33,False,us,us,1,10,4,False,False,False,"MICHIGAN Penalty, Offensive Holding (Henry Poggi) to the Mich 11"
400869681,2016,Michigan,away,9,False,us,them,2,10,1,False,False,False,"MICHIGAN ST Penalty, False Start (Tyler Higby) to the MchSt 20"
400869681,2016,Michigan,away,9,False,us,them,4,15,2,False,False,False,"MICHIGAN ST Penalty, False Start (-5 Yards) to the MchSt 7"
400869685,2016,Michigan,home,56,False,us,us,1,10,1,False,False,True,"MICHIGAN Penalty, Personal Foul (Kyle Kalis) to the Mary 48"
400869685,2016,Michigan,home,56,False,them,them,2,5,1,False,False,False,"MARYLAND Penalty, False Start (Damian Prince) to the Mary 48"
400869685,2016,Michigan,home,56,False,them,them,1,10,1,False,False,False,"MARYLAND Penalty, Illegal Formation (-5 Yards) to the Mich 15"
400869685,2016,Michigan,home,56,False,them,them,3,4,2,False,False,False,"MARYLAND Penalty, False Start (Terrance Davis) to the Mich 9"
400869685,2016,Michigan,home,56,False,us,us,1,10,2,False,False,True,"MICHIGAN Penalty, False Start (Ben Braden) to the Mary 38"
400869685,2016,Michigan,home,56,False,us,us,2,19,2,False,False,True,"MICHIGAN Penalty, Offensive Pass Interference (Drake Harris) to the Mich 43"
400869685,2016,Michigan,home,56,False,them,us,1,10,3,False,False,False,"MARYLAND Penalty, Personal Foul (15 Yards) to the Mary 23 for a 1ST down"
400869685,2016,Michigan,home,56,False,them,us,1,2,3,False,False,True,"MARYLAND Penalty, Unsportsmanlike Conduct (Kingsley Opara) to the Mary 1 for a 1ST down"
400869685,2016,Michigan,home,56,False,them,us,3,4,4,False,False,True,"MARYLAND Penalty, Roughing Passer (Jesse Aniebonam) to the Mary 46 for a 1ST down"
400869685,2016,Michigan,home,56,False,us,them,2,5,4,False,False,False,"MICHIGAN Penalty, Defensive Offside (4 Yards) to the Mary 49"
400869690,2016,Michigan,away,-1,True,us,us,1,10,1,False,False,True,"MICHIGAN Penalty, Personal Foul (Devin Bush) to the Iowa 46, (Devin Bush ejected)"
400869690,2016,Michigan,away,-1,True,them,us,3,11,1,False,False,True,"IOWA Penalty, Unsportsmanlike Conduct (Desmond King) to the Iowa 10 for a 1ST down"
400869690,2016,Michigan,away,-1,True,us,them,4,10,1,False,False,False,"MICHIGAN Penalty, Running Into Kicker (5 Yards) to the Iowa 30"
400869690,2016,Michigan,away,-1,True,us,them,4,5,1,False,False,False,"MICHIGAN Penalty, Running Into Kicker (5 Yards) to the Iowa 35 for a 1ST down"
400869690,2016,Michigan,away,-1,True,us,them,2,3,2,False,False,True,"MICHIGAN Penalty, Personal Foul (Bryan Mone) to the Mich 9 for a 1ST down"
400869690,2016,Michigan,away,-1,True,them,us,4,4,4,False,False,True,"IOWA Penalty, Personal Foul (Brandon Snyder) to the Iowa 36 for a 1ST down"
400869695,2016,Michigan,home,10,False,them,them,2,9,2,False,False,True,"INDIANA Penalty, False Start (Camion Patrick) to the Ind 38"
400869695,2016,Michigan,home,10,False,us,them,2,12,2,False,False,False,"MICHIGAN Penalty, Defensive Offside (Matthew Godin) to the Ind 28"
400869695,2016,Michigan,home,10,False,us,them,3,5,2,False,False,False,"MICHIGAN Penalty, Unsportsmanlike Conduct (Taco Charlton) to the Ind 45 for a 1ST down"
400869695,2016,Michigan,home,10,False,us,them,4,18,4,False,False,False,"MICHIGAN Penalty, Defensive Offside (5 Yards) to the Ind 46"
400869695,2016,Michigan,home,10,False,them,us,1,10,4,False,False,False,"INDIANA Penalty, Defensive Offside (Ralph Green III) to the Mich 45"
400869650,2016,Michigan,away,-3,True,us,us,2,6,1,False,False,False,"MICHIGAN Penalty, False Start (Jake Butt) to the Mich 46"
400869650,2016,Michigan,away,-3,True,us,them,4,2,2,False,False,False,"MICHIGAN Penalty, Running Into Kicker (Mike McCray) to the OhSt 33 for a 1ST down"
400869650,2016,Michigan,away,-3,True,us,them,1,10,3,False,False,True,"MICHIGAN Penalty, Defensive Offside (Maurice Hurst) to the Mich 8"
400869650,2016,Michigan,away,-3,True,us,them,1,5,3,False,False,True,"MICHIGAN Penalty, Unsportsmanlike Conduct (4 Yards) to the Mich 4 for a 1ST down"
400876105,2016,Michigan,away,-1,True,us,them,2,4,2,False,False,False,"MICHIGAN Penalty, Defensive Offside (Maurice Hurst) to the FlaSt 31 for a 1ST down"
400933830,2017,Michigan,away,16,False,them,them,3,15,1,False,False,True,"FLORIDA Penalty, False Start (Martez Ivey) to the Mich 32"
400933830,2017,Michigan,away,16,False,us,us,1,10,2,False,False,True,"MICHIGAN Penalty, Unsportsmanlike Conduct (Grant Perry) to the Mich 23"
400933830,2017,Michigan,away,16,False,them,them,3,3,2,False,False,False,"FLORIDA Penalty, Offensive Holding (-10 Yards) to the Fla 43"
400933830,2017,Michigan,away,16,False,us,us,2,5,3,False,False,True,"MICHIGAN Penalty, Delay of Game (-5 Yards) to the Mich 35"
400933830,2017,Michigan,away,16,False,us,us,2,8,3,False,False,False,"MICHIGAN Penalty, False Start (Nolan Ulizio) to the Mich 37"
400933830,2017,Michigan,away,16,False,us,us,4,4,4,False,False,False,"MICHIGAN Penalty, False Start (Camaron Cheeseman) to the Fla 34"
400933830,2017,Michigan,away,16,False,them,them,2,15,4,False,False,False,"FLORIDA Penalty, Substitution Infraction (-5 Yards) to the Fla 24"
400933830,2017,Michigan,away,16,False,us,us,2,10,4,False,False,False,"MICHIGAN Penalty, False Start (Sean McKeon) to the Fla 15"
400935243,2017,Michigan,home,22,False,them,them,3,6,1,False,False,True,"CINCINNATI Penalty, Delay of Game (-5 Yards) to the Cincy 12"
400935243,2017,Michigan,home,22,False,them,them,3,9,1,False,False,True,"CINCINNATI Penalty, Unsportsmanlike Conduct (Mike Boone) to the Cincy 20"
400935243,2017,Michigan,home,22,False,us,us,2,10,1,False,False,True,"MICHIGAN Penalty, 12 Men on the Field (-5 Yards) to the Mich 25"
400935243,2017,Michigan,home,22,False,them,them,2,10,2,False,False,False,"CINCINNATI Penalty, Delay of Game (-5 Yards) to the Mich 34"
400935243,2017,Michigan,home,22,False,us,us,4,3,3,False,False,False,"MICHIGAN Penalty, Unsportsmanlike Conduct (Nolan Ulizio) to the Mich 28"
400935243,2017,Michigan,home,22,False,us,them,1,10,4,False,False,False,"MICHIGAN Penalty, Roughing Passer (Rashan Gary) to the Mich 40 for a 1ST down"
400935243,2017,Michigan,home,22,False,them,them,3,6,4,False,False,True,"CINCINNATI Penalty, False Start (Will Steur) to the Cincy 24"
400935352,2017,Michigan,home,16,False,us,them,2,5,1,False,False,False,"MICHIGAN Penalty, Defensive Offside (Maurice Hurst) to the AFA 27 for a 1ST down"
400935352,2017,Michigan,home,16,False,them,them,3,9,2,False,False,True,"AIR FORCE Penalty, False Start (Malik Miller) to the Mich 39"
400935364,2017,Michigan,away,18,False,them,them,3,8,1,False,False,False,"PURDUE Penalty, False Start (Grant Hermanns) to the Prdue 40"
400935364,2017,Michigan,away,18,False,them,them,3,13,1,False,False,False,"PURDUE Penalty, Personal Foul (-15 Yards) to the Prdue 25"
400935364,2017,Michigan,away,18,False,them,them,1,10,1,False,False,False,"PURDUE Penalty, False Start (-5 Yards) to the Prdue 10"
400935364,2017,Michigan,away,18,False,them,them,1,10,2,False,False,False,"PURDUE Penalty, Personal Foul (-15 Yards) to the Prdue 19"
400935364,2017,Michigan,away,18,False,them,us,3,12,3,False,False,False,"PURDUE Penalty, Defensive Holding (Josh Okonye) to the Mich 37 for a 1ST down"
400935364,2017,Michigan,away,18,False,us,us,1,10,3,False,False,True,"MICHIGAN Penalty, Offensive Holding (-7 Yards) to the Mich 7"
400935364,2017,Michigan,away,18,False,us,them,4,18,3,False,False,False,"MICHIGAN Penalty, Running Into Kicker (5 Yards) to the Prdue 22"
400935364,2017,Michigan,away,18,False,us,us,2,7,4,False,False,True,"MICHIGAN Penalty, Substitution Infraction (-5 Yards) to the Prdue 34"
400935364,2017,Michigan,away,18,False,us,us,2,12,4,False,False,True,"MICHIGAN Penalty, False Start (-5 Yards) to the Prdue 39"
400935364,2017,Michigan,away,18,False,us,us,1,10,4,False,False,True,"MICHIGAN Penalty, Illegal Block (-15 Yards) to the Prdue 31"
400935364,2017,Michigan,away,18,False,us,us,1,10,4,False,False,True,"MICHIGAN Penalty, Ineligible Downfield on Pass (-5 Yards) to the Mich 19"
400935372,2017,Michigan,home,-4,True,us,them,3,4,1,False,False,True,"MICHIGAN Penalty, Unsportsmanlike Conduct (Devin Bush) to the Mich 11 for a 1ST down"
400935372,2017,Michigan,home,-4,True,us,them,2,8,1,False,False,True,"MICHIGAN ST Penalty, False Start (Brian Allen) to the Mich 14"
400935372,2017,Michigan,home,-4,True,us,us,1,10,2,False,False,False,"MICHIGAN Penalty, Offensive Holding (Karan Higdon) to the Mich 35"
400935372,2017,Michigan,home,-4,True,us,them,4,11,2,False,False,False,"MICHIGAN ST Penalty, Delay of Game (-5 Yards) to the Mich 39"
400935372,2017,Michigan,home,-4,True,us,them,4,7,2,False,False,False,"MICHIGAN ST Penalty, False Start (Grayson Miller) to the MchSt 41"
400935372,2017,Michigan,home,-4,True,us,them,1,10,3,False,False,False,"MICHIGAN ST Penalty, False Start (Cole Chewins) to the MchSt 1"
400935372,2017,Michigan,home,-4,True,us,them,4,9,3,False,False,False,"MICHIGAN ST Penalty, Delay of Game (-1 Yards) to the MchSt 2"
400935372,2017,Michigan,home,-4,True,us,them,1,10,3,False,False,False,"MICHIGAN ST Penalty, Unsportsmanlike Conduct (Mike Panasiuk) to the MchSt 43"
400935372,2017,Michigan,home,-4,True,us,them,1,10,4,False,False,False,"MICHIGAN ST Penalty, Unsportsmanlike Conduct (Matt Morrissey) to the MchSt 42"
400935372,2017,Michigan,home,-4,True,us,us,3,10,4,False,False,False,"MICHIGAN Penalty, Delay of Game (-5 Yards) to the Mich 45"
400935379,2017,Michigan,away,7,True,us,them,3,15,1,False,False,False,"MICHIGAN Penalty, Defensive Offside (Rashan Gary) to the Ind 30"
400935379,2017,Michigan,away,7,True,us,them,1,10,1,False,False,False,"MICHIGAN Penalty, Defensive Pass Interference (Lavert Hill) to the Ind 33 for a 1ST down"
400935379,2017,Michigan,away,7,True,us,them,1,10,1,False,False,False,"MICHIGAN Penalty, Substitution Infraction (5 Yards) to the Ind 49"
400935379,2017,Michigan,away,7,True,us,us,2,10,1,False,False,True,"MICHIGAN Penalty, Offensive Holding (-10 Yards) to the Ind 37"
400935379,2017,Michigan,away,7,True,us,us,2,20,1,False,False,True,"MICHIGAN Penalty, False Start (-5 Yards) to the Ind 42"
400935379,2017,Michigan,away,7,True,them,us,3,7,2,False,False,False,"INDIANA Penalty, Defensive Pass Interference (Rashard Fant) to the Mich 45 for a 1ST down"
400935379,2017,Michigan,away,7,True,them,them,3,3,2,False,False,True,"INDIANA Penalty, False Start (Ian Thomas) to the Mich 39"
400935379,2017,Michigan,away,7,True,us,us,3,3,2,False,False,False,"MICHIGAN Penalty, Delay of Game (-5 Yards) to the Mich 27"
400935379,2017,Michigan,away,7,True,us,us,3,8,3,False,False,False,"MICHIGAN Penalty, Delay of Game (-5 Yards) to the Mich 42"
400935379,2017,Michigan,away,7,True,us,us,2,12,4,False,False,False,"MICHIGAN Penalty, False Start (Tyrone Wheatley) to the Mich 27"
400935379,2017,Michigan,away,7,True,them,them,1,10,4,False,False,True,"INDIANA Penalty, False Start (Brandon Knight) to the Mich 42"
400935386,2017,Michigan,away,-29,False,us,us,4,9,4,False,False,False,"MICHIGAN Penalty, Delay of Game (-4 Yards) to the PnSt 44"
400935386,2017,Michigan,away,-29,False,us,them,3,3,4,False,False,False,"MICHIGAN Penalty, Defensive Offside (5 Yards) to the Mich 24 for a 1ST down"
400935393,2017,Michigan,home,21,False,us,us,2,13,1,False,False,False,"MICHIGAN Penalty, substitution infraction (-5 Yards) to the Mich 43"
400935393,2017,Michigan,home,21,False,them,them,4,17,1,False,False,False,"RUTGERS Penalty, false start (Darnell Davis) to the Rutgr 7"
400935393,2017,Michigan,home,21,False,them,them,2,10,2,False,False,False,"RUTGERS Penalty, Offensive holding (-10 Yards) to the Rutgr 21"
400935393,2017,Michigan,home,21,False,us,them,2,7,4,False,False,False,"MICHIGAN Penalty, roughing passer (Maurice Hurst) to the Rutgr 35 for a 1ST down"
400935393,2017,Michigan,home,21,False,them,them,3,2,4,False,False,False,"RUTGERS Penalty, false start (Kamaal Seymour) to the Rutgr 31"
400935398,2017,Michigan,home,23,False,us,us,2,7,1,False,False,True,"MICHIGAN Penalty, ineligible downfield on pass (-5 Yards) to the Minn 20"
400935398,2017,Michigan,home,23,False,us,them,1,10,1,False,False,True,"MICHIGAN Penalty, Defensive offside (5 Yards) to the Mich 42"
400935398,2017,Michigan,home,23,False,them,them,2,4,1,False,False,False,"MINNESOTA Penalty, false start (-5 Yards) to the Minn 26"
400935398,2017,Michigan,home,23,False,us,us,2,8,2,False,False,False,"MICHIGAN Penalty, personal foul (-15 Yards) to the Minn 39"
400935398,2017,Michigan,home,23,False,us,them,1,10,3,False,False,False,"MICHIGAN Penalty, personal foul (Rashan Gary) to the Mich 49 for a 1ST down"
400935398,2017,Michigan,home,23,False,them,them,4,12,3,False,False,False,"PENALTY MINN unsportsmanlike conduct off-setting, PENALTY MICH unsportsmanlike conduct off-setting, NO PLAY."
400935398,2017,Michigan,home,23,False,us,us,1,10,4,False,False,False,"MICHIGAN Penalty, false start (Juwann Bushell-Beatty) to the Mich 39"
400935398,2017,Michigan,home,23,False,us,them,2,10,4,False,False,False,"MICHIGAN Penalty, Defensive pass interference (Tyree Kinnel) to the Minn 31 for a 1ST down"
400935398,2017,Michigan,home,23,False,them,them,3,4,4,False,False,True,"MINNESOTA Penalty, false start (-5 Yards) to the Mich 10"
400935398,2017,Michigan,home,23,False,us,them,3,9,4,False,False,True,"MICHIGAN Penalty, Defensive offside (5 Yards) to the Mich 5"
400935404,2017,Michigan,away,25,False,them,them,3,10,2,False,False,False,"MARYLAND Penalty, delay of game (-5 Yards) to the Mary 27"
400935404,2017,Michigan,away,25,False,them,them,3,2,3,False,False,False,"MARYLAND Penalty, false start (Derwin Gray) to the Mary 12"
400935404,2017,Michigan,away,25,False,them,them,1,10,4,False,False,True,"MARYLAND Penalty, false start (-5 Yards) to the Mich 42"
400935404,2017,Michigan,away,25,False,them,them,3,10,4,False,False,False,"MARYLAND Penalty, delay of game (-5 Yards) to the Mary 21"
400935416,2017,Michigan,away,-14,False,us,us,1,10,3,False,False,False,"MICHIGAN Penalty, False Start (Juwann Bushell-Beatty) to the Wisc 46"
400935416,2017,Michigan,away,-14,False,them,them,3,11,3,False,False,True,"WISCONSIN Penalty, False Start (Troy Fumagalli) to the Mich 24"
400935420,2017,Michigan,home,-11,False,us,us,1,2,1,False,False,True,"MICHIGAN Penalty, False Start (Juwann Bushell-Beatty) to the OhSt 7"
400935420,2017,Michigan,home,-11,False,us,them,2,10,2,False,False,True,"MICHIGAN Penalty, Defensive Holding (Khaleke Hudson) to the Mich 22 for a 1ST down"
400935420,2017,Michigan,home,-11,False,us,us,1,10,2,False,False,False,"MICHIGAN Penalty, Offensive Holding (Ben Bredeson) to the Mich 8"
400935420,2017,Michigan,home,-11,False,us,us,4,10,2,False,False,False,"MICHIGAN Penalty, Illegal Formation (-5 Yards) to the Mich 25"
400935420,2017,Michigan,home,-11,False,us,them,3,5,3,False,False,True,"MICHIGAN Penalty, Defensive Holding (Brandon Watson) to the 50 yard line for a 1ST down"
400935420,2017,Michigan,home,-11,False,us,us,2,10,4,False,False,False,"MICHIGAN Penalty, Crackback (Chris Evans) to the Mich 13"
400953410,2017,Michigan,away,-7,True,us,us,3,4,1,False,False,False,"MICHIGAN Penalty, False Start (-5 Yards) to the Mich 13"
400953410,2017,Michigan,away,-7,True,them,them,4,8,2,False,False,False,"SOUTH CAROLINA Penalty, False Start (-5 Yards) to the SCaro 16"
400953410,2017,Michigan,away,-7,True,them,them,4,1,2,False,False,False,"SOUTH CAROLINA Penalty, Delay of Game (-5 Yards) to the SCaro 39"
400953410,2017,Michigan,away,-7,True,us,us,4,11,2,False,False,False,"MICHIGAN Penalty, Delay of Game (-5 Yards) to the Mich 21"
400953410,2017,Michigan,away,-7,True,us,us,3,10,4,False,False,False,"MICHIGAN Penalty, False Start (-5 Yards) to the Mich 34"
401012888,2018,Michigan,away,-7,True,them,us,1,10,1,False,False,False,"NOTRE DAME Penalty, Personal Foul (Jonathan Doerer) to the Mich 27 for a 1ST down"
401012888,2018,Michigan,away,-7,True,us,us,1,10,3,False,False,False,"MICHIGAN Penalty, Delay of Game (-5 Yards) to the Mich 20"
401012889,2018,Michigan,home,46,False,us,us,1,10,1,False,False,False,"MICHIGAN Penalty, false start (-5 Yards) to the Mich 33"
401012889,2018,Michigan,home,46,False,us,them,2,10,2,False,False,False,"MICHIGAN Penalty, Defensive pass interference (Lavert Hill) to the WMich 35 for a 1ST down"
401012889,2018,Michigan,home,46,False,us,them,2,20,2,False,False,False,"MICHIGAN Penalty, personal foul (Khaleke Hudson) to the WMich 40 for a 1ST down"
401012889,2018,Michigan,home,46,False,us,us,1,10,2,False,False,True,"WESTRN MICHIGAN Penalty, substitution infraction (5 Yards) to the WMich 44"
401012889,2018,Michigan,home,46,False,us,them,1,10,2,False,False,False,"MICHIGAN Penalty, Defensive offside (Noah Furbush) to the WMich 48"
401012889,2018,Michigan,home,46,False,us,them,4,11,2,False,False,False,"WESTRN MICHIGAN Penalty, delay of game (-5 Yards) to the WMich 37"
401012889,2018,Michigan,home,46,False,us,us,1,10,3,False,False,True,"WESTRN MICHIGAN Penalty, Defensive pass interference (15 Yards) to the WMich 9 for a 1ST down"
401012889,2018,Michigan,home,46,False,us,them,3,6,4,False,False,False,"MICHIGAN Penalty, Defensive offside (Josh Uche) to the 50 yard line"
401012889,2018,Michigan,home,46,False,us,them,3,8,4,False,False,True,"MICHIGAN Penalty, Defensive holding (Ambry Thomas) to the Mich 18 for a 1ST down"
401012889,2018,Michigan,home,46,False,us,them,4,10,4,False,False,True,"WESTRN MICHIGAN Penalty, delay of game (-5 Yards) to the Mich 23"
401012889,2018,Michigan,home,46,False,us,them,4,15,4,False,False,True,"MICHIGAN Penalty, Defensive offside (Ambry Thomas) to the Mich 18"
401012890,2018,Michigan,home,25,False,them,us,1,10,2,False,False,True,"SMU Penalty, unsportsmanlike conduct (15 Yards) to the SMU 35 for a 1ST down"
401012890,2018,Michigan,home,25,False,us,them,2,10,2,False,False,True,"MICHIGAN Penalty, Defensive offside (5 Yards) to the SMU 30"
401012890,2018,Michigan,home,25,False,us,them,2,17,2,False,False,True,"MICHIGAN Penalty, Defensive pass interference (Josh Metellus) to the Mich 36 for a 1ST down"
401012890,2018,Michigan,home,25,False,us,them,4,10,3,False,False,False,"MICHIGAN Penalty, illegal formation (5 Yards) to the SMU 30"
401012890,2018,Michigan,home,25,False,them,us,1,10,3,False,False,True,"SMU Penalty, unsportsmanlike conduct (15 Yards) to the Mich 38 for a 1ST down"
401012890,2018,Michigan,home,25,False,us,us,1,10,3,False,False,True,"MICHIGAN Penalty, Offensive holding (Tru Wilson) to the Mich 44"
401012890,2018,Michigan,home,25,False,us,them,3,10,3,False,False,True,"MICHIGAN Penalty, Defensive pass interference (Tyree Kinnel) to the SMU 41 for a 1ST down"
401012890,2018,Michigan,home,25,False,us,them,2,5,3,False,False,True,"MICHIGAN Penalty, personal foul (Khaleke Hudson) to the Mich 39 for a 1ST down"
401012890,2018,Michigan,home,25,False,us,them,1,10,3,False,False,True,"MICHIGAN Penalty, Defensive pass interference (Lavert Hill) to the Mich 8 for a 1ST down"
401012890,2018,Michigan,home,25,False,us,them,1,10,3,False,False,True,"MICHIGAN Penalty, Defensive pass interference (Josh Ross) to the SMU 35 for a 1ST down"
401012890,2018,Michigan,home,25,False,them,them,2,1,3,False,False,True,"SMU Penalty, Offensive holding (Ryan Becker) to the SMU 34"
401012890,2018,Michigan,home,25,False,them,them,2,8,4,False,False,True,"SMU Penalty, Offensive holding (Ryan Becker) to the Mich 34"
401012890,2018,Michigan,home,25,False,us,us,1,10,4,False,False,True,"MICHIGAN Penalty, false start (Zach Gentry) to the Mich 20"
401012890,2018,Michigan,home,25,False,them,us,2,2,4,False,False,True,"SMU Penalty, substitution infraction (5 Yards) to the SMU 31 for a 1ST down"
401012890,2018,Michigan,home,25,False,us,them,2,10,4,False,False,False,"MICHIGAN Penalty, roughing passer (15 Yards) to the Mich 24 for a 1ST down"
401012890,2018,Michigan,home,25,False,us,them,1,10,4,False,False,False,"MICHIGAN Penalty, Defensive offside (5 Yards) to the Mich 19"
401012891,2018,Michigan,home,46,False,us,them,4,10,1,False,False,False,"MICHIGAN Penalty, False Start (-5 Yards) to the Mich 8"
401012891,2018,Michigan,home,46,False,them,us,2,10,2,False,False,False,"NEBRASKA Penalty, Delay of Game (-5 Yards) to the Neb 20"
401012891,2018,Michigan,home,46,False,them,us,1,10,2,False,False,True,"NEBRASKA Penalty, Offensive Holding (-10 Yards) to the Neb 12"
401012891,2018,Michigan,home,46,False,them,them,1,10,3,False,False,True,"NEBRASKA Penalty, False Start (-5 Yards) to the Neb 35"
401012891,2018,Michigan,home,46,False,us,them,3,7,3,False,False,True,"MICHIGAN Penalty, Defensive Offside (5 Yards) to the Mich 15"
401012891,2018,Michigan,home,46,False,them,them,3,14,4,False,False,False,"NEBRASKA Penalty, Illegal Block (-8 Yards) to the Neb 15"
401012891,2018,Michigan,home,46,False,them,them,1,10,4,False,False,True,"NEBRASKA Penalty, Ineligible Downfield on Pass (-5 Yards) to the Mich 15"
401012891,2018,Michigan,home,46,False,us,them,1,15,4,False,False,True,"MICHIGAN Penalty, Defensive Pass Interference (13 Yards) to the Mich 2"
401012891,2018,Michigan,home,46,False,us,them,2,7,4,False,False,True,"MICHIGAN Penalty, Defensive Offside (4 Yards) to the Mich 3"
401012892,2018,Michigan,away,3,True,us,them,3,10,2,False,False,True,"Thorson, C. pass incomplete to Skowronek, B. (Long, David), PENALTY MICH pass interference (Long, David) 15 yards to the MICH7, 1ST DOWN NU, NO PLAY."
401012892,2018,Michigan,away,3,True,us,them,3,13,2,False,False,False,"Thorson, C. pass incomplete to Nagel, Flynn, PENALTY MICH holding (Hill, Lavert) 10 yards to the NU45, 1ST DOWN NU, NO PLAY."
401012892,2018,Michigan,away,3,True,us,us,4,3,2,False,False,False,"MICHIGAN Penalty, false start (Zach Gentry) to the Nwest 46"
401012892,2018,Michigan,away,3,True,us,us,2,10,2,False,False,False,"Patterson, Shea rush for 15 yards to the NU46, out-of-bounds (McGee, Jared), PENALTY MICH holding (Runyan, Jon) 10 yards to the MICH29, NO PLAY."
401012892,2018,Michigan,away,3,True,us,them,4,14,3,False,False,False,"MICHIGAN Penalty, offside defense (Khaleke Hudson) to the Nwest 38"
401012892,2018,Michigan,away,3,True,us,us,2,8,4,False,False,False,"Patterson, Shea rush for 20 yards to the NU41, out-of-bounds (McGee, Jared), PENALTY MICH holding (Higdon, Karan) 10 yards to the MICH29, NO PLAY."
401012892,2018,Michigan,away,3,True,us,us,4,11,4,False,False,False,"Hart, Will punt 54 yards to the NU10, Lees, Riley return to the NU13 (Wangler, Jared), PENALTY MICH illegal formation 5 yards to the MICH31, NO PLAY."
401012892,2018,Michigan,away,3,True,us,us,4,1,4,False,False,False,"MICHIGAN Penalty, delay of game (-5 Yards) to the 50 yard line"
401012876,2018,Michigan,home,21,False,us,them,1,10,3,False,False,False,"MICHIGAN Penalty, Unsportsmanlike Conduct (15 Yards) to the Mary 40 for a 1ST down"
401012876,2018,Michigan,home,21,False,them,them,1,10,3,False,False,False,"MARYLAND Penalty, Illegal Formation (-5 Yards) to the Mary 35"
401012876,2018,Michigan,home,21,False,them,them,2,10,3,False,False,False,"MARYLAND Penalty, False Start (Avery Edwards) to the Mary 35"
401012876,2018,Michigan,home,21,False,them,us,1,10,3,False,False,True,"MARYLAND Penalty, Personal Foul (Rayshad Lewis) to the Mary 13 for a 1ST down (Rayshad Lewis was ejected for Targeting)"
401012876,2018,Michigan,home,21,False,us,us,2,7,3,False,False,True,"MICHIGAN Penalty, False Start (Cesar Ruiz) to the Mary 15"
401012876,2018,Michigan,home,21,False,them,them,4,1,4,False,False,True,"MARYLAND Penalty, False Start (Marcus Minor) to the Mich 15"
401012893,2018,Michigan,home,25,False,them,them,3,7,2,False,False,False,"WISCONSIN Penalty, False Start (-5 Yards) to the Wisc 23"
401012893,2018,Michigan,home,25,False,them,us,3,5,3,False,False,True,"WISCONSIN Penalty, Defensive Holding (10 Yards) to the Mich 40 for a 1ST down"
401012893,2018,Michigan,home,25,False,them,us,4,6,3,False,False,True,"WISCONSIN Penalty, Personal Foul (15 Yards) to the Wisc 41 for a 1ST down"
401012884,2018,Michigan,away,14,False,us,us,4,10,2,False,False,False,"MICHIGAN Penalty, Delay of Game (-5 Yards) to the MchSt 40"
401012884,2018,Michigan,away,14,False,us,them,1,10,2,False,False,False,"MICHIGAN ST Penalty, Delay of Game (-5 Yards) to the MchSt 15"
401012884,2018,Michigan,away,14,False,us,us,2,7,4,False,False,False,"MICHIGAN Penalty, False Start (Andrew Stueber) to the Mich 45"
401012884,2018,Michigan,away,14,False,us,us,4,4,4,False,False,False,"MICHIGAN Penalty, Unsportsmanlike Conduct (-15 Yards) to the Mich 38"
401012894,2018,Michigan,home,35,False,us,us,4,7,2,False,False,False,"MICHIGAN Penalty, Delay of Game (-5 Yards) to the PnSt 40"
401012894,2018,Michigan,home,35,False,us,us,1,10,4,False,False,True,"MICHIGAN Penalty, Offensive Holding (-10 Yards) to the Mich 49"
401012894,2018,Michigan,home,35,False,us,them,3,14,4,False,False,True,"MICHIGAN Penalty, Defensive Offside (5 Yards) to the Mich 41"
401012848,2018,Michigan,away,35,False,us,us,4,3,2,False,False,False,"MICHIGAN Penalty, Delay of Game (-5 Yards) to the Rutgr 48"
401012860,2018,Michigan,home,11,False,them,them,2,7,2,False,False,False,"INDIANA Penalty, False Start (Brandon Knight) to the Ind 38"
401012860,2018,Michigan,home,11,False,them,them,2,10,3,False,False,False,"INDIANA Penalty, False Start (-5 Yards) to the Ind 35"
401012860,2018,Michigan,home,11,False,them,them,4,18,3,False,False,False,"INDIANA Penalty, Delay of Game (-3 Yards) to the Ind 43"
401012860,2018,Michigan,home,11,False,us,us,1,10,3,False,False,True,"MICHIGAN Penalty, Offensive Holding (Sean McKeon) to the Mich 10"
401012860,2018,Michigan,home,11,False,us,them,1,10,4,False,False,True,"MICHIGAN Penalty, Defensive Pass Interference (Josh Metellus) to the Mich 49 for a 1ST down"
401012895,2018,Michigan,away,-23,False,us,us,4,2,2,False,False,False,"MICHIGAN Penalty, False Start (Michael Onwenu) to the OhSt 47"
401012895,2018,Michigan,away,-23,False,us,them,1,10,2,False,False,True,"MICHIGAN Penalty, Substitution Infraction (5 Yards) to the Mich 36"
401032076,2018,Michigan,home,-26,False,them,them,4,14,1,False,False,False,"FLORIDA Penalty, False Start (Kylan Johnson) to the Fla 29"
401032076,2018,Michigan,home,-26,False,us,us,1,10,1,False,False,False,"MICHIGAN Penalty, False Start (Nick Eubanks) to the Mich 3"
401032076,2018,Michigan,home,-26,False,us,us,2,5,2,False,False,False,"MICHIGAN Penalty, False Start (Andrew Stueber) to the Mich 25"
401032076,2018,Michigan,home,-26,False,them,them,4,18,2,False,False,False,"FLORIDA Penalty, False Start (Ventrell Miller) to the Fla 39"
401032076,2018,Michigan,home,-26,False,us,us,1,10,4,False,False,True,"MICHIGAN Penalty, Delay of Game (-5 Yards) to the Mich 25"
401112222,2019,Michigan,home,19,False,us,us,2,7,1,False,False,False,"MICHIGAN Penalty, Substitution Infraction (-5 Yards) to the MTnSt 33"
401112222,2019,Michigan,home,19,False,us,them,2,13,2,False,False,False,"MICHIGAN Penalty, Defensive Offside (Ben Mason) to the MTnSt 27"
401112222,2019,Michigan,home,19,False,us,us,1,10,3,False,False,False,"MICHIGAN Penalty, Ineligible Downfield on Pass (-5 Yards) to the Mich 48"
401112222,2019,Michigan,home,19,False,us,us,1,10,3,False,False,True,"MICHIGAN Penalty, Delay of Game (-5 Yards) to the MTnSt 39"
401112222,2019,Michigan,home,19,False,us,us,1,9,4,False,False,False,"MICHIGAN Penalty, False Start (-5 Yards) to the MTnSt 14"
401112222,2019,Michigan,home,19,False,us,them,2,10,4,False,False,False,"MICHIGAN Penalty, Defensive Offside (5 Yards) to the MTnSt 30"
401112222,2019,Michigan,home,19,False,us,us,3,5,4,False,False,False,"MICHIGAN Penalty, Offensive Holding (-10 Yards) to the Mich 40"
401112223,2019,Michigan,home,3,True,us,us,1,10,1,False,False,False,"MICHIGAN Penalty, False Start (Ben Bredeson) to the Mich 46"
401112223,2019,Michigan,home,3,True,us,us,4,5,1,False,False,True,"MICHIGAN Penalty, False Start (Devin Gil) to the Mich 42"
401112223,2019,Michigan,home,3,True,them,us,3,0,1,False,False,True,"Patterson, Shea pass incomplete to Collins, Nico, PENALTY ARMY pass interference (Riley, Elijah) 4 yards to the ARMY2, NO PLAY, 1ST DOWN MICHIGAN."
401112223,2019,Michigan,home,3,True,them,us,4,1,2,False,False,False,"Charbonnet, Zach rush for 3 yards to the MICHIGAN35, PENALTY ARMY substitution infraction 5 yards to the MICHIGAN37, NO PLAY, 1ST DOWN MICHIGAN."
401112223,2019,Michigan,home,3,True,us,us,1,10,2,False,False,False,"MICHIGAN Penalty, False Start (Cesar Ruiz) to the Mich 32"
401112223,2019,Michigan,home,3,True,us,us,1,10,2,False,False,False,"MICHIGAN Penalty, False Start (Ben Bredeson) to the Mich 45"
401112223,2019,Michigan,home,3,True,them,them,2,0,3,False,False,False,"ARMY Penalty, False Start (Connor Slomka) to the Mich 6"
401112223,2019,Michigan,home,3,True,them,us,3,8,3,False,False,True,"Patterson, Shea pass incomplete to Collins, Nico, PENALTY ARMY pass interference (Riley, Elijah) 15 yards to the ARMY49, NO PLAY, 1ST DOWN MICHIGAN."
401112223,2019,Michigan,home,3,True,them,them,1,10,3,False,False,False,"Hopkins Jr., Kelvin rush for 1 yard to the ARMY26, PENALTY ARMY holding (Reeder, Peyton) 10 yards to the ARMY15, NO PLAY."
401112223,2019,Michigan,home,3,True,them,us,1,10,5,False,False,True,"Patterson, Shea pass incomplete to Black, Tarik, PENALTY ARMY pass interference 9 yards to the ARMY3, NO PLAY, 1ST DOWN MICHIGAN."
401112224,2019,Michigan,away,-21,False,them,them,3,5,2,False,False,False,"WISCONSIN Penalty, False Start (Quintez Cephus) to the Mich 48"
401112224,2019,Michigan,away,-21,False,them,them,4,1,4,False,False,False,"WISCONSIN Penalty, Delay of Game (-5 Yards) to the Wisc 35"
401112224,2019,Michigan,away,-21,False,them,them,1,10,4,False,False,False,"WISCONSIN Penalty, False Start (Jason Erdmann) to the Mich 26"
401112225,2019,Michigan,home,52,False,them,them,4,1,1,False,False,False,"RUTGERS Penalty, delay of game (-5 Yards) to the Rutgr 26"
401112225,2019,Michigan,home,52,False,us,us,2,2,1,False,False,True,"Charbonnet, Z. rush for 3 yards to the RU33 (Singleton, Drew), PENALTY MICH illegal formation 5 yards to the RU41, NO PLAY."
401112225,2019,Michigan,home,52,False,us,us,3,3,1,False,False,True,"MICHIGAN Penalty, false start (-5 Yards) to the Rutgr 42"
401112225,2019,Michigan,home,52,False,them,us,1,10,1,False,False,True,"RUTGERS Penalty, Defensive holding (10 Yards) to the Rutgr 22 for a 1ST down"
401112225,2019,Michigan,home,52,False,us,them,1,10,1,False,False,False,"Sitkowski, A. pass incomplete, PENALTY MICH holding (Hill, Lavert) 10 yards to the MICH12, 1ST DOWN RU, NO PLAY."
401112225,2019,Michigan,home,52,False,them,them,3,20,2,False,False,False,"RUTGERS Penalty, delay of game (-5 Yards) to the Rutgr 24"
401112225,2019,Michigan,home,52,False,us,us,1,10,2,False,False,True,"MICHIGAN Penalty, ineligible downfield on pass (Donovan Peoples-Jones) to the Rutgr 36"
401112225,2019,Michigan,home,52,False,us,them,3,5,3,False,False,False,"Sitkowski, A. pass incomplete to Blackshear, R., PENALTY MICH pass interference (McGrone, Cam) 2 yards to the RU32, 1ST DOWN RU, NO PLAY."
401112225,2019,Michigan,home,52,False,them,them,4,9,3,False,False,False,"RUTGERS Penalty, false start (-5 Yards) to the Rutgr 21"
401112225,2019,Michigan,home,52,False,them,them,4,14,3,False,False,False,"RUTGERS Penalty, false start (-5 Yards) to the Rutgr 16"
401112225,2019,Michigan,home,52,False,them,us,1,10,4,False,False,True,"RUTGERS Penalty, player disqualification (Avery Young) to the Rutgr 28 for a 1ST down"
401112194,2019,Michigan,home,7,True,them,them,3,17,2,False,False,False,"IOWA Penalty, Delay of Game (-5 Yards) to the Iowa 8"
401112194,2019,Michigan,home,7,True,us,them,1,10,2,False,False,False,"MICHIGAN Penalty, Defensive Pass Interference (15 Yards) to the Mich 43 for a 1ST down"
401112194,2019,Michigan,home,7,True,them,them,4,14,2,False,False,False,"IOWA Penalty, Delay of Game (-5 Yards) to the Mich 42"
401112194,2019,Michigan,home,7,True,them,us,1,10,2,False,False,False,"IOWA Penalty, Personal Foul (15 Yards) to the Iowa 40 for a 1ST down"
401112194,2019,Michigan,home,7,True,us,us,1,10,3,False,False,False,"MICHIGAN Penalty, False Start (-5 Yards) to the Mich 44"
401112194,2019,Michigan,home,7,True,them,them,2,10,3,False,False,False,"IOWA Penalty, Offensive Holding (-10 Yards) to the Iowa 26"
401112194,2019,Michigan,home,7,True,us,them,1,10,4,False,False,False,"MICHIGAN Penalty, Defensive Holding (10 Yards) to the Iowa 42 for a 1ST down"
401112194,2019,Michigan,home,7,True,us,us,4,3,4,False,False,False,"MICHIGAN Penalty, Delay of Game (-5 Yards) to the Mich 42"
401112194,2019,Michigan,home,7,True,them,them,1,10,4,False,False,False,"IOWA Penalty, Offensive Holding (-10 Yards) to the Mich 35"
401112194,2019,Michigan,home,7,True,them,them,1,20,4,False,False,False,"IOWA Penalty, Offensive Holding (-10 Yards) to the Mich 45"
401112194,2019,Michigan,home,7,True,them,them,3,19,4,False,False,False,"IOWA Penalty, False Start (-5 Yards) to the Mich 39"
401112150,2019,Michigan,away,17,False,us,us,2,10,1,False,False,False,"MICHIGAN Penalty, Unsportsmanlike Conduct (Ben Mason) to the Illin 26"
401112150,2019,Michigan,away,17,False,them,us,3,26,1,False,False,False,"ILLINOIS Penalty, Substitution Infraction (5 Yards) to the Illin 21"
401112150,2019,Michigan,away,17,False,them,them,2,4,1,False,False,False,"ILLINOIS Penalty, False Start (Vederian Lowe) to the Mich 41"
401112150,2019,Michigan,away,17,False,them,them,2,10,2,False,False,False,"ILLINOIS Penalty, Offensive Holding (-10 Yards) to the Illin 30"
401112150,2019,Michigan,away,17,False,us,them,2,20,2,False,False,False,"MICHIGAN Penalty, Personal Foul (15 Yards) to the Illin 45 for a 1ST down"
401112150,2019,Michigan,away,17,False,them,them,3,6,3,False,False,True,"ILLINOIS Penalty, Offensive Holding (-10 Yards) to the Mich 32"
401112150,2019,Michigan,away,17,False,them,us,3,9,3,False,False,False,"ILLINOIS Penalty, Defensive Pass Interference (15 Yards) to the Illin 45 for a 1ST down"
401112150,2019,Michigan,away,17,False,us,them,1,10,3,False,False,True,"MICHIGAN Penalty, Substitution Infraction (5 Yards) to the Mich 11"
401112150,2019,Michigan,away,17,False,us,them,3,3,3,False,False,True,"MICHIGAN Penalty, Defensive Holding (2 Yards) to the Mich 1 for a 1ST down"
401112150,2019,Michigan,away,17,False,them,them,1,10,4,False,False,True,"ILLINOIS Penalty, Offensive Holding (-10 Yards) to the Mich 23"
401112226,2019,Michigan,away,-7,True,us,us,3,9,1,False,False,False,"MICHIGAN Penalty, False Start (-5 Yards) to the Mich 11"
401112226,2019,Michigan,away,-7,True,us,them,2,7,1,False,False,True,"MICHIGAN Penalty, Defensive Offside (5 Yards) to the PnSt 42"
401112226,2019,Michigan,away,-7,True,us,them,2,5,2,False,False,True,"MICHIGAN Penalty, Defensive Offside (2 Yards) to the Mich 3"
401112226,2019,Michigan,away,-7,True,us,them,2,3,2,False,False,True,"MICHIGAN Penalty, Defensive Offside (1 Yards) to the Mich 2"
401112226,2019,Michigan,away,-7,True,us,us,1,10,2,False,False,True,"MICHIGAN Penalty, False Start (-5 Yards) to the PnSt 49"
401112226,2019,Michigan,away,-7,True,us,us,1,10,2,False,False,True,"MICHIGAN Penalty, Ineligible Downfield on Pass (-5 Yards) to the PnSt 27"
401112226,2019,Michigan,away,-7,True,us,them,3,11,4,False,False,True,"MICHIGAN Penalty, Defensive Holding (10 Yards) to the PnSt 34 for a 1ST down"
401112227,2019,Michigan,home,31,False,us,them,4,9,1,False,False,False,"MICHIGAN Penalty, Roughing the Kicker (15 Yards) to the Mich 40 for a 1ST down"
401112227,2019,Michigan,home,31,False,them,them,2,14,1,False,False,False,"NOTRE DAME Penalty, False Start (-5 Yards) to the Mich 49"
401112227,2019,Michigan,home,31,False,us,them,3,10,3,False,False,True,"MICHIGAN Penalty, Defensive Pass Interference (15 Yards) to the Mich 42 for a 1ST down"
401112227,2019,Michigan,home,31,False,them,them,3,10,3,False,False,False,"NOTRE DAME Penalty, False Start (-5 Yards) to the NDame 20"
401112227,2019,Michigan,home,31,False,them,them,4,11,3,False,False,False,"NOTRE DAME Penalty, False Start (-5 Yards) to the NDame 19"
401112227,2019,Michigan,home,31,False,them,them,3,21,4,False,False,False,"NOTRE DAME Penalty, Offensive Holding (-7 Yards) to the NDame 7"
401112227,2019,Michigan,home,31,False,us,us,1,10,4,False,False,False,"MICHIGAN Penalty, False Start (-5 Yards) to the NDame 47"
401112208,2019,Michigan,away,31,False,them,them,2,4,1,False,False,False,"MARYLAND Penalty, False Start (-5 Yards) to the Mary 31"
401112208,2019,Michigan,away,31,False,us,them,1,10,1,False,False,False,"MICHIGAN Penalty, Defensive Offside (5 Yards) to the Mich 34"
401112208,2019,Michigan,away,31,False,them,them,2,20,2,False,False,False,"MARYLAND Penalty, False Start (Marcus Minor) to the Mary 14"
401112208,2019,Michigan,away,31,False,them,them,4,21,2,False,False,False,"MARYLAND Penalty, False Start (James Rosenberry) to the Mary 13"
401112219,2019,Michigan,home,34,False,us,us,3,9,1,False,False,False,"MICHIGAN Penalty, False Start (Tarik Black) to the Mich 12"
401112219,2019,Michigan,home,34,False,us,them,2,2,1,False,False,False,"MICHIGAN Penalty, Defensive Offside (Carlo Kemp) to the Mich 45 for a 1ST down"
401112219,2019,Michigan,home,34,False,us,them,2,11,2,False,False,False,"MICHIGAN Penalty, Unsportsmanlike Conduct (Aidan Hutchinson) to the MchSt 40 for a 1ST down"
401112219,2019,Michigan,home,34,False,us,them,1,10,2,False,False,False,"MICHIGAN ST Penalty, Unsportsmanlike Conduct (Cody White) to the MchSt 48"
401112219,2019,Michigan,home,34,False,us,them,1,10,2,False,False,False,"MICHIGAN ST Penalty, Unsportsmanlike Conduct (Luke Campbell) to the MchSt 33"
401112219,2019,Michigan,home,34,False,us,them,3,3,3,False,False,True,"MICHIGAN Penalty, Substitution Infraction (5 Yards) to the Mich 18 for a 1ST down"
401112219,2019,Michigan,home,34,False,us,them,4,1,4,False,False,False,"MICHIGAN ST Penalty, False Start (AJ Arcuri) to the MchSt 40"
401112219,2019,Michigan,home,34,False,us,them,1,10,4,False,False,False,"MICHIGAN Penalty, Sideline Interference (15 Yards) to the MchSt 36 for a 1ST down"
401112219,2019,Michigan,home,34,False,us,us,1,10,4,False,False,True,"MICHIGAN ST Penalty, Unsportsmanlike Conduct (Jacub Panasiuk) to the MchSt 47 for a 1ST down"
401112167,2019,Michigan,away,25,False,them,them,2,5,1,False,False,False,"INDIANA Penalty, False Start (Matthew Bedford) to the Ind 36"
401112167,2019,Michigan,away,25,False,us,us,2,10,1,False,False,False,"MICHIGAN Penalty, False Start (-5 Yards) to the Mich 38"
401112167,2019,Michigan,away,25,False,us,them,1,10,2,False,False,False,"MICHIGAN Penalty, Unsportsmanlike Conduct (Erick All) to the Ind 40 for a 1ST down"
401112167,2019,Michigan,away,25,False,them,them,4,1,3,False,False,False,"INDIANA Penalty, Offensive Holding (Matthew Bedford) to the Mich 42"
401112167,2019,Michigan,away,25,False,us,us,1,10,3,False,False,False,"MICHIGAN Penalty, False Start (Ben Bredeson) to the Mich 21"
401112228,2019,Michigan,home,-29,False,us,them,4,4,2,False,False,True,"MICHIGAN Penalty, Defensive Offside (Khaleke Hudson) to the OhSt 48 for a 1ST down"
401112228,2019,Michigan,home,-29,False,us,them,2,2,3,False,False,True,"MICHIGAN Penalty, Personal Foul (Cameron McGrone) to the Mich 2 for a 1ST down"
401135286,2019,Michigan,away,-19,False,them,them,4,6,1,False,False,False,"ALABAMA Penalty, Delay of Game (-5 Yards) to the Alab 45"
401135286,2019,Michigan,away,-19,False,us,us,1,10,2,False,False,True,"MICHIGAN Penalty, Offensive Holding (Jon Runyan) to the 50 yard line"
401135286,2019,Michigan,away,-19,False,us,them,2,6,2,False,False,True,"MICHIGAN Penalty, Defensive Pass Interference (Lavert Hill) to the Mich 26 for a 1ST down"
401135286,2019,Michigan,away,-19,False,them,them,3,5,2,False,False,True,"ALABAMA Penalty, False Start (Landon Dickerson) to the Mich 26"
401135286,2019,Michigan,away,-19,False,us,them,3,10,2,False,False,True,"MICHIGAN Penalty, Roughing Passer (Aidan Hutchinson) to the Mich 13 for a 1ST down"
401135286,2019,Michigan,away,-19,False,them,us,1,10,2,False,False,True,"ALABAMA Penalty, Defensive Offside (5 Yards) to the Mich 48"
401135286,2019,Michigan,away,-19,False,us,us,3,1,3,False,False,False,"MICHIGAN Penalty, False Start (-5 Yards) to the Mich 41"
401135286,2019,Michigan,away,-19,False,them,them,2,3,3,False,False,False,"ALABAMA Penalty, False Start (Alex Leatherwood) to the Alab 37"
401135286,2019,Michigan,away,-19,False,them,them,3,15,3,False,False,False,"ALABAMA Penalty, False Start (Jedrick Wills Jr.) to the Alab 45"
401135286,2019,Michigan,away,-19,False,us,us,2,10,3,False,False,False,"MICHIGAN Penalty, False Start (Nico Collins) to the Mich 36"
401135286,2019,Michigan,away,-19,False,us,us,2,15,3,False,False,False,"MICHIGAN Penalty, False Start (Jalen Mayfield) to the Mich 31"
401247294,2020,Michigan,away,25,False,us,us,2,7,1,False,False,False,"MICHIGAN Penalty, Unsportsmanlike Conduct (-15 Yards) to the Mich 42"
401247294,2020,Michigan,away,25,False,them,them,1,2,1,False,False,True,"MINNESOTA Penalty, False Start (-5 Yards) to the Mich 7"
401247294,2020,Michigan,away,25,False,us,us,2,6,2,False,False,True,"MICHIGAN Penalty, False Start (Ryan Hayes) to the Minn 36"
401247294,2020,Michigan,away,25,False,them,us,2,13,2,False,False,True,"MINNESOTA Penalty, Defensive Offside (5 Yards) to the Minn 33"
401247294,2020,Michigan,away,25,False,them,them,1,10,4,False,False,False,"MINNESOTA Penalty, False Start (Brevyn Spann-Ford) to the Minn 31"
401247305,2020,Michigan,home,-3,True,us,them,2,8,1,False,False,False,"Lombardi, Rocky pass incomplete to Reed, Jayden, PENALTY MICH pass interference (Green, Gemon) 15 yards to the MSU42, 1ST DOWN MSU, NO PLAY."
401247305,2020,Michigan,home,-3,True,us,them,1,10,1,False,False,False,"Lombardi, Rocky pass incomplete to White, Ricky, PENALTY MICH holding (Gray, Vincent) 10 yards to the MSU18, 1ST DOWN MSU, NO PLAY."
401247305,2020,Michigan,home,-3,True,us,them,3,5,1,False,False,False,"MICHIGAN Penalty, delay of game (5 Yards) to the MchSt 28 for a 1ST down"
401247305,2020,Michigan,home,-3,True,us,them,3,10,1,False,False,False,"Lombardi, Rocky pass incomplete to Nailor, Jalen, PENALTY MICH pass interference (Gray, Vincent) 15 yards to the MSU43, 1ST DOWN MSU, NO PLAY."
401247305,2020,Michigan,home,-3,True,us,them,3,8,2,False,False,False,"MICHIGAN Penalty, Defensive offside (Aidan Hutchinson) to the 50 yard line"
401247305,2020,Michigan,home,-3,True,us,us,2,10,2,False,False,False,"Milton, Joe pass complete to Johnson, C. for 8 yards to the MSU34 (Camper, Jack), PENALTY MICH holding (Filiaga, Chuck) 10 yards to the MICH48, NO PLAY."
401247305,2020,Michigan,home,-3,True,us,us,3,10,3,False,False,True,"MICHIGAN ST Penalty, unsportsmanlike conduct (Shakur Brown) to the MchSt 26 for a 1ST down"
401247305,2020,Michigan,home,-3,True,us,us,3,10,3,False,False,False,"MICHIGAN Penalty, false start (Ryan Hayes) to the MchSt 41"
401247305,2020,Michigan,home,-3,True,us,them,2,5,3,False,False,False,"Lombardi, Rocky pass incomplete to Nailor, Jalen, PENALTY MICH holding (Perry, Jalen) 10 yards to the MICH42, 1ST DOWN MSU, NO PLAY."
401247305,2020,Michigan,home,-3,True,us,them,3,10,3,False,False,False,"MICHIGAN Penalty, Defensive offside (5 Yards) to the Mich 37"
401247305,2020,Michigan,home,-3,True,us,them,1,3,4,False,False,True,"MICHIGAN ST Penalty, clipping (-15 Yards) to the Mich 18"
401247305,2020,Michigan,home,-3,True,us,us,1,10,4,False,False,True,"MICHIGAN ST Penalty, substitution infraction (5 Yards) to the Mich 35"
401247319,2020,Michigan,home,-38,False,us,us,1,10,1,False,False,False,"MICHIGAN Penalty, False Start (-5 Yards) to the Mich 42"
401247319,2020,Michigan,home,-38,False,us,them,4,5,3,False,False,True,"MICHIGAN Penalty, Running Into Kicker (5 Yards) to the Wisc 35 for a 1ST down"
401247324,2020,Michigan,away,6,True,them,them,4,12,1,False,False,False,"RUTGERS Penalty, Delay of Game (-5 Yards) to the Rutgr 33"
401247324,2020,Michigan,away,6,True,them,us,4,6,1,False,False,False,"RUTGERS Penalty, Running Into Kicker (5 Yards) to the Rutgr 43"
401247324,2020,Michigan,away,6,True,them,them,2,8,2,False,False,True,"RUTGERS Penalty, Illegal Block (Tyreek Maddox-Williams) to the Rutgr 30"
401247324,2020,Michigan,away,6,True,us,us,2,8,3,False,False,False,"MICHIGAN Penalty, False Start (Nick Eubanks) to the Mich 33"
401247324,2020,Michigan,away,6,True,us,us,3,13,3,False,False,False,"MICHIGAN Penalty, Delay of Game (-5 Yards) to the Mich 28"
401247324,2020,Michigan,away,6,True,them,them,1,10,4,False,False,True,"RUTGERS Penalty, False Start (Raiqwon O'Neal) to the Mich 27"
401247333,2020,Michigan,home,-10,False,them,us,3,10,4,False,False,False,"McNamara, Cade sacked for loss of 5 yards to the MICH39 (Hardy, Daequan), fumble by McNamara, Cade recovered by PSU Oweh, Jayson at MICH39, Oweh, Jayson for 10 "
401282772,2021,Michigan,home,33,False,us,us,1,10,1,False,False,True,"MICHIGAN Penalty, False Start (-5 Yards) to the WMich 26"
401282772,2021,Michigan,home,33,False,us,them,4,4,2,False,False,False,"WESTRN MICHIGAN Penalty, Delay of Game (-5 Yards) to the WMich 26"
401282772,2021,Michigan,home,33,False,us,them,2,10,3,False,False,False,"WESTRN MICHIGAN Penalty, Offensive Holding (-10 Yards) to the WMich 45"
401282772,2021,Michigan,home,33,False,us,us,3,24,4,False,False,True,"WESTRN MICHIGAN Penalty, Defensive Pass Interference (15 Yards) to the Mich 33 for a 1ST down"
401282772,2021,Michigan,home,33,False,us,them,4,3,4,False,False,True,"MICHIGAN Penalty, Running Into Kicker (5 Yards) to the WMich 37 for a 1ST down"
401282773,2021,Michigan,home,21,False,them,them,1,10,1,False,False,False,"WASHINGTON Penalty, Delay of Game (-5 Yards) to the Wash 20"
401282773,2021,Michigan,home,21,False,us,us,1,10,1,False,False,False,"MICHIGAN Penalty, False Start (-5 Yards) to the Mich 7"
401282773,2021,Michigan,home,21,False,them,them,2,8,1,False,False,False,"WASHINGTON Penalty, Unsportsmanlike Conduct (-14 Yards) to the Wash 14"
401282773,2021,Michigan,home,21,False,us,us,2,10,1,False,False,False,"MICHIGAN Penalty, False Start (-5 Yards) to the Mich 47"
401282773,2021,Michigan,home,21,False,them,them,3,10,2,False,False,False,"WASHINGTON Penalty, False Start (-5 Yards) to the Wash 11"
401282773,2021,Michigan,home,21,False,us,us,4,7,4,False,False,False,"MICHIGAN Penalty, Delay of Game (-5 Yards) to the Mich 27"
401282774,2021,Michigan,home,53,False,us,them,2,9,2,False,False,False,"MICHIGAN Penalty, Defensive Offside (David Ojabo) to the NoIll 43"
401282775,2021,Michigan,home,7,True,them,them,3,2,2,False,False,False,"RUTGERS Penalty, Illegal Formation (-5 Yards) to the Rutgr 28"
401282775,2021,Michigan,home,7,True,them,them,1,10,3,False,False,False,"RUTGERS Penalty, Delay of Game (-5 Yards) to the Rutgr 20"
401282775,2021,Michigan,home,7,True,us,us,2,7,3,False,False,False,"MICHIGAN Penalty, False Start (Andrew Vastardis) to the Rutgr 41"
401282775,2021,Michigan,home,7,True,us,us,4,1,3,False,False,False,"MICHIGAN Penalty, Delay of Game (-5 Yards) to the Mich 38"
401282775,2021,Michigan,home,7,True,us,us,4,6,3,False,False,False,"MICHIGAN Penalty, False Start (Erick All) to the Mich 33"
401282775,2021,Michigan,home,7,True,them,them,2,6,4,False,False,False,"RUTGERS Penalty, False Start (Troy Rainey) to the Mich 12"
401282775,2021,Michigan,home,7,True,them,us,2,11,4,False,False,False,"RUTGERS Penalty, Defensive Offside (5 Yards) to the Rutgr 31"
401282776,2021,Michigan,away,21,False,us,us,3,9,1,False,False,True,"MICHIGAN Penalty, False Start (Ryan Hayes) to the Mich 48"
401282776,2021,Michigan,away,21,False,us,us,4,2,2,False,False,False,"MICHIGAN Penalty, Delay of Game (-5 Yards) to the Wisc 48"
401282776,2021,Michigan,away,21,False,them,them,3,7,2,False,False,False,"WISCONSIN Penalty, Delay of Game (Graham Mertz) to the Wisc 23"
401282778,2021,Michigan,away,3,True,us,us,2,6,1,False,False,False,"MICHIGAN Penalty, False Start (-5 Yards) to the Mich 19"
401282778,2021,Michigan,away,3,True,us,us,3,5,1,False,False,False,"MICHIGAN Penalty, False Start (Trevor Keegan) to the Mich 20"
401282778,2021,Michigan,away,3,True,them,us,2,5,2,False,False,True,"NEBRASKA Penalty, Delay of Game (5 Yards) to the Mich 34 for a 1ST down"
401282778,2021,Michigan,away,3,True,them,them,4,12,2,False,False,False,"NEBRASKA Penalty, Delay of Game (-5 Yards) to the Neb 44"
401282778,2021,Michigan,away,3,True,them,us,1,10,4,False,False,True,"NEBRASKA Penalty, Defensive Offside (Damion Daniels) to the Neb 44"
401282778,2021,Michigan,away,3,True,us,us,3,6,4,False,False,True,"MICHIGAN Penalty, False Start (-5 Yards) to the Neb 13"
401282778,2021,Michigan,away,3,True,us,us,1,10,4,False,False,False,"MICHIGAN Penalty, Unsportsmanlike Conduct (Daxton Hill) to the Mich 35"
401282779,2021,Michigan,home,26,False,us,us,1,10,2,False,False,True,"MICHIGAN Penalty, False Start (-5 Yards) to the Mich 48"
401282779,2021,Michigan,home,26,False,them,us,3,6,3,False,False,True,"NORTHWESTERN Penalty, Defensive Holding (10 Yards) to the Mich 40 for a 1ST down"
401282779,2021,Michigan,home,26,False,us,them,1,10,3,False,False,False,"MICHIGAN Penalty, Defensive Pass Interference (15 Yards) to the Mich 19 for a 1ST down"
401282777,2021,Michigan,away,-4,True,us,us,1,10,1,False,False,True,"MICHIGAN Penalty, False Start (Andrew Stueber) to the Mich 1"
401282777,2021,Michigan,away,-4,True,us,us,1,10,1,False,False,True,"MICHIGAN Penalty, Offensive Holding (Andrel Anthony) to the MchSt 18"
401282777,2021,Michigan,away,-4,True,them,them,1,10,2,False,False,False,"THORNE, Payton sacked for a loss of 2 yards at the MSU22 (HUTCHINSON, Aidan). PENALTY MSU Holding on CAMPBELL, Luke enforced 10 yards from the MSU24 to the MSU1"
401282777,2021,Michigan,away,-4,True,them,us,1,10,2,False,False,True,"MCNAMARA, Cade pass to the right incomplete intended for SCHOONMAKER, Luke thrown to the MSU29. PENALTY MSU Offsides on PANASIUK, Jacub enforced 5 yards from th"
401282777,2021,Michigan,away,-4,True,us,us,4,1,3,False,False,False,"MICHIGAN Penalty, False Start (Luke Schoonmaker) to the MchSt 45"
401282777,2021,Michigan,away,-4,True,them,them,1,10,3,False,False,False,"QB Keeper THORNE, Payton rush to the left for a gain of 10 yards to the MSU50 (ROSS, Josh). PENALTY MSU Holding on HORST, Jarrett enforced 10 yards from the MSU"
401282777,2021,Michigan,away,-4,True,us,them,1,10,4,False,False,True,"MICHIGAN ST Penalty, Offensive Holding (Jarrett Horst) to the Mich 49"
401282777,2021,Michigan,away,-4,True,us,them,3,8,4,False,False,True,"MICHIGAN Penalty, turnover on downs. PENALTY Offsides on MORRIS, Mike enforced (5 Yards) to the Mich 34"
401282777,2021,Michigan,away,-4,True,them,us,1,10,4,False,False,False,"MCNAMARA, Cade pass to the left incomplete intended for ANTHONY, Andrel thrown to the MIC37. PENALTY MSU Roughing the Passer on JORDAN, Drew enforced 15 yards f"
401282727,2021,Michigan,home,22,False,us,them,1,10,2,False,False,False,"MICHIGAN Penalty, Defensive Offside (Mike Sainristil) to the Ind 30"
401282727,2021,Michigan,home,22,False,them,them,3,4,2,False,False,False,"INDIANA Penalty, False Start (Zach Carpenter) to the Ind 31"
401282727,2021,Michigan,home,22,False,us,us,1,10,2,False,False,True,"MICHIGAN Penalty, Delay of Game (-5 Yards) to the Ind 18"
401282727,2021,Michigan,home,22,False,us,us,2,9,3,False,False,True,"MICHIGAN Penalty, False Start (Zak Zinter) to the Ind 23"
401282780,2021,Michigan,away,4,True,us,us,1,10,1,False,False,False,"MICHIGAN Penalty, False Start (-5 Yards) to the Mich 20"
401282780,2021,Michigan,away,4,True,us,us,2,6,1,False,False,False,"MICHIGAN Penalty, False Start (-5 Yards) to the Mich 28"
401282780,2021,Michigan,away,4,True,us,us,1,10,3,False,False,True,"MICHIGAN Penalty, False Start (-5 Yards) to the PnSt 22"
401282780,2021,Michigan,away,4,True,us,us,2,10,3,False,False,False,"MICHIGAN Penalty, False Start (-5 Yards) to the Mich 44"
401282770,2021,Michigan,away,41,False,them,us,1,10,1,False,False,True,"MARYLAND Penalty, Defensive Pass Interference (12 Yards) to the Mary 17 for a 1ST down"
401282770,2021,Michigan,away,41,False,them,them,1,10,1,False,False,False,"MARYLAND Penalty, False Start (-5 Yards) to the Mary 20"
401282770,2021,Michigan,away,41,False,us,us,3,1,1,False,False,False,"MICHIGAN Penalty, Illegal Formation (-5 Yards) to the Mich 37"
401282770,2021,Michigan,away,41,False,them,them,2,1,2,False,False,True,"MARYLAND Penalty, Personal Foul (-15 Yards) to the Mich 20"
401282770,2021,Michigan,away,41,False,them,them,1,0,2,False,False,True,"MARYLAND Penalty, False Start (-5 Yards) to the Mich 8"
401282770,2021,Michigan,away,41,False,them,them,1,0,2,False,False,True,"MARYLAND Penalty, Illegal Shift (-6 Yards) to the Mich 14"
401282770,2021,Michigan,away,41,False,us,us,3,0,2,False,False,True,"MICHIGAN Penalty, Personal Foul (-15 Yards) to the Mary 21"
401282770,2021,Michigan,away,41,False,them,us,3,0,3,False,False,True,"MARYLAND Penalty, Defensive Holding (2 Yards) to the Mary 1 for a 1ST down"
401282770,2021,Michigan,away,41,False,them,them,1,10,3,False,False,True,"MARYLAND Penalty, Offensive Holding (-10 Yards) to the Mary 16"
401282770,2021,Michigan,away,41,False,them,them,1,10,3,False,False,True,"MARYLAND Penalty, Illegal Formation (-5 Yards) to the Mary 20"
401282770,2021,Michigan,away,41,False,us,us,2,7,4,False,False,False,"MICHIGAN Penalty, Ineligible Downfield on Pass (-5 Yards) to the Mich 43"
401282770,2021,Michigan,away,41,False,us,us,1,10,4,False,False,False,"MICHIGAN Penalty, Offensive Holding (-10 Yards) to the Mich 21"
401282770,2021,Michigan,away,41,False,us,us,1,10,4,False,False,False,"MICHIGAN Penalty, False Start (-5 Yards) to the Mary 39"
401282781,2021,Michigan,home,15,False,us,us,1,10,1,False,False,True,"MICHIGAN Penalty, False Start (Erick All) to the Mich 44"
401331447,2021,Michigan,away,39,False,us,us,2,4,1,False,False,True,"MICHIGAN Penalty, False Start (Luke Schoonmaker) to the Mich 21"
401331447,2021,Michigan,away,39,False,them,them,2,8,2,False,False,False,"Petras, Spencer pass complete to LaPorta, Sam for 1 yard to the MICHIGAN47, PENALTY IOWA personal foul (Richman, Mason) 15 yards to the IOWA37, NO PLAY."
401331447,2021,Michigan,away,39,False,them,them,3,7,2,False,False,False,"Petras, Spencer rush for 10 yards to the MICHIGAN42, PENALTY IOWA holding (Colby, Connor) 10 yards to the IOWA38, NO PLAY."
401331447,2021,Michigan,away,39,False,them,them,3,5,4,False,False,False,"IOWA Penalty, False Start (Mason Richman) to the Iowa 25"
401331447,2021,Michigan,away,39,False,them,us,3,4,4,False,False,True,"McCarthy, J.J. pass incomplete to Selzer, Carter, PENALTY IOWA pass interference (Koerner, Jack) 15 yards to the IOWA3, NO PLAY, 1ST DOWN MICHIGAN."
401331234,2021,Michigan,home,-23,False,us,us,1,10,1,False,False,False,"MICHIGAN Penalty, False Start (Andrew Vastardis) to the Mich 20"
401331234,2021,Michigan,home,-23,False,us,us,2,6,3,False,False,False,"MICHIGAN Penalty, False Start (Trevor Keegan) to the Geo 19"
401331234,2021,Michigan,home,-23,False,us,us,1,10,4,False,False,False,"MICHIGAN Penalty, Personal Foul (-15 Yards) to the Mich 38"
401405067,2022,Michigan,home,44,False,us,us,2,6,4,False,False,True,"MICHIGAN Penalty, Offensive Holding (Reece Atteberry) to the ColSt 40"
401404149,2022,Michigan,home,59,False,them,them,2,5,1,False,False,False,"CONNECTICUT Penalty, Offensive Holding (-10 Yards) to the UConn 20"
401404149,2022,Michigan,home,59,False,them,them,2,10,2,False,False,False,"CONNECTICUT Penalty, False Start (-5 Yards) to the UConn 48"
401404149,2022,Michigan,home,59,False,them,them,3,1,3,False,False,False,"CONNECTICUT Penalty, False Start (-5 Yards) to the UConn 47"
401404149,2022,Michigan,home,59,False,us,us,1,10,4,False,False,True,"MICHIGAN Penalty, 12 Men on the Field (-5 Yards) to the UConn 24"
401404149,2022,Michigan,home,59,False,us,us,1,10,4,False,False,False,"MICHIGAN Penalty, False Start (-5 Yards) to the UConn 41"
401405097,2022,Michigan,home,7,True,us,them,3,5,1,False,False,True,"MICHIGAN Penalty, Face Mask (15 yards) (15 Yards) to the Mich 41 for a 1ST down"
401405097,2022,Michigan,home,7,True,them,them,2,10,4,False,False,True,"MARYLAND Penalty, False Start (-5 Yards) to the Mary 45"
401405100,2022,Michigan,away,13,False,us,them,2,7,1,False,False,False,"MICHIGAN Penalty, Defensive Holding (Rod Moore) to the Iowa 22 for a 1ST down"
401405100,2022,Michigan,away,13,False,them,them,1,10,2,False,False,False,"IOWA Penalty, Offensive Holding (Gennings Dunker) to the Iowa 25"
401405100,2022,Michigan,away,13,False,them,them,1,10,2,False,False,False,"IOWA Penalty, Tripping (Connor Colby) to the Iowa 31"
401405100,2022,Michigan,away,13,False,them,us,2,17,2,False,False,True,"McCarthy, J.J. pass incomplete to Bell, Ronnie, PENALTY IOWA pass interference 4 yards to the IOWA29, NO PLAY, 1ST DOWN MICHIGAN."
401405100,2022,Michigan,away,13,False,us,us,3,7,2,False,False,True,"MICHIGAN Penalty, Delay of Game (TEAM) to the Iowa 17"
401405100,2022,Michigan,away,13,False,them,them,2,10,3,False,False,True,"IOWA Penalty, Personal Foul (Logan Jones) to the Mich 33"
401405100,2022,Michigan,away,13,False,us,them,1,10,4,False,False,True,"MICHIGAN Penalty, Roughing Passer (15 Yards) to the Mich 24 for a 1ST down"
401405108,2022,Michigan,away,21,False,us,them,1,10,2,False,False,True,"MICHIGAN Penalty, Illegal Shift (5 Yards) to the Mich 34"
401405108,2022,Michigan,away,21,False,us,them,1,10,2,False,False,True,"MICHIGAN Penalty, Defensive Pass Interference (9 Yards) to the Mich 10 for a 1ST down"
401405108,2022,Michigan,away,21,False,us,them,4,17,3,False,False,False,"MICHIGAN Penalty, Defensive Offside (5 Yards) to the Mich 49"
401405108,2022,Michigan,away,21,False,us,us,1,10,3,False,False,True,"MICHIGAN Penalty, False Start (Blake Corum) to the Mich 1"
401405108,2022,Michigan,away,21,False,them,us,1,10,3,False,False,False,"INDIANA Penalty, Personal Foul (15 Yards) to the Ind 33 for a 1ST down"
401405108,2022,Michigan,away,21,False,us,them,2,10,3,False,False,False,"MICHIGAN Penalty, Roughing Passer (15 Yards) to the Ind 35 for a 1ST down"
401405108,2022,Michigan,away,21,False,them,them,1,10,3,False,False,False,"INDIANA Penalty, False Start (Parker Hanna) to the Ind 42"
401405108,2022,Michigan,away,21,False,us,us,2,12,3,False,False,False,"MICHIGAN Penalty, False Start (-5 Yards) to the Mich 15"
401405108,2022,Michigan,away,21,False,us,us,2,17,4,False,False,False,"MICHIGAN Penalty, False Start (-5 Yards) to the Mich 10"
401405115,2022,Michigan,home,24,False,us,us,2,7,4,False,False,True,"MICHIGAN Penalty, False Start (Max Bredeson) to the PnSt 35"
401405115,2022,Michigan,home,24,False,us,us,2,9,4,False,False,True,"MICHIGAN Penalty, False Start (-5 Yards) to the PnSt 18"
401405125,2022,Michigan,home,22,False,us,them,2,20,1,False,False,False,"MICHIGAN ST Penalty, False Start (Maliq Carr) to the MchSt 34"
401405125,2022,Michigan,home,22,False,us,them,4,19,1,False,False,False,"MICHIGAN ST Penalty, Delay of Game (-5 Yards) to the MchSt 35"
401405125,2022,Michigan,home,22,False,us,us,1,10,1,False,False,True,"MICHIGAN Penalty, False Start (Olusegun Oluwatimi) to the Mich 49"
401405125,2022,Michigan,home,22,False,us,them,4,3,2,False,False,False,"MICHIGAN Penalty, Defensive Offside (Cornelius Johnson) to the MchSt 37 for a 1ST down"
401405125,2022,Michigan,home,22,False,us,them,1,10,2,False,False,False,"MICHIGAN ST Penalty, Delay of Game (-5 Yards) to the MchSt 32"
401405125,2022,Michigan,home,22,False,us,them,1,10,4,False,False,False,"MICHIGAN ST Penalty, Unsportsmanlike Conduct (Maliq Carr) to the Mich 31"
401405125,2022,Michigan,home,22,False,us,us,3,5,4,False,False,False,"MICHIGAN Penalty, False Start (Olusegun Oluwatimi) to the MchSt 47"
401405133,2022,Michigan,away,35,False,us,us,3,3,1,False,False,True,"MICHIGAN Penalty, Illegal Formation (-5 Yards) to the Rutgr 38"
401405133,2022,Michigan,away,35,False,them,us,3,0,1,False,False,True,"RUTGERS Penalty, 12 Men on the Field ( Yards) to the Rutgr 1"
401405133,2022,Michigan,away,35,False,us,us,4,8,2,False,False,False,"MICHIGAN Penalty, False Start (-5 Yards) to the Mich 22"
401405133,2022,Michigan,away,35,False,them,us,1,10,2,False,False,False,"RUTGERS Penalty, Roughing Passer (Aaron Lewis) to the Mich 47 for a 1ST down"
401405133,2022,Michigan,away,35,False,them,them,3,11,3,False,False,False,"RUTGERS Penalty, Offensive Holding (-10 Yards) to the Rutgr 14"
401405137,2022,Michigan,home,31,False,them,them,3,4,1,False,False,False,"NEBRASKA Penalty, False Start (Travis Vokolek) to the Mich 40"
401405137,2022,Michigan,home,31,False,them,them,2,10,2,False,False,False,"NEBRASKA Penalty, False Start (Trent Hixson) to the Neb 15"
401405145,2022,Michigan,home,2,True,us,us,3,0,1,False,False,True,"MICHIGAN Penalty, False Start (-5 Yards) to the Illin 8"
401405145,2022,Michigan,home,2,True,us,us,3,7,2,False,False,False,"MICHIGAN Penalty, Offensive Holding (-10 Yards) to the Mich 29"
401405145,2022,Michigan,home,2,True,us,us,3,17,2,False,False,False,"MICHIGAN Penalty, False Start (-5 Yards) to the Mich 24"
401405145,2022,Michigan,home,2,True,them,them,4,1,2,False,False,True,"ILLINOIS Penalty, False Start (-5 Yards) to the Mich 11"
401405145,2022,Michigan,home,2,True,us,them,1,10,3,False,False,True,"MICHIGAN Penalty, 12 Men on the Field (5 Yards) to the Illin 49"
401405145,2022,Michigan,home,2,True,them,them,3,7,4,False,False,False,"ILLINOIS Penalty, Offensive Holding (-10 Yards) to the Illin 18"
401405145,2022,Michigan,home,2,True,them,us,1,10,4,False,False,True,"ILLINOIS Penalty, Defensive Pass Interference (15 Yards) to the Illin 22 for a 1ST down"
401405153,2022,Michigan,away,22,False,us,us,3,2,2,False,False,False,"MICHIGAN Penalty, False Start (Cornelius Johnson) to the Mich 36"
401405153,2022,Michigan,away,22,False,us,us,3,7,2,False,False,False,"MICHIGAN Penalty, False Start (Karsen Barnhart) to the Mich 31"
401437031,2022,Michigan,home,21,False,them,us,4,6,2,False,False,True,"PURDUE Penalty, Defensive Offside (5 Yards) to the Prdue 25"
401437031,2022,Michigan,home,21,False,them,them,1,10,2,False,False,False,"PURDUE Penalty, Offensive Holding (-10 Yards) to the Prdue 42"
401437031,2022,Michigan,home,21,False,them,them,4,0,3,False,False,True,"PURDUE Penalty, Unsportsmanlike Conduct (-15 Yards) to the Mich 26"
401442016,2022,Michigan,home,-6,True,us,us,2,0,1,False,False,False,"MICHIGAN Penalty, False Start (-5 Yards) to the TCU 11"
401442016,2022,Michigan,home,-6,True,them,us,2,3,2,False,False,False,"TCU Penalty, Roughing Passer (Johnny Hodges) to the TCU 39 for a 1ST down"
401442016,2022,Michigan,home,-6,True,us,us,2,8,2,False,False,False,"MICHIGAN Penalty, False Start (-5 Yards) to the TCU 42"
401442016,2022,Michigan,home,-6,True,them,us,3,14,2,False,False,True,"TCU Penalty, Defensive Pass Interference (Tre'Vius Hodges-Tomlinson) to the TCU 41 for a 1ST down"
401442016,2022,Michigan,home,-6,True,them,us,2,10,3,False,False,True,"TCU Penalty, Defensive Holding (Josh Newton) to the Mich 41 for a 1ST down"
401442016,2022,Michigan,home,-6,True,them,us,1,10,3,False,False,True,"TCU Penalty, Defensive Holding (Millard Bradford) to the TCU 45 for a 1ST down"
401442016,2022,Michigan,home,-6,True,them,us,1,10,4,False,False,True,"TCU Penalty, Defensive Pass Interference (Tre'Vius Hodges-Tomlinson) to the TCU 26 for a 1ST down"
401442016,2022,Michigan,home,-6,True,them,them,4,1,4,False,False,False,"TCU Penalty, Delay of Game (-5 Yards) to the TCU 25"
401442016,2022,Michigan,home,-6,True,us,us,3,5,4,False,False,False,"MICHIGAN Penalty, False Start (Colston Loveland) to the Mich 25"
400869260,2016,Ohio State,home,67,False,them,them,3,7,1,False,False,False,"BOWLING GREEN Penalty, Offensive Holding (-10 Yards) to the BwGrn 46"
400869260,2016,Ohio State,home,67,False,them,them,3,9,1,False,False,False,"BOWLING GREEN Penalty, False Start (-5 Yards) to the OhSt 23"
400869260,2016,Ohio State,home,67,False,them,us,1,10,2,False,False,False,"BOWLING GREEN Penalty, Defensive Pass Interference (15 Yards) to the BwGrn 43 for a 1ST down"
400869516,2016,Ohio State,home,45,False,them,them,3,1,1,False,False,False,"TULSA Penalty, False Start (-4 Yards) to the Tulsa 40"
400869516,2016,Ohio State,home,45,False,them,them,1,10,2,False,False,True,"TULSA Penalty, Unsportsmanlike Conduct (TEAM) to the Tulsa 17"
400869613,2016,Ohio State,away,21,False,them,them,4,10,1,False,False,False,"OKLAHOMA Penalty, False Start (-5 Yards) to the Okla 6"
400869613,2016,Ohio State,away,21,False,them,us,2,5,2,False,False,False,"OKLAHOMA Penalty, Defensive Offside (4 Yards) to the OhSt 34"
400869613,2016,Ohio State,away,21,False,them,them,4,7,3,False,False,False,"OKLAHOMA Penalty, False Start (-5 Yards) to the Okla 43"
400869635,2016,Ohio State,home,58,False,them,us,4,1,1,False,False,True,"RUTGERS Penalty, Personal Foul (6 Yards) to the Rutgr 6 for a 1ST down"
400869635,2016,Ohio State,home,58,False,them,us,2,10,2,False,False,True,"RUTGERS Penalty, Substitution Infraction (5 Yards) to the Rutgr 35"
400869635,2016,Ohio State,home,58,False,them,them,4,15,3,False,False,False,"RUTGERS Penalty, Illegal Formation (-5 Yards) to the Rutgr 14"
400869643,2016,Ohio State,home,21,False,them,them,3,7,1,False,False,False,"INDIANA Penalty, Delay of Game (-5 Yards) to the OhSt 42"
400869643,2016,Ohio State,home,21,False,them,them,4,5,1,False,False,False,"INDIANA Penalty, False Start (-5 Yards) to the OhSt 40"
400869643,2016,Ohio State,home,21,False,them,them,2,10,2,False,False,False,"INDIANA Penalty, Personal Foul (-15 Yards) to the Ind 33"
400869643,2016,Ohio State,home,21,False,them,them,1,10,3,False,False,False,"INDIANA Penalty, False Start (-5 Yards) to the Ind 21"
400869648,2016,Ohio State,away,59,False,them,us,1,20,1,False,False,True,"MARYLAND Penalty, Defensive Pass Interference (15 Yards) to the OhSt 34 for a 1ST down"
400869648,2016,Ohio State,away,59,False,them,them,4,1,1,False,False,True,"MARYLAND Penalty, False Start (-5 Yards) to the OhSt 6"
400869648,2016,Ohio State,away,59,False,them,us,2,8,1,False,False,True,"MARYLAND Penalty, Defensive Pass Interference (15 Yards) to the Mary 36 for a 1ST down"
400869648,2016,Ohio State,away,59,False,them,us,1,10,2,False,False,True,"MARYLAND Penalty, Defensive Pass Interference (11 Yards) to the Mary 2 for a 1ST down"
400869648,2016,Ohio State,away,59,False,them,them,1,10,4,False,False,False,"MARYLAND Penalty, Personal Foul (-15 Yards) to the Mary 28"
400935229,2017,Ohio State,away,28,False,them,them,4,11,2,False,False,False,"INDIANA Penalty, Delay of Game (-5 Yards) to the OhSt 38"
400935229,2017,Ohio State,away,28,False,them,them,4,16,2,False,False,False,"INDIANA Penalty, False Start (Raheem Layne) to the OhSt 43"
400934502,2017,Ohio State,home,-15,False,them,them,1,10,3,False,False,False,"OKLAHOMA Penalty, Illegal Block (Dimitri Flowers) to the Okla 11"
400935363,2017,Ohio State,home,33,False,us,them,3,5,1,False,False,False,"ROGERS, Armani pass incomplete to BOYD, Devonte, PENALTY OSU holding (Sheffield, K.) 10 yards to the OSU40, 1ST DOWN UNLV, NO PLAY."
400935363,2017,Ohio State,home,33,False,them,them,2,7,1,False,False,False,"Deadball foul, PENALTY UNLV false start (POLU, Justin) 5 yards to the OSU42, NO PLAY."
400935363,2017,Ohio State,home,33,False,us,them,3,11,1,False,False,False,"[Shotgun], ROGERS, Armani pass incomplete to WOODS JR., Darr, PENALTY OSU pass interference (Sheffield, K.) 15 yards to the OSU26, 1ST DOWN UNLV, NO PLAY."
400935363,2017,Ohio State,home,33,False,them,them,3,5,1,False,False,False,"Deadball foul, PENALTY UNLV delay of game 5 yards to the OSU26, NO PLAY."
400935363,2017,Ohio State,home,33,False,us,them,4,9,2,False,False,True,"[Shotgun], ROGERS, Armani deep pass intercepted by Smith, Erick at the OSU11, Smith, Erick return to the OSU11, PENALTY OSU pass interference (Ward, Denzel) 15 "
400935363,2017,Ohio State,home,33,False,us,us,1,10,2,False,False,True,"Deadball foul, PENALTY OSU false start (Bowen, Branden) 5 yards to the OSU33, NO PLAY."
400935363,2017,Ohio State,home,33,False,us,them,4,4,3,False,False,True,"PANTELS, Evan punt 45 yards to the OSU41, McCall, Demario return to the UNLV37 (WHITE, Javin;MANN, Roger), PENALTY OSU roughing the kicker (Forte, Trevon) 15 ya"
400935363,2017,Ohio State,home,33,False,us,them,1,10,3,False,False,False,"ROGERS, Armani deep pass incomplete to PRESLEY, Brando, PENALTY OSU pass interference (Sheffield, K.) 15 yards to the UNLV42, 1ST DOWN UNLV, NO PLAY."
400935363,2017,Ohio State,home,33,False,them,us,1,10,3,False,False,True,"[NH], [Shotgun], Haskins, Dwayne pass incomplete to Victor, B., PENALTY UNLV pass interference (JACKSON, Robert) 15 yards to the UNLV38, 1ST DOWN OSU, NO PLAY."
400935363,2017,Ohio State,home,33,False,them,them,1,10,3,False,False,False,"[Shotgun], THOMAS, Lexingt rush over left end for 26 yards to the OSU49, out-of-bounds (Sheffield, K.), PENALTY UNLV illegal block off-setting, PENALTY OSU subs"
400935363,2017,Ohio State,home,33,False,us,us,2,10,4,False,False,True,"[NH], [Shotgun], Haskins, Dwayne sideline pass complete to Hausmann, Jake for 2 yards to the UNLV30, out-of-bounds, PENALTY OSU ineligible downfield on pass (Kn"
400935363,2017,Ohio State,home,33,False,them,them,1,10,4,False,False,False,"Deadball foul, PENALTY UNLV false start (JACOBSON, Natha) 5 yards to the UNLV10, NO PLAY."
400935363,2017,Ohio State,home,33,False,us,us,2,4,4,False,False,False,"Deadball foul, PENALTY OSU false start (Taylor, Brady) 5 yards to the UNLV45, NO PLAY."
400935369,2017,Ohio State,away,56,False,us,us,3,10,1,False,False,False,"Barrett, J.T. rush for 9 yards to the OSU45 (Hampton, Saquan), PENALTY OSU holding (Baugh, Marcus) 10 yards to the OSU26, NO PLAY."
400935369,2017,Ohio State,away,56,False,them,them,2,10,1,False,False,False,"RUTGERS Penalty, false start (-5 Yards) to the Rutgr 6"
400935369,2017,Ohio State,away,56,False,them,them,4,3,1,False,False,False,"RUTGERS Penalty, delay of game (-5 Yards) to the Rutgr 47"
400935369,2017,Ohio State,away,56,False,them,them,4,9,2,False,False,False,"RUTGERS Penalty, false start (-5 Yards) to the Rutgr 22"
400935369,2017,Ohio State,away,56,False,us,us,1,10,3,False,False,True,"Barrett, J.T. pass complete to Dixon, Johnnie for 67 yards to the RU0, clock 10:15, PENALTY OSU pass interference (Dixon, Johnnie) 15 yards to the OSU18, NO PLA"
400935369,2017,Ohio State,away,56,False,them,us,1,10,3,False,False,True,"RUTGERS Penalty, offside defense (Sebastian Joseph) to the Rutgr 29"
400935369,2017,Ohio State,away,56,False,them,us,1,0,3,False,False,True,"RUTGERS Penalty, roughing passer (Sebastian Joseph) to the 50 yard line"
400935375,2017,Ohio State,home,48,False,us,them,2,3,1,False,False,False,"[Shotgun], Bortenschlager sideline pass incomplete to Jacobs, T. (Ward, Denzel), PENALTY OSU personal foul (Ward, Denzel) 15 yards to the UMD45, 1ST DOWN UMD, N"
400935375,2017,Ohio State,home,48,False,us,us,2,5,1,False,False,False,"[No Huddle], [Shotgun], Barrett, J.T. deep pass incomplete to Victor, B., PENALTY OSU holding (Lewis, Tyquan) 10 yards to the OSU47, NO PLAY."
400935375,2017,Ohio State,home,48,False,us,us,2,10,2,False,False,True,"Deadball foul, PENALTY OSU false start (Lewis, Tyquan) 5 yards to the UMD37, NO PLAY."
400935375,2017,Ohio State,home,48,False,us,us,1,10,3,False,False,False,"[No Huddle], [Shotgun], Dobbins, J.K. rush over right end for no gain to the UMD22 (Davis, I.;Brooks, J.), PENALTY OSU holding 10 yards to the UMD32, NO PLAY."
400935381,2017,Ohio State,away,42,False,them,us,1,10,1,False,False,True,"Barrett, J.T. pass incomplete to Hill, K.J., PENALTY NEB pass interference (Dicaprio Bootle) 15 yards to the OSU43, 1ST DOWN OSU, NO PLAY."
400935381,2017,Ohio State,away,42,False,them,them,2,4,1,False,False,False,"Devine Ozigbo rush up middle for 17 yards to the OSU25, PENALTY NEB holding (Nick Gates) 10 yards to the NEB48, NO PLAY."
400935381,2017,Ohio State,away,42,False,them,us,1,10,1,False,False,True,"Barrett, J.T. pass incomplete to McLaurin, Terry, PENALTY NEB substitution infraction 5 yards to the NEB40, NO PLAY."
400935381,2017,Ohio State,away,42,False,them,us,2,3,2,False,False,True,"Barrett, J.T. pass incomplete to Hill, K.J., PENALTY NEB pass interference (Dicaprio Bootle) 15 yards to the NEB23, 1ST DOWN OSU, NO PLAY."
400935381,2017,Ohio State,away,42,False,us,us,1,10,2,False,False,True,"Dobbins, J.K. rush over right tackle for 6 yards to the NEB5 (F. Akinmoladun;Joshua Kalu), PENALTY OSU illegal formation 5 yards to the NEB16, NO PLAY."
400935381,2017,Ohio State,away,42,False,us,them,2,10,2,False,False,False,"Tanner Lee pass incomplete to Stanley Morgan, PENALTY OSU offside defense (Young, Chase) 5 yards to the NEB46, NO PLAY."
400935381,2017,Ohio State,away,42,False,us,them,1,10,3,False,False,True,"Tanner Lee pass incomplete to D. Pierson-El, PENALTY OSU pass interference (Sheffield, K.) 13 yards to the NEB45, 1ST DOWN NEB, NO PLAY."
400935381,2017,Ohio State,away,42,False,them,them,1,10,3,False,False,True,"NEBRASKA Penalty, false start (Jerald Foster) to the OhSt 19"
400935381,2017,Ohio State,away,42,False,them,them,3,10,4,False,False,False,"NEBRASKA Penalty, false start (Jerald Foster) to the Neb 29"
400935381,2017,Ohio State,away,42,False,them,them,3,2,4,False,False,False,"NEBRASKA Penalty, false start (Michael Decker) to the OhSt 25"
400935397,2017,Ohio State,away,-31,False,them,them,1,10,2,False,False,True,"Wadley, Akrum rush for no gain to the IOWA22, PENALTY IOWA holding (Fant, Noah) 10 yards to the IOWA12, NO PLAY."
400935397,2017,Ohio State,away,-31,False,them,us,3,2,2,False,False,False,"Barrett, J.T. pass incomplete to Victor, Binjimen, PENALTY IOWA holding (Jackson, Joshua) 10 yards to the OHIOST28, NO PLAY, 1ST DOWN OHIOST."
400935397,2017,Ohio State,away,-31,False,them,them,2,7,2,False,False,True,"IOWA Penalty, False Start (Austin Schulte) to the OhSt 24"
400935397,2017,Ohio State,away,-31,False,them,them,2,6,4,False,False,False,"IOWA Penalty, False Start (Alaric Jackson) to the Iowa 13"
400935414,2017,Ohio State,home,38,False,them,them,3,17,1,False,False,False,"ILLINOIS Penalty, False Start (-5 Yards) to the Illin 13"
400935414,2017,Ohio State,home,38,False,them,them,2,10,3,False,False,False,"ILLINOIS Penalty, False Start (Bobby Walker) to the Illin 8"
400955156,2017,Ohio State,away,6,True,them,them,1,10,1,False,False,False,"WISCONSIN Penalty, False Start (Beau Benzschawel) to the Wisc 38"
400955156,2017,Ohio State,away,6,True,them,them,3,5,2,False,False,True,"WISCONSIN Penalty, False Start (Michael Deiter) to the OhSt 11"
400953404,2017,Ohio State,home,17,False,them,them,3,12,3,False,False,False,"USC Penalty, False Start (Chuma Edoga) to the USC 31"
400953404,2017,Ohio State,home,17,False,them,us,3,4,3,False,False,False,"Barrett, J.T. pass incomplete to Mack, Austin, PENALTY USC pass interference (Jones, Jack) 15 yards to the OHIOST36, NO PLAY, 1ST DOWN OHIOST."
401012821,2018,Ohio State,home,49,False,them,us,1,10,1,False,False,True,"RUTGERS Penalty, Defensive Offside (5 Yards) to the OhSt 38"
401012821,2018,Ohio State,home,49,False,them,us,1,10,2,False,False,True,"RUTGERS Penalty, Illegal Helmet Contact (15 Yards) to the OhSt 39 for a 1ST down"
401012821,2018,Ohio State,home,49,False,them,us,3,0,2,False,False,True,"RUTGERS Penalty, Defensive Pass Interference (2 Yards) to the Rutgr 2 for a 1ST down"
401012821,2018,Ohio State,home,49,False,them,them,4,5,4,False,False,False,"RUTGERS Penalty, False Start (-5 Yards) to the Rutgr 14"
401013074,2018,Ohio State,away,12,False,them,us,1,10,2,False,False,False,"Haskins, Dwayne pass incomplete to Dixon, Johnnie, PENALTY TCU roughing passer (Broadnax Jr., Joseph) 15 yards to the TCU43, NO PLAY, 1ST DOWN OHIOST."
401013074,2018,Ohio State,away,12,False,them,them,4,8,3,False,False,False,"TCU Penalty, False Start (La'Kendrick Van Zandt) to the TCU 16"
401013074,2018,Ohio State,away,12,False,them,us,3,1,4,False,False,True,"Dobbins, J.K. rush for 2 yards to the TCU38, PENALTY TCU offside (Collier, L.J.) 5 yards to the TCU35, NO PLAY, 1ST DOWN OHIOST."
401013346,2018,Ohio State,home,43,False,them,them,2,10,1,False,False,True,"TULANE Penalty, Defensive Pass Interference (15 Yards) to the Tulan 41 for a 1ST down"
401013346,2018,Ohio State,home,43,False,them,them,1,10,2,False,False,True,"TULANE Penalty, False Start (-5 Yards) to the OhSt 47"
401013346,2018,Ohio State,home,43,False,them,them,3,6,2,False,False,False,"TULANE Penalty, False Start (-5 Yards) to the Tulan 24"
401013346,2018,Ohio State,home,43,False,them,them,3,11,2,False,False,False,"TULANE Penalty, False Start (-5 Yards) to the Tulan 19"
401013346,2018,Ohio State,home,43,False,them,them,3,7,4,False,False,False,"TULANE Penalty, Offensive Holding (-10 Yards) to the OhSt 36"
401012855,2018,Ohio State,home,23,False,them,them,2,24,1,False,False,True,"INDIANA Penalty, False Start (-5 Yards) to the OhSt 33"
401013348,2018,Ohio State,away,-29,False,us,them,4,10,1,False,False,False,"Joe Schopper punt 39 yards to the OSU21, downed, PENALTY OSU roughing the kicker 5 yards to the PUR45, NO PLAY."
401013348,2018,Ohio State,away,-29,False,them,them,2,10,1,False,False,True,"David Blough pass incomplete to Jared Sparks, PENALTY PUR pass interference (Jared Sparks) 15 yards to the OSU38, NO PLAY."
401013348,2018,Ohio State,away,-29,False,them,us,1,10,1,False,False,True,"Haskins, Dwayne pass incomplete to McLaurin, Terry, PENALTY PUR personal foul (Kai Higgins) 15 yards to the PUR39, 1ST DOWN OSU, NO PLAY."
401013348,2018,Ohio State,away,-29,False,us,us,1,10,2,False,False,False,"Weber, Mike rush for 5 yards to the OSU40 (Derrick Barnes), PENALTY OSU holding (Jordan, Michael) 10 yards to the OSU25, NO PLAY."
401013348,2018,Ohio State,away,-29,False,them,them,2,5,2,False,False,False,"David Blough pass complete to Isaac Zico for 27 yards to the OSU12 (Pryor, Isaiah), PENALTY PUR pass interference (Isaac Zico) 15 yards to the PUR46, NO PLAY."
401013348,2018,Ohio State,away,-29,False,us,them,4,3,3,False,False,True,"Joe Schopper punt 36 yards to the OSU10, fair catch by Hill, K.J., PENALTY OSU roughing the kicker (Hamilton, Davon) 15 yards to the OSU31, 1ST DOWN PUR, NO PLA"
401013348,2018,Ohio State,away,-29,False,them,us,1,10,3,False,False,False,"Haskins, Dwayne pass incomplete to Mack, Austin, PENALTY PUR pass interference (Kenneth Major) 15 yards to the OSU40, 1ST DOWN OSU, NO PLAY."
401013348,2018,Ohio State,away,-29,False,them,them,2,6,4,False,False,True,"PURDUE Penalty, substitution infraction (-5 Yards) to the Prdue 23"
401013348,2018,Ohio State,away,-29,False,us,them,3,11,4,False,False,True,"David Blough pass incomplete to Rondale Moore, PENALTY OSU personal foul (Jones, Dre'Mont) 15 yards to the PUR38, 1ST DOWN PUR, NO PLAY."
401013341,2018,Ohio State,home,5,True,them,them,2,7,1,False,False,True,"NEBRASKA Penalty, Illegal Formation (-5 Yards) to the Neb 23"
401013341,2018,Ohio State,home,5,True,them,us,2,19,1,False,False,True,"NEBRASKA Penalty, Defensive Pass Interference (14 Yards) to the OhSt 48 for a 1ST down"
401013341,2018,Ohio State,home,5,True,them,them,1,0,2,False,False,False,"NEBRASKA Penalty, False Start (-5 Yards) to the OhSt 10"
401012878,2018,Ohio State,away,1,True,them,us,2,9,3,False,False,True,"MARYLAND Penalty, Face Mask (15 yards) (15 Yards) to the OhSt 43 for a 1ST down"
401012878,2018,Ohio State,away,1,True,them,them,1,0,4,False,False,True,"MARYLAND Penalty, False Start (Brendan Moore) to the OhSt 6"
401056702,2018,Ohio State,home,21,False,them,them,2,10,3,False,False,False,"NORTHWESTERN Penalty, False Start (Rashawn Slater) to the Nwest 20"
401056702,2018,Ohio State,home,21,False,them,them,1,10,4,False,False,False,"NORTHWESTERN Penalty, Substitution Infraction (-5 Yards) to the Nwest 20"
401032085,2018,Ohio State,home,5,True,them,them,3,9,1,False,False,False,"WASHINGTON Penalty, False Start (Nick Harris) to the Wash 21"
401032085,2018,Ohio State,home,5,True,them,them,2,5,1,False,False,True,"WASHINGTON Penalty, False Start (Jaxson Kirkland) to the OhSt 28"
401112252,2019,Ohio State,home,42,False,them,us,2,14,2,False,False,True,"CINCINNATI Penalty, Defensive Offside (Bryan Wright) to the OhSt 40"
401112252,2019,Ohio State,home,42,False,them,us,2,1,3,False,False,False,"CINCINNATI Penalty, Defensive Offside (Marcus Brown) to the OhSt 27 for a 1ST down"
401112252,2019,Ohio State,home,42,False,them,them,3,3,3,False,False,False,"CINCINNATI Penalty, False Start (-5 Yards) to the Cincy 6"
401112252,2019,Ohio State,home,42,False,them,them,1,4,3,False,False,False,"CINCINNATI Penalty, False Start (Jeremy Cooper) to the OhSt 9"
401112159,2019,Ohio State,away,41,False,them,us,3,3,2,False,False,True,"INDIANA Penalty, Defensive Offside (Alfred Bryant) to the OhSt 49 for a 1ST down"
401112159,2019,Ohio State,away,41,False,them,us,1,10,2,False,False,True,"INDIANA Penalty, Defensive Pass Interference (14 Yards) to the Ind 30 for a 1ST down"
401112159,2019,Ohio State,away,41,False,them,us,3,7,3,False,False,True,"INDIANA Penalty, Defensive Holding (Jamar Johnson) to the OhSt 16 for a 1ST down"
401112159,2019,Ohio State,away,41,False,them,us,2,10,3,False,False,True,"INDIANA Penalty, Defensive Holding (Jaylin Williams) to the Ind 44 for a 1ST down"
401112241,2019,Ohio State,away,41,False,them,us,1,10,1,False,False,True,"NEBRASKA Penalty, Defensive Pass Interference (Cam Taylor-Britt) to the Neb 15 for a 1ST down"
401112241,2019,Ohio State,away,41,False,them,them,4,12,2,False,False,False,"NEBRASKA Penalty, False Start (-5 Yards) to the Neb 18"
401112248,2019,Ohio State,away,49,False,them,them,3,3,3,False,False,False,"NORTHWESTERN Penalty, Offensive Holding (Thomas Gordon) to the OhSt 44"
401112254,2019,Ohio State,home,31,False,them,them,4,3,3,False,False,False,"WISCONSIN Penalty, False Start (Tyler Biadasz) to the OhSt 37"
401112209,2019,Ohio State,home,59,False,them,them,1,10,4,False,False,False,"MARYLAND Penalty, False Start (Spencer Anderson) to the Mary 15"
401112255,2019,Ohio State,away,35,False,them,them,2,9,2,False,False,False,"RUTGERS Penalty, Offensive Holding (-10 Yards) to the Rutgr 33"
401112255,2019,Ohio State,away,35,False,them,us,3,1,4,False,False,True,"RUTGERS Penalty, Defensive Holding (10 Yards) to the OhSt 47 for a 1ST down"
401132983,2019,Ohio State,away,13,False,them,them,2,10,2,False,False,True,"WISCONSIN Penalty, False Start (Cole Van Lanen) to the Wisc 36"
401132983,2019,Ohio State,away,13,False,them,them,1,10,3,False,False,False,"WISCONSIN Penalty, Offensive Holding (Tyler Biadasz) to the OhSt 30"
401135279,2019,Ohio State,home,-6,True,them,them,1,10,1,False,False,False,"CLEMSON Penalty, False Start (-5 Yards) to the Clem 42"
401135279,2019,Ohio State,home,-6,True,them,us,1,10,2,False,False,True,"CLEMSON Penalty, Defensive Pass Interference (A.J. Terrell) to the OhSt 21"
401135279,2019,Ohio State,home,-6,True,them,us,3,8,2,False,False,True,"CLEMSON Penalty, Substitution Infraction (5 Yards) to the Clem 16"
401135279,2019,Ohio State,home,-6,True,them,us,1,10,4,False,False,False,"CLEMSON Penalty, Defensive Holding (K'Von Wallace) to the OhSt 21 for a 1ST down"
401135279,2019,Ohio State,home,-6,True,them,us,2,21,4,False,False,False,"CLEMSON Penalty, Defensive Holding (Derion Kendrick) to the OhSt 31 for a 1ST down"
401135279,2019,Ohio State,home,-6,True,them,them,1,10,4,False,False,False,"CLEMSON Penalty, Unsportsmanlike Conduct (-10 Yards) to the Clem 10"
401247293,2020,Ohio State,home,35,False,them,them,2,1,1,False,False,False,"NEBRASKA Penalty, False Start (Wyatt Liewer) to the Neb 29"
401247293,2020,Ohio State,home,35,False,them,them,1,10,2,False,False,False,"NEBRASKA Penalty, Delay of Game (-5 Yards) to the Neb 20"
401247293,2020,Ohio State,home,35,False,them,us,1,10,2,False,False,True,"NEBRASKA Penalty, Defensive Pass Interference (Cam Taylor-Britt) to the Neb 17 for a 1ST down"
401247293,2020,Ohio State,home,35,False,them,them,2,2,2,False,False,False,"NEBRASKA Penalty, Offensive Holding (Matt Farniok) to the Neb 23"
401247293,2020,Ohio State,home,35,False,them,them,1,10,3,False,False,False,"NEBRASKA Penalty, Offensive Holding (Boe Wilson) to the Neb 11"
401247310,2020,Ohio State,home,22,False,them,them,2,1,1,False,False,True,"RUTGERS Penalty, Offensive Holding (Cedrice Paillant) to the OhSt 11"
401247310,2020,Ohio State,home,22,False,them,us,2,5,1,False,False,True,"RUTGERS Penalty, Defensive Offside (Aaron Lewis) to the OhSt 49 for a 1ST down"
401247310,2020,Ohio State,home,22,False,them,us,1,10,2,False,False,True,"RUTGERS Penalty, Defensive Offside (Julius Turner) to the Rutgr 21"
401247310,2020,Ohio State,home,22,False,them,us,1,10,2,False,False,True,"RUTGERS Penalty, Unsportsmanlike Conduct (10 Yards) to the Rutgr 11 for a 1ST down"
401247310,2020,Ohio State,home,22,False,them,us,1,10,3,False,False,True,"RUTGERS Penalty, Defensive Pass Interference (Christian Izien) to the Rutgr 29 for a 1ST down"
401247310,2020,Ohio State,home,22,False,them,them,1,10,3,False,False,True,"RUTGERS Penalty, Illegal Touching (Bo Melton) to the OhSt 16"
401240173,2020,Ohio State,away,21,False,them,them,3,13,2,False,False,False,"CLEMSON Penalty, False Start (Jackson Carman) to the Clem 28"
401240173,2020,Ohio State,away,21,False,them,them,4,1,4,False,False,False,"CLEMSON Penalty, False Start (Matt Bockhorst) to the Clem 17"
401240174,2020,Ohio State,away,-28,False,them,them,2,3,2,False,False,False,"ALABAMA Penalty, False Start (Chris Owens) to the Alab 46"
401240174,2020,Ohio State,away,-28,False,them,us,1,10,3,False,False,True,"ALABAMA Penalty, Defensive Offside (Christopher Allen) to the OhSt 47"
401282789,2021,Ohio State,away,14,False,them,them,1,10,4,False,False,True,"MINNESOTA Penalty, Substitution Infraction (-5 Yards) to the OhSt 34"
401282789,2021,Ohio State,away,14,False,them,us,3,7,4,False,False,False,"MINNESOTA Penalty, Defensive Offside (5 Yards) to the OhSt 49"
401282809,2021,Ohio State,home,-7,True,them,them,1,0,4,False,False,True,"OREGON Penalty, False Start (-5 Yards) to the OhSt 8"
401282809,2021,Ohio State,home,-7,True,them,them,3,7,4,False,False,False,"OREGON Penalty, False Start (-5 Yards) to the Oregn 23"
401282810,2021,Ohio State,home,21,False,them,them,1,10,2,False,False,False,"TULSA Penalty, Offensive Holding (-10 Yards) to the Tulsa 25"
401282810,2021,Ohio State,home,21,False,them,them,1,10,2,False,False,False,"TULSA Penalty, Offensive Holding (-10 Yards) to the OhSt 49"
401282810,2021,Ohio State,home,21,False,them,them,1,10,3,False,False,False,"TULSA Penalty, Unsportsmanlike Conduct (-15 Yards) to the 50 yard line"
401282810,2021,Ohio State,home,21,False,them,them,3,7,4,False,False,True,"TULSA Penalty, False Start (-5 Yards) to the OhSt 22"
401282810,2021,Ohio State,home,21,False,them,us,1,10,4,False,False,True,"TULSA Penalty, Defensive Offside (5 Yards) to the Tulsa 18"
401282810,2021,Ohio State,home,21,False,them,them,1,10,4,False,False,False,"TULSA Penalty, Offensive Holding (-10 Yards) to the Tulsa 32"
401282810,2021,Ohio State,home,21,False,them,them,2,2,4,False,False,False,"TULSA Penalty, Offensive Holding (-10 Yards) to the OhSt 42"
401282811,2021,Ohio State,home,52,False,them,them,2,10,1,False,False,False,"AKRON Penalty, False Start (Tony Georges) to the Akron 20"
401282811,2021,Ohio State,home,52,False,them,them,3,12,2,False,False,False,"AKRON Penalty, False Start (-5 Yards) to the Akron 18"
401282811,2021,Ohio State,home,52,False,them,them,1,10,2,False,False,False,"AKRON Penalty, False Start (-3 Yards) to the Akron 3"
401282811,2021,Ohio State,home,52,False,them,them,3,0,4,False,False,False,"AKRON Penalty, Delay of Game (-5 Yards) to the OhSt 15"
401282769,2021,Ohio State,home,49,False,them,them,3,9,1,False,False,False,"MARYLAND Penalty, Offensive Holding (-10 Yards) to the Mary 16"
401282769,2021,Ohio State,home,49,False,them,them,1,10,2,False,False,False,"MARYLAND Penalty, False Start (-5 Yards) to the Mary 32"
401282799,2021,Ohio State,away,9,False,them,us,3,14,3,False,False,True,"NEBRASKA Penalty, Defensive Offside (5 Yards) to the Neb 33"
401282799,2021,Ohio State,away,9,False,them,us,1,10,4,False,False,True,"NEBRASKA Penalty, Defensive Offside (5 Yards) to the OhSt 33"
401282812,2021,Ohio State,home,28,False,them,us,2,10,2,False,False,True,"PURDUE Penalty, Defensive Offside (5 Yards) to the Prdue 20"
401282812,2021,Ohio State,home,28,False,them,us,3,3,2,False,False,True,"PURDUE Penalty, Defensive Offside (5 Yards) to the Prdue 28 for a 1ST down"
401282812,2021,Ohio State,home,28,False,them,them,2,5,3,False,False,True,"PURDUE Penalty, Unsportsmanlike Conduct (-15 Yards) to the Prdue 36"
401331239,2021,Ohio State,home,3,True,them,them,2,3,3,False,False,True,"UTAH Penalty, False Start (Dalton Kincaid) to the Utah 37"
401331239,2021,Ohio State,home,3,True,them,us,2,3,3,False,False,True,"UTAH Penalty, Defensive Offside (Mika Tafua) to the 50 yard line for a 1ST down"
401404124,2022,Ohio State,home,11,False,them,us,3,6,1,False,False,True,"NOTRE DAME Penalty, Personal Foul (Isaiah Foskey) to the 50 yard line"
401405088,2022,Ohio State,home,56,False,them,us,1,10,1,False,False,True,PENALTY TOL UNS: Unsportsmanlike Conduct offsetting OSU UNS: Unsportsmanlike Conduct offsetting. NO PLAY.
401405088,2022,Ohio State,home,56,False,them,us,2,5,2,False,False,True,"No Huddle-Shotgun Stroud,C.J. pass complete short right to Hayden,Dallan for 0 yards to the TOL23, out of bounds at TOL23 PENALTY TOL Holding (Johnson,Dyontae) "
401405088,2022,Ohio State,home,56,False,us,us,3,3,3,False,False,False,"PENALTY OSU False Start (Wypler,Luke) 5 yards from OSU32 to OSU27. NO PLAY."
401405088,2022,Ohio State,home,56,False,them,them,1,10,3,False,False,False,"PENALTY TOL False Start (Newton,Jerjuan) 1 yard from TOL02 to TOL01. NO PLAY."
401405088,2022,Ohio State,home,56,False,them,us,1,7,4,False,False,True,"No Huddle Hayden,Dallan rush middle for 5 yards gain to the TOL02 (Ragin,D'Andre) PENALTY TOL Illegal Substitution 4 yards from TOL07 to TOL03. NO PLAY."
401405095,2022,Ohio State,home,31,False,them,us,3,5,3,False,False,True,"WISCONSIN Penalty, Personal Foul (15 Yards) to the 50 yard line"
401405104,2022,Ohio State,home,39,False,them,them,4,7,1,False,False,False,"RUTGERS Penalty, False Start (-5 Yards) to the Rutgr 23"
401405104,2022,Ohio State,home,39,False,them,them,3,10,2,False,False,False,"RUTGERS Penalty, Delay of Game (-4 Yards) to the Rutgr 4"
401405104,2022,Ohio State,home,39,False,them,us,1,10,2,False,False,True,"RUTGERS Penalty, Defensive Pass Interference (10 Yards) to the Rutgr 4 for a 1ST down"
401405104,2022,Ohio State,home,39,False,them,us,3,0,2,False,False,True,"RUTGERS Penalty, Defensive Holding (2 Yards) to the Rutgr 1 for a 1ST down"
401405104,2022,Ohio State,home,39,False,them,them,1,10,3,False,False,False,"RUTGERS Penalty, Offensive Offside (-5 Yards) to the Rutgr 30"
401405104,2022,Ohio State,home,39,False,them,us,1,10,3,False,False,True,"RUTGERS Penalty, Defensive Offside (5 Yards) to the OhSt 30"
401405104,2022,Ohio State,home,39,False,them,us,1,0,3,False,False,True,"RUTGERS Penalty, Defensive Holding (4 Yards) to the Rutgr 4 for a 1ST down"
401405104,2022,Ohio State,home,39,False,them,us,1,10,3,False,False,True,"RUTGERS Penalty, Defensive Pass Interference (10 Yards) to the Rutgr 10 for a 1ST down"
401405104,2022,Ohio State,home,39,False,them,us,2,0,4,False,False,True,"RUTGERS Penalty, Defensive Pass Interference (6 Yards) to the Rutgr 2 for a 1ST down"
401405119,2022,Ohio State,home,44,False,us,us,1,10,1,False,False,True,"Shotgun Stroud,C.J. pass complete short left to Stover,Cade for 9 yards to the IOWA09 (Campbell,Jack) PENALTY OSU Illegal Formation (Jones,Dawand) 5 yards from "
401405119,2022,Ohio State,home,44,False,us,them,3,9,2,False,False,True,"Shotgun Petras,Spencer pass incomplete short right to Ragaini,Nico PENALTY OSU Pass Interference (McCalister,Tanner) 15 yards from IOWA39 to OSU46, 1ST DOWN. NO"
401405119,2022,Ohio State,home,44,False,them,them,1,10,2,False,False,False,"PENALTY IOWA False Start (DeJong,Nick) 1 yard from IOWA02 to IOWA01. NO PLAY."
401405119,2022,Ohio State,home,44,False,them,us,2,6,3,False,False,False,"PENALTY IOWA Offside (Shannon,Noah) 5 yards from OSU49 to IOWA46. NO PLAY."
401405119,2022,Ohio State,home,44,False,us,us,1,10,3,False,False,True,"PENALTY OSU False Start (Fleming,Julian) 5 yards from OSU45 to OSU40. NO PLAY."
401405119,2022,Ohio State,home,44,False,them,them,3,14,3,False,False,False,"PENALTY IOWA False Start (Stephens,Beau) 5 yards from IOWA21 to IOWA16. NO PLAY."
401405119,2022,Ohio State,home,44,False,us,us,3,1,4,False,False,True,"No Huddle-Shotgun Stroud,C.J. pass intercepted by Merriweather,Kaevon at IOWA00, End Of Play PENALTY OSU Holding offsetting IOWA Face Mask offsetting. NO PLAY."
401405129,2022,Ohio State,away,14,False,them,them,1,10,3,False,False,False,"NORTHWESTERN Penalty, False Start (Vincent Picozzi) to the Nwest 2"
401405139,2022,Ohio State,home,42,False,them,us,2,6,4,False,False,False,"INDIANA Penalty, Defensive Offside (5 Yards) to the OhSt 21"
401405144,2022,Ohio State,away,13,False,them,them,1,10,1,False,False,True,"MARYLAND Penalty, Illegal Formation (-5 Yards) to the OhSt 39"
401405144,2022,Ohio State,away,13,False,them,them,1,10,1,False,False,False,"MARYLAND Penalty, Offensive Holding (-10 Yards) to the Mary 39"
401405144,2022,Ohio State,away,13,False,them,them,2,3,3,False,False,False,"MARYLAND Penalty, Offensive Holding (-10 Yards) to the Mary 22"
401405144,2022,Ohio State,away,13,False,them,them,2,13,3,False,False,False,"MARYLAND Penalty, False Start (-5 Yards) to the Mary 17"
401405144,2022,Ohio State,away,13,False,them,us,2,8,3,False,False,True,"MARYLAND Penalty, Defensive Pass Interference (12 Yards) to the Mary 17 for a 1ST down"
401405144,2022,Ohio State,away,13,False,them,us,2,12,4,False,False,False,"MARYLAND Penalty, Defensive Holding (10 Yards) to the OhSt 49 for a 1ST down"
401405144,2022,Ohio State,away,13,False,them,us,3,2,4,False,False,True,"MARYLAND Penalty, Defensive Offside (5 Yards) to the OhSt 36 for a 1ST down"
401442015,2022,Ohio State,away,-1,True,them,them,1,10,4,False,False,False,"GEORGIA Penalty, Unsportsmanlike Conduct (-15 Yards) to the Geo 17"
400869261,2016,Penn State,home,20,False,them,them,2,3,2,False,False,True,"AGNER, Justin rush for no gain to the PSU3 (Reid, John;Allen, Marcus), PENALTY KENT face mask 15 yards to the PSU18, NO PLAY."
400869261,2016,Penn State,home,20,False,them,them,2,18,2,False,False,True,"KENT ST Penalty, illegal procedure (-5 Yards) to the PnSt 23"
400869261,2016,Penn State,home,20,False,them,them,1,10,2,False,False,False,"MITCHELL, Mylik pass incomplete to WHITE, Kris, PENALTY KENT holding 10 yards to the KENT10, NO PLAY."
400869261,2016,Penn State,home,20,False,us,us,2,5,3,False,False,True,"Barkley, Saquon rush for 5 yards to the KENT0, clock 05:12, PENALTY PSU holding (Nelson, Andrew) 10 yards to the KENT15, NO PLAY."
400869261,2016,Penn State,home,20,False,them,them,2,9,4,False,False,False,"MITCHELL, Mylik pass complete to FACKLER, Brice for 18 yards to the PSU18, PENALTY KENT ineligible downfield on pass 5 yards to the PSU41, NO PLAY."
400869261,2016,Penn State,home,20,False,them,them,3,20,4,False,False,False,"KENT ST Penalty, illegal procedure (-5 Yards) to the KntSt 48"
400869436,2016,Penn State,away,-3,True,them,us,3,9,1,False,False,False,"PITTSBURGH Penalty, offside defense (5 Yards) to the Pitt 35"
400869436,2016,Penn State,away,-3,True,them,them,3,6,3,False,False,False,"PITTSBURGH Penalty, delay of game (Nathan Peterman) to the Pitt 12"
400869436,2016,Penn State,away,-3,True,them,them,1,0,3,False,False,True,"PITTSBURGH Penalty, unsportsmanlike conduct (Alex Bookser) to the Pitt 20"
400869436,2016,Penn State,away,-3,True,them,them,1,10,4,False,False,False,"PITTSBURGH Penalty, false start (Alex Bookser) to the Pitt 8"
400869519,2016,Penn State,home,7,True,them,us,3,8,1,False,False,True,"TEMPLE Penalty, encroachment (5 Yards) to the Temp 33"
400869519,2016,Penn State,home,7,True,them,us,3,3,1,False,False,True,"TEMPLE Penalty, encroachment (5 Yards) to the Temp 28 for a 1ST down"
400869519,2016,Penn State,home,7,True,us,them,3,5,2,False,False,False,"WALKER,Phillip pass complete to THOMAS,Jahad for 5 yards to the TEM35 (Golden, Malik), PENALTY PSU holding 10 yards to the TEM40, 1ST DOWN TEM, NO PLAY."
400869519,2016,Penn State,home,7,True,us,us,3,4,2,False,False,False,"McSorley, Trace pass incomplete to Godwin, Chris, PENALTY PSU holding (Barkley, Saquon) 10 yards to the TEM44, NO PLAY."
400869519,2016,Penn State,home,7,True,us,them,2,5,2,False,False,True,"WALKER,Phillip pass incomplete to YANCY,Brodrick, PENALTY PSU holding (01) 10 yards to the PSU31, 1ST DOWN TEM, NO PLAY."
400869519,2016,Penn State,home,7,True,them,us,1,10,3,False,False,True,"Barkley, Saquon rush for loss of 8 yards to the PSU22 (ALWAN,Jarred), PENALTY TEM face mask 15 yards to the PSU45, 1ST DOWN PSU, NO PLAY."
400869519,2016,Penn State,home,7,True,us,us,2,21,3,False,False,True,"Barkley, Saquon rush for 9 yards to the TEM12 (CHANDLER,Sean), PENALTY PSU holding (Nelson, Andrew) 10 yards to the TEM31, NO PLAY."
400869519,2016,Penn State,home,7,True,them,them,1,10,3,False,False,False,"TEMPLE Penalty, illegal procedure (Jovahn Fair) to the Temp 47"
400869519,2016,Penn State,home,7,True,them,them,1,10,3,False,False,False,"WALKER,Phillip pass complete to ELLICK,Marshall for 34 yards to the PSU0, clock 05:14, PENALTY TEM illegal block (DAWKINS,Dion) 10 yards to the PSU44, NO PLAY."
400869519,2016,Penn State,home,7,True,them,them,1,9,3,False,False,True,"TEMPLE Penalty, illegal procedure (Dion Dawkins) to the PnSt 14"
400869519,2016,Penn State,home,7,True,them,them,1,1,3,False,False,True,"TEMPLE Penalty, illegal procedure (-5 Yards) to the PnSt 6"
400869519,2016,Penn State,home,7,True,them,us,2,4,3,False,False,True,"McSorley, Trace pass incomplete to Hamilton, D., PENALTY TEM pass interference (RANDALL,Delvon) 16 yards to the PSU39, 1ST DOWN PSU, NO PLAY."
400869519,2016,Penn State,home,7,True,them,us,1,10,4,False,False,True,"McSorley, Trace pass incomplete to Thompkins, D. (FOLKS,Jared), PENALTY TEM pass interference (FOLKS,Jared) 15 yards to the PSU40, 1ST DOWN PSU, NO PLAY."
400869519,2016,Penn State,home,7,True,them,them,1,10,4,False,False,True,"TEMPLE Penalty, illegal procedure (Dion Dawkins) to the PnSt 26"
400869666,2016,Penn State,home,3,True,them,us,4,7,1,False,False,False,"Gillikin, Blake punt 34 yards to the MINN41, fair catch by Myrick, Jalen, PENALTY MINN personal foul (Rallis, Nick) 15 yards to the PSU40, 1ST DOWN PSU, NO PLAY"
400869666,2016,Penn State,home,3,True,them,us,3,2,1,False,False,False,"MINNESOTA Penalty, offside defense (5 Yards) to the PnSt 31 for a 1ST down"
400869666,2016,Penn State,home,3,True,them,them,1,8,1,False,False,True,"Brooks, Shannon rush for 5 yards to the PSU3 (Bowen, Manny;Smith, Brandon), PENALTY MINN holding (Wright, G) 10 yards to the PSU18, NO PLAY."
400869666,2016,Penn State,home,3,True,them,us,3,2,2,False,False,True,"MINNESOTA Penalty, Defensive offside (Jonathan Celestin) to the Minn 8 for a 1ST down"
400869666,2016,Penn State,home,3,True,us,them,1,10,2,False,False,True,"Leidner, Mitch pass incomplete to Smith, Brian (Haley, Grant), PENALTY PSU pass interference (Haley, Grant) 15 yards to the PSU14, 1ST DOWN MINN, NO PLAY."
400869666,2016,Penn State,home,3,True,them,them,1,10,2,False,False,True,"Smith, Rodney rush for 6 yards to the MINN19 (Haley, Grant), PENALTY MINN holding (Wozniak, Nate) 6 yards to the MINN7, NO PLAY."
400869666,2016,Penn State,home,3,True,them,us,2,10,3,False,False,True,"McSorley, Trace pass incomplete to Charles, Irvin (Shenault, A), PENALTY MINN pass interference (Shenault, A) 15 yards to the PSU30, 1ST DOWN PSU, NO PLAY."
400869666,2016,Penn State,home,3,True,them,them,1,10,3,False,False,True,"MINNESOTA Penalty, unsportsmanlike conduct (Jaylen Waters) to the Minn 13"
400869666,2016,Penn State,home,3,True,us,them,2,14,4,False,False,True,"Smith, Rodney rush for loss of 7 yards to the PSU41 (Givens, Kevin), PENALTY PSU face mask (Allen, Marcus) 15 yards to the PSU19, 1ST DOWN MINN, NO PLAY."
400869669,2016,Penn State,home,24,False,us,us,3,4,1,False,False,False,"McSorley, Trace pass complete to Gesicki, Mike for 31 yards to the UMD12, out-of-bounds, PENALTY PSU pass interference 15 yards to the PSU42, NO PLAY."
400869669,2016,Penn State,home,24,False,them,them,2,7,1,False,False,False,"MARYLAND Penalty, illegal procedure (-5 Yards) to the Mary 5"
400869669,2016,Penn State,home,24,False,us,us,3,7,2,False,False,True,"Barkley, Saquon rush for 14 yards to the UMD0, clock 06:17, PENALTY PSU holding (Bates, Ryan) 10 yards to the UMD24, NO PLAY."
400869669,2016,Penn State,home,24,False,them,them,2,11,3,False,False,False,"MARYLAND Penalty, personal foul (10 Yards) to the PnSt 45"
400869669,2016,Penn State,home,24,False,them,them,3,7,3,False,False,False,"MARYLAND Penalty, personal foul (-5 Yards) to the Mary 23"
400869682,2016,Penn State,away,38,False,them,us,3,4,2,False,False,True,"PURDUE Penalty, Defensive Offside (Lorenzo Neal) to the PnSt 32 for a 1ST down"
400869682,2016,Penn State,away,38,False,them,them,1,10,2,False,False,False,"PURDUE Penalty, Delay of Game (-5 Yards) to the PnSt 27"
400869682,2016,Penn State,away,38,False,them,them,3,6,3,False,False,False,"PURDUE Penalty, Offensive Holding (-11 Yards) to the Prdue 39"
400869682,2016,Penn State,away,38,False,them,them,1,10,3,False,False,False,"PURDUE Penalty, Personal Foul (-15 Yards) to the Prdue 21"
400869688,2016,Penn State,home,27,False,them,them,4,7,2,False,False,False,"Coluzzi, Ron punt 50 yards to the PSU22, fair catch by Thompkins, D., PENALTY IOWA illegal formation 5 yards to the IOWA23, NO PLAY."
400869688,2016,Penn State,home,27,False,them,them,1,10,2,False,False,True,"IOWA Penalty, false start (-5 Yards) to the PnSt 43"
400869688,2016,Penn State,home,27,False,them,them,2,7,2,False,False,True,"IOWA Penalty, false start (-5 Yards) to the PnSt 12"
400869688,2016,Penn State,home,27,False,us,us,2,10,4,False,False,False,"Stevens, Tommy rush for 5 yards to the PSU10, PENALTY PSU illegal shift 2 yards to the PSU3, NO PLAY."
400869689,2016,Penn State,away,14,False,them,us,2,9,1,False,False,True,"INDIANA Penalty, Defensive Offside (Jacob Robinson) to the Ind 4"
400869689,2016,Penn State,away,14,False,them,them,1,10,2,False,False,True,"INDIANA Penalty, Illegal Block (-15 Yards) to the Ind 25"
400869689,2016,Penn State,away,14,False,them,them,3,13,2,False,False,False,"INDIANA Penalty, Offensive Holding (Wes Rogers) to the Ind 12"
400869689,2016,Penn State,away,14,False,them,them,1,7,3,False,False,False,"INDIANA Penalty, Offensive Holding (Wes Rogers) to the PnSt 17"
400869689,2016,Penn State,away,14,False,them,them,1,10,4,False,False,False,"INDIANA Penalty, Offensive Holding (Wes Martin) to the Ind 10"
400869641,2016,Penn State,away,39,False,us,them,4,8,1,False,False,False,"Cintron, M. punt 34 yards to the PSU15, fair catch by Reid, John, PENALTY PSU offside defense (Miller, Jarvis) 5 yards to the PSU44, NO PLAY."
400869641,2016,Penn State,away,39,False,them,us,2,10,1,False,False,True,"RUTGERS Penalty, offside defense (5 Yards) to the Rutgr 19"
400869641,2016,Penn State,away,39,False,them,us,3,1,3,False,False,True,"RUTGERS Penalty, offside defense (5 Yards) to the Rutgr 41 for a 1ST down"
400926946,2016,Penn State,home,7,True,them,them,3,7,1,False,False,True,"WISCONSIN Penalty, False Start (David Edwards) to the PnSt 27"
400876111,2016,Penn State,home,-3,True,them,them,2,6,2,False,False,True,"USC Penalty, False Start (Nico Falah) to the PnSt 27"
400876111,2016,Penn State,home,-3,True,them,us,3,5,2,False,False,True,"USC Penalty, Face Mask (12 yards) (Stevie Tu'ikolovatu) to the USC 12 for a 1ST down"
400876111,2016,Penn State,home,-3,True,them,them,4,6,3,False,False,False,"USC Penalty, False Start (Michael Pittman Jr.) to the USC 34"
400876111,2016,Penn State,home,-3,True,them,them,4,10,3,False,False,False,"USC Penalty, False Start (Uchenna Nwosu) to the USC 36"
400876111,2016,Penn State,home,-3,True,them,us,2,18,3,False,False,True,"USC Penalty, Personal Foul (Cameron Smith) to the USC 24 for a 1ST down.  Cameron Smith ejected for targeting."
400876111,2016,Penn State,home,-3,True,them,them,3,11,4,False,False,False,"USC Penalty, False Start (Zach Banner) to the USC 32"
400935237,2017,Penn State,home,52,False,them,them,2,10,2,False,False,False,"AKRON Penalty, False Start (Tra'Von Chapman) to the Akron 33"
400935237,2017,Penn State,home,52,False,them,them,1,25,4,False,False,False,"AKRON Penalty, False Start (Kwadarrius Smith) to the Akron 36"
400935237,2017,Penn State,home,52,False,them,them,1,10,4,False,False,False,"AKRON Penalty, False Start (Xavier Quigley) to the Akron 28"
400935245,2017,Penn State,home,19,False,them,us,3,7,1,False,False,True,"PITTSBURGH Penalty, Defensive Offside (5 Yards) to the Pitt 10"
400935245,2017,Penn State,home,19,False,them,them,2,17,2,False,False,False,"PITTSBURGH Penalty, False Start (Alex Officer) to the PnSt 44"
400935245,2017,Penn State,home,19,False,them,them,3,6,3,False,False,False,"PITTSBURGH Penalty, False Start (-5 Yards) to the Pitt 33"
400935360,2017,Penn State,away,2,True,them,them,4,7,2,False,False,False,"IOWA Penalty, Illegal Formation (-5 Yards) to the Iowa 21"
400935360,2017,Penn State,away,2,True,them,them,4,8,2,False,False,False,"IOWA Penalty, Delay of Game (-5 Yards) to the Iowa 41"
400935368,2017,Penn State,home,31,False,us,them,1,10,1,False,False,False,"Lagow, Richard pass incomplete to Cobbs, Simmie, PENALTY PSU pass interference (Campbell, C.) 7 yards to the IND25, 1ST DOWN IND, NO PLAY."
400935368,2017,Penn State,home,31,False,them,them,1,10,1,False,False,False,"INDIANA Penalty, false start (-5 Yards) to the PnSt 44"
400935368,2017,Penn State,home,31,False,them,us,4,15,1,False,False,True,"Gillikin, Blake punt 45 yards to the IND33, fair catch by Timian, Luke, PENALTY IND roughing the kicker (Thompson, Jayme) 15 yards to the PSU37, 1ST DOWN PSU, N"
400935374,2017,Penn State,away,24,False,them,them,3,6,3,False,False,False,"NORTHWESTERN Penalty, False Start (Rashawn Slater) to the Nwest 19"
400935374,2017,Penn State,away,24,False,them,them,4,7,3,False,False,False,"NORTHWESTERN Penalty, Delay of Game (-5 Yards) to the Nwest 18"
400935408,2017,Penn State,home,29,False,them,them,3,1,1,False,False,True,"RUTGERS Penalty, false start (-5 Yards) to the PnSt 17"
400935408,2017,Penn State,home,29,False,us,them,1,10,3,False,False,False,"Rescigno, G. sacked for loss of 6 yards to the RU34 (Gross-Matos, Y.), PENALTY PSU offside defense (Brown, Cam) 5 yards to the RU45, NO PLAY."
400935415,2017,Penn State,home,12,False,them,them,1,10,1,False,False,True,"NEBRASKA Penalty, false start (-5 Yards) to the PnSt 39"
400935415,2017,Penn State,home,12,False,them,them,4,1,1,False,False,False,"NEBRASKA Penalty, delay of game (-5 Yards) to the Neb 37"
400935415,2017,Penn State,home,12,False,us,us,3,1,2,False,False,True,"Barkley, Saquon rush for 2 yards to the NEB44 (Dedrick Young;M. Stoltenberg), PENALTY PSU holding (McGovern, C.) 9 yards to the PSU45, NO PLAY."
400935415,2017,Penn State,home,12,False,them,us,2,12,2,False,False,True,"McSorley, Trace pass incomplete to Johnson, Juwan (Joshua Kalu), PENALTY NEB pass interference (Joshua Kalu) 15 yards to the NEB17, 1ST DOWN PSU, NO PLAY."
400935415,2017,Penn State,home,12,False,them,us,2,1,2,False,False,True,"McSorley, Trace pass incomplete to Gesicki, Mike (Marcus Newby), PENALTY NEB illegal use of hands (F. Akinmoladun) 15 yards to the NEB26, 1ST DOWN PSU, NO PLAY."
400935415,2017,Penn State,home,12,False,them,them,2,4,3,False,False,True,"NEBRASKA Penalty, false start (Nick Gates) to the Neb 22"
400935419,2017,Penn State,away,63,False,us,them,3,2,1,False,False,False,"Bortenschlager pass incomplete to Davenport, J., PENALTY PSU offside (Miller, Shareef) 5 yards to the UMD39, 1ST DOWN UMD, NO PLAY."
400935419,2017,Penn State,away,63,False,them,them,4,13,1,False,False,False,"MARYLAND Penalty, unsportsmanlike conduct (-13 Yards) to the Mary 14"
400935419,2017,Penn State,away,63,False,them,us,1,10,3,False,False,True,"MARYLAND Penalty, personal foul (Jermaine Carter Jr.) to the Mary 13 for a 1ST down"
400935419,2017,Penn State,away,63,False,them,them,2,5,4,False,False,False,"MARYLAND Penalty, personal foul (Derwin Gray) to the Mary 14"
400935419,2017,Penn State,away,63,False,them,us,1,7,4,False,False,True,"MARYLAND Penalty, face mask (4 yards) (Darnell Savage Jr.) to the Mary 3"
400953407,2017,Penn State,home,7,True,them,us,1,0,2,False,False,True,"WASHINGTON Penalty, Substitution Infraction ( Yards) to the Wash 1"
401013349,2018,Penn State,home,7,True,them,us,4,1,1,False,False,True,"APPALACHIAN ST Penalty, personal foul (Desmond Franklin) to the PnSt 49 for a 1ST down"
401013349,2018,Penn State,home,7,True,them,us,1,10,1,False,False,True,"McSorley, Trace pass incomplete to Johnson, Juwan, PENALTY APP pass interference (Duck, Clifton) 15 yards to the APP14, 1ST DOWN PSU, NO PLAY."
401013349,2018,Penn State,home,7,True,them,them,2,9,1,False,False,True,"Heath, D. rush for loss of 3 yards to the PSU30 (Scott, Nick), PENALTY APP illegal cut (5V) 15 yards to the PSU42, NO PLAY."
401013349,2018,Penn State,home,7,True,us,them,3,16,2,False,False,False,"Thomas, Zac pass intercepted by Johnson, D. at the APP45, Johnson, D. return to the APP45, PENALTY PSU offside defense (Toney, Shaka) 5 yards to the APP30, NO P"
401013349,2018,Penn State,home,7,True,them,them,3,2,2,False,False,False,"APPALACHIAN ST Penalty, Offensive offside (-5 Yards) to the AppSt 47"
401013349,2018,Penn State,home,7,True,them,us,1,10,3,False,False,True,"Slade, Ricky rush for 2 yards to the PSU30 (Fehr, Jordan), PENALTY APP personal foul (Greer, Chandler) 15 yards to the PSU43, 1ST DOWN PSU, NO PLAY."
401013349,2018,Penn State,home,7,True,them,them,2,4,3,False,False,True,"Evans, D. rush for 2 yards to the PSU24 (Tarburton, Nick), PENALTY APP personal foul 15 yards to the PSU41, NO PLAY."
401013349,2018,Penn State,home,7,True,them,them,1,0,4,False,False,True,"Moore, Jalin rush for loss of 3 yards to the PSU5 (Johnson, Jan;Gross-Matos, Y.), PENALTY APP illegal block 15 yards to the PSU17, NO PLAY."
401013105,2018,Penn State,away,45,False,them,us,1,10,1,False,False,True,"PITTSBURGH Penalty, Defensive Holding (Damar Hamlin) to the Pitt 32 for a 1ST down"
401013105,2018,Penn State,away,45,False,them,them,3,4,1,False,False,False,"PITTSBURGH Penalty, Delay of Game (Kenny Pickett) to the Pitt 28"
401013105,2018,Penn State,away,45,False,them,us,2,3,1,False,False,False,"PITTSBURGH Penalty, Substitution Infraction (5 Yards) to the PnSt 44 for a 1ST down"
401013105,2018,Penn State,away,45,False,them,us,1,10,1,False,False,False,"PITTSBURGH Penalty, Unsportsmanlike Conduct (15 Yards) to the Pitt 41 for a 1ST down"
401013105,2018,Penn State,away,45,False,them,them,1,10,2,False,False,False,"PITTSBURGH Penalty, Offensive Holding (Will Gragg) to the Pitt 28"
401013105,2018,Penn State,away,45,False,them,them,1,10,3,False,False,True,"PITTSBURGH Penalty, False Start (Tyler Sear) to the Pitt 4"
401013105,2018,Penn State,away,45,False,them,us,2,10,3,False,False,False,"PITTSBURGH Penalty, Defensive Offside (Rashad Weaver) to the 50 yard line"
401013105,2018,Penn State,away,45,False,them,them,1,10,3,False,False,False,"PITTSBURGH Penalty, False Start (-5 Yards) to the Pitt 20"
401013350,2018,Penn State,home,53,False,us,us,1,10,1,False,False,True,"McSorley, Trace pass complete to Hamler, KJ for 56 yards to the KENT0, clock 14:22, PENALTY PSU holding (Menet, Michael) 10 yards to the PSU34, NO PLAY."
401013350,2018,Penn State,home,53,False,them,us,4,9,1,False,False,True,"Gillikin, Blake punt 33 yards to the KENT22, fair catch by TYSON, ZAQUON, PENALTY KENT personal foul (PHILLIPS, C.) 15 yards to the KENT40, 1ST DOWN PSU, NO PLA"
401013350,2018,Penn State,home,53,False,us,them,4,5,1,False,False,True,"BARRETT, WOODY pass incomplete to CARRIGAN, MIKE, PENALTY PSU offside defense (Windsor, Robert) 5 yards to the 50 yardline, 1ST DOWN KENT, NO PLAY."
401013350,2018,Penn State,home,53,False,them,them,1,10,1,False,False,True,"RANKIN, JUSTIN rush for loss of 1 yard to the PSU38 (Toney, Shaka), PENALTY KENT holding (WARNOCK, NATE) 10 yards to the PSU47, NO PLAY."
401013350,2018,Penn State,home,53,False,them,them,2,10,1,False,False,False,"KENT ST Penalty, false start (-5 Yards) to the KntSt 20"
401013350,2018,Penn State,home,53,False,them,us,3,2,1,False,False,True,"KENT ST Penalty, offside defense (1 Yards) to the KntSt 2"
401013350,2018,Penn State,home,53,False,us,us,3,7,2,False,False,False,"McSorley, Trace pass complete to Johnson, Juwan for 24 yards to the KENT0, clock 10:44, PENALTY PSU pass interference (Freiermuth, Pat) 15 yards to the KENT39, "
401013350,2018,Penn State,home,53,False,them,them,1,10,2,False,False,False,"KENT ST Penalty, personal foul (Isaiah McKoy) to the KntSt 29"
401013350,2018,Penn State,home,53,False,us,them,2,15,2,False,False,True,"BARRETT, WOODY pass incomplete to CARRIGAN, MIKE, PENALTY PSU pass interference (Oruwariye, A.) 10 yards to the PSU5, 1ST DOWN KENT, NO PLAY."
401013350,2018,Penn State,home,53,False,them,them,1,65,2,False,False,True,"MCFADDEN, C. kickoff 45 yards to the PSU20, out-of-bounds, PENALTY KENT offside (MCFADDEN, C.) 5 yards to the KENT30, NO PLAY."
401013350,2018,Penn State,home,53,False,us,us,2,6,3,False,False,True,"McSorley, Trace pass complete to Sullivan-Brown for 66 yards to the KENT0, clock 05:45, PENALTY PSU holding (Thorpe, C.J.) 10 yards to the PSU24, NO PLAY."
401013350,2018,Penn State,home,53,False,them,them,3,13,3,False,False,False,"BARRETT, WOODY pass complete to MCKOY, ISAIAH for 6 yards to the PSU45 (Monroe, Ayron), PENALTY KENT illegal motion 5 yards to the KENT44, NO PLAY."
401013350,2018,Penn State,home,53,False,us,us,2,5,4,False,False,True,"Thomas, J. rush for 2 yards to the KENT3 (WEST, ZAYIN), PENALTY PSU holding (Wright, Chasz) 10 yards to the KENT15, NO PLAY."
401012807,2018,Penn State,away,39,False,them,them,1,10,4,False,False,False,"ILLINOIS Penalty, False Start (Ra'Von Bonner) to the PnSt 48"
401012857,2018,Penn State,away,5,True,them,them,3,10,1,False,False,False,"INDIANA Penalty, Offensive Holding (-10 Yards) to the Ind 34"
401012857,2018,Penn State,away,5,True,them,us,4,10,1,False,False,False,"INDIANA Penalty, Roughing the Kicker (5 Yards) to the Ind 48"
401012857,2018,Penn State,away,5,True,them,them,3,3,2,False,False,False,"INDIANA Penalty, Offensive Holding (-10 Yards) to the Ind 25"
401012857,2018,Penn State,away,5,True,them,them,3,10,2,False,False,False,"INDIANA Penalty, Offensive Holding (-10 Yards) to the PnSt 40"
401012857,2018,Penn State,away,5,True,them,them,2,1,3,False,False,False,"INDIANA Penalty, Offensive Holding (-10 Yards) to the Ind 24"
401012857,2018,Penn State,away,5,True,them,them,1,10,4,False,False,False,"INDIANA Penalty, Offensive Holding (-10 Yards) to the Ind 32"
401012868,2018,Penn State,home,6,True,them,them,4,4,1,False,False,True,"IOWA Penalty, Delay of Game (-5 Yards) to the PnSt 9"
401012868,2018,Penn State,home,6,True,them,them,2,10,2,False,False,False,"IOWA Penalty, False Start (Alaric Jackson) to the PnSt 48"
401012868,2018,Penn State,home,6,True,them,them,1,10,2,False,False,False,"IOWA Penalty, False Start (Alaric Jackson) to the PnSt 47"
401012868,2018,Penn State,home,6,True,them,them,1,10,4,False,False,False,"IOWA Penalty, False Start (-5 Yards) to the Iowa 5"
401012868,2018,Penn State,home,6,True,them,them,1,10,4,False,False,False,"IOWA Penalty, False Start (Tristan Wirfs) to the PnSt 37"
401013351,2018,Penn State,home,12,False,them,them,2,10,2,False,False,False,"WISCONSIN Penalty, False Start (Beau Benzschawel) to the Wisc 30"
401013351,2018,Penn State,home,12,False,them,us,1,10,3,False,False,True,"WISCONSIN Penalty, Unsportsmanlike Conduct (15 Yards) to the Wisc 48 for a 1ST down"
401013351,2018,Penn State,home,12,False,them,them,1,10,3,False,False,False,"WISCONSIN Penalty, False Start (Beau Benzschawel) to the Wisc 22"
401013351,2018,Penn State,home,12,False,them,them,2,7,4,False,False,False,"WISCONSIN Penalty, False Start (-5 Yards) to the Wisc 25"
401013351,2018,Penn State,home,12,False,them,them,2,12,4,False,False,False,"WISCONSIN Penalty, False Start (-5 Yards) to the Wisc 20"
401012879,2018,Penn State,home,35,False,them,them,4,5,1,False,False,False,"MARYLAND Penalty, Illegal Formation (-5 Yards) to the Mary 38"
401012879,2018,Penn State,home,35,False,them,them,3,7,1,False,False,True,"MARYLAND Penalty, False Start (-5 Yards) to the PnSt 15"
401032088,2018,Penn State,home,-3,True,them,us,1,10,2,False,False,False,"KENTUCKY Penalty, Illegal Participation (5 Yards) to the Kent 47"
401112257,2019,Penn State,home,72,False,them,them,3,30,1,False,False,False,"IDAHO Penalty, False Start (-2 Yards) to the Idaho 3"
401112257,2019,Penn State,home,72,False,them,them,2,16,2,False,False,False,"IDAHO Penalty, False Start (-5 Yards) to the Idaho 27"
401112257,2019,Penn State,home,72,False,them,us,1,10,2,False,False,True,"IDAHO Penalty, Defensive Offside (Coleman Johnson) to the Idaho 36"
401112257,2019,Penn State,home,72,False,them,us,2,10,2,False,False,False,"IDAHO Penalty, Defensive Offside (5 Yards) to the Idaho 47"
401112257,2019,Penn State,home,72,False,them,them,1,10,3,False,False,False,"IDAHO Penalty, False Start (Mason Petrino) to the PnSt 33"
401112257,2019,Penn State,home,72,False,them,them,3,3,3,False,False,False,"IDAHO Penalty, False Start (-5 Yards) to the PnSt 26"
401112258,2019,Penn State,home,32,False,them,them,3,8,1,False,False,False,"BUFFALO Penalty, false start (-5 Yards) to the PnSt 36"
401112258,2019,Penn State,home,32,False,them,them,3,7,2,False,False,True,"BUFFALO Penalty, false start (-5 Yards) to the PnSt 19"
401112258,2019,Penn State,home,32,False,us,us,2,13,2,False,False,False,"Clifford, Sean pass complete to Hamler, KJ for loss of 1 yard to the PSU30 (HILL, Tyrone), PENALTY PSU ineligible downfield on pass 5 yards to the PSU26, NO PLA"
401112258,2019,Penn State,home,32,False,them,them,4,6,2,False,False,False,"BUFFALO Penalty, false start (-5 Yards) to the Buff 46"
401112258,2019,Penn State,home,32,False,us,them,1,10,3,False,False,False,"MYERS, Matt pass incomplete to SMITH, LeMaro, PENALTY PSU pass interference (Castro-Fields) 15 yards to the UB40, 1ST DOWN UB, NO PLAY."
401112204,2019,Penn State,away,59,False,them,them,3,5,1,False,False,False,"MARYLAND Penalty, false start (Marcus Minor) to the Mary 25"
401112204,2019,Penn State,away,59,False,them,them,1,10,1,False,False,False,"MARYLAND Penalty, false start (Ellis McKennie) to the PnSt 27"
401112204,2019,Penn State,away,59,False,them,us,1,10,2,False,False,True,"MARYLAND Penalty, personal foul (Deon Jones) to the Mary 23 for a 1ST down"
401112204,2019,Penn State,away,59,False,them,us,1,10,2,False,False,True,"MARYLAND Penalty, Defensive offside (5 Yards) to the Mary 18"
401112204,2019,Penn State,away,59,False,us,them,1,10,2,False,False,False,"Jackson, Josh pass incomplete to Jones, Darryl (Porter Jr., J.), PENALTY PSU pass interference (Porter Jr., J.) 13 yards to the UMD43, 1ST DOWN UMD, NO PLAY."
401112260,2019,Penn State,home,28,False,them,them,2,10,3,False,False,False,"PURDUE Penalty, Substitution Infraction (-5 Yards) to the Prdue 29"
401112195,2019,Penn State,away,5,True,them,them,3,1,3,False,False,False,"IOWA Penalty, False Start (Nate Wieting) to the Iowa 45"
401112235,2019,Penn State,away,-5,True,them,them,2,11,3,False,False,False,"MINNESOTA Penalty, Substitution Infraction (-5 Yards) to the PnSt 45"
401112235,2019,Penn State,away,-5,True,them,them,4,11,3,False,False,False,"MINNESOTA Penalty, Delay of Game (-5 Yards) to the PnSt 45"
401112166,2019,Penn State,home,7,True,them,us,3,7,1,False,False,True,"INDIANA Penalty, Defensive Pass Interference (7 Yards) to the PnSt 23 for a 1ST down"
401112166,2019,Penn State,home,7,True,them,us,3,9,2,False,False,False,"INDIANA Penalty, Defensive Offside (5 Yards) to the PnSt 30"
401112166,2019,Penn State,home,7,True,them,them,3,7,2,False,False,False,"INDIANA Penalty, Substitution Infraction (-5 Yards) to the Ind 18"
401112166,2019,Penn State,home,7,True,them,them,1,10,3,False,False,False,"INDIANA Penalty, Substitution Infraction (-5 Yards) to the Ind 20"
401112166,2019,Penn State,home,7,True,them,them,2,4,4,False,False,True,"INDIANA Penalty, False Start (-5 Yards) to the PnSt 9"
401112261,2019,Penn State,home,21,False,them,them,4,9,1,False,False,False,"RUTGERS Penalty, illegal procedure (-5 Yards) to the Rutgr 41"
401112261,2019,Penn State,home,21,False,them,us,1,15,2,False,False,False,"RUTGERS Penalty, offside defense (5 Yards) to the Rutgr 48"
401112261,2019,Penn State,home,21,False,us,them,3,9,3,False,False,True,"Langan, Johnny pass incomplete to Jabbie, Mohamed (Ellis, Keaton), QB hurry by Brown, Cam, PENALTY PSU roughing passer (Oweh, Jayson) 15 yards to the RU37, 1ST "
401135277,2019,Penn State,home,14,False,them,them,1,10,2,False,False,False,"MEMPHIS Penalty, Delay of Game (-5 Yards) to the Memph 20"
401135277,2019,Penn State,home,14,False,them,them,2,10,2,False,False,False,"MEMPHIS Penalty, False Start (Brian Thomas) to the Memph 17"
401135277,2019,Penn State,home,14,False,them,them,3,9,3,False,False,True,"MEMPHIS Penalty, False Start (Obinna Eze) to the PnSt 33"
401135277,2019,Penn State,home,14,False,them,them,3,4,4,False,False,True,"MEMPHIS Penalty, False Start (Brian Thomas) to the 50 yard line"
401247295,2020,Penn State,away,-1,True,them,them,4,3,1,False,False,False,"INDIANA Penalty, Illegal Touching (-5 Yards) to the Ind 34"
401247295,2020,Penn State,away,-1,True,them,them,2,10,4,False,False,True,"INDIANA Penalty, False Start (-5 Yards) to the PnSt 31"
401247295,2020,Penn State,away,-1,True,them,us,3,7,4,False,False,False,"INDIANA Penalty, Defensive Pass Interference (Tiawan Mullen) to the Ind 34 for a 1ST down"
401247312,2020,Penn State,home,-16,False,us,us,1,10,3,False,False,True,"Clifford, Sean pass complete to Dotson, Jahan for 8 yards to the PSU44, PENALTY PSU holding (Fries, Will) 10 yards to the PSU26, NO PLAY."
401247312,2020,Penn State,home,-16,False,them,them,4,6,3,False,False,False,"MARYLAND Penalty, delay of game (-5 Yards) to the PnSt 41"
401247312,2020,Penn State,home,-16,False,them,them,3,7,4,False,False,False,"MARYLAND Penalty, delay of game (-5 Yards) to the PnSt 47"
401247312,2020,Penn State,home,-16,False,them,them,2,13,4,False,False,False,"MARYLAND Penalty, illegal procedure (Johari Branch) to the Mary 24"
401247320,2020,Penn State,away,-7,True,them,them,3,5,1,False,False,True,"NEBRASKA Penalty, false start (-5 Yards) to the PnSt 45"
401247320,2020,Penn State,away,-7,True,them,us,1,10,1,False,False,True,"Clifford, Sean pass incomplete to Dotson, Jahan, PENALTY NEB holding (Domann, JoJo) 10 yards to the NEB42, 1ST DOWN PSU, NO PLAY."
401247320,2020,Penn State,away,-7,True,them,them,4,11,2,False,False,False,"NEBRASKA Penalty, delay of game (-5 Yards) to the PnSt 47"
401247320,2020,Penn State,away,-7,True,them,us,1,10,3,False,False,True,"Levis, Will pass incomplete to Washington, P., PENALTY NEB pass interference (Farmer, Myles) 14 yards to the PSU43, 1ST DOWN PSU, NO PLAY."
401247320,2020,Penn State,away,-7,True,them,them,4,2,4,False,False,True,"NEBRASKA Penalty, delay of game (-5 Yards) to the PnSt 12"
401247327,2020,Penn State,home,-20,False,them,them,1,5,2,False,False,True,"Petras,Spencer rush for loss of 91 yards to the IOWA4 (Mustipher, PJ), PENALTY IOWA illegal formation 5 yards to the PSU10, NO PLAY."
401247327,2020,Penn State,home,-20,False,them,them,2,10,2,False,False,True,"Petras,Spencer pass complete to Ragaini,Nico for 3 yards to the PSU28 (Wade, Lamont;Brooks, Ellis), PENALTY IOWA holding (Smith-Marsette) 10 yards to the PSU41,"
401247327,2020,Penn State,home,-20,False,us,them,2,14,3,False,False,True,"Petras,Spencer pass incomplete to Goodson,Tyler, PENALTY PSU holding (Ellis, Keaton) 10 yards to the PSU37, 1ST DOWN IOWA, NO PLAY."
401247327,2020,Penn State,home,-20,False,them,them,1,10,3,False,False,True,"IOWA Penalty, false start (Mark Kallenberger) to the PnSt 27"
401247327,2020,Penn State,home,-20,False,them,us,1,10,4,False,False,False,"Clifford, Sean pass incomplete to Johnson, Theo, PENALTY IOWA offside defense (Belton,Dane) 5 yards to the PSU30, NO PLAY."
401247336,2020,Penn State,away,16,False,them,them,2,10,2,False,False,False,"RUTGERS Penalty, Offensive Holding (-10 Yards) to the PnSt 46"
401247336,2020,Penn State,away,16,False,them,us,4,4,4,False,False,False,"RUTGERS Penalty, Running Into Kicker (5 Yards) to the PnSt 33 for a 1ST down"
401247346,2020,Penn State,home,15,False,us,us,1,9,1,False,False,True,"Lee, Keyvone rush for 9 yards to the MSU0, clock 11:24, PENALTY PSU holding (Fries, Will) 10 yards to the MSU19, NO PLAY."
401247346,2020,Penn State,home,15,False,us,us,3,7,1,False,False,False,"Clifford, Sean rush for 4 yards to the PSU37 (Simmons, A.), PENALTY PSU holding (Miranda, Mike) 10 yards to the PSU23, NO PLAY."
401247346,2020,Penn State,home,15,False,them,us,2,10,2,False,False,False,"Clifford, Sean pass incomplete to Washington, P., PENALTY MSU pass interference (Grose, Angelo) 12 yards to the PSU27, 1ST DOWN PSU, NO PLAY."
401247346,2020,Penn State,home,15,False,us,them,3,5,3,False,False,True,"Thorne, Payton pass incomplete to Nailor, Jalen, PENALTY PSU offside defense (Toney, Shaka) 5 yards to the PSU32, 1ST DOWN MSU, NO PLAY."
401247346,2020,Penn State,home,15,False,them,them,4,8,4,False,False,False,"Thorne, Payton rush for 10 yards to the MSU39 (Wilson, Marquis), PENALTY MSU face mask (Jarvis, Kevin) 15 yards to the MSU14, NO PLAY."
401282815,2021,Penn State,away,6,True,them,them,1,2,2,False,False,False,"WISCONSIN Penalty, False Start (Kayden Lyles) to the PnSt 7"
401282815,2021,Penn State,away,6,True,them,us,1,10,3,False,False,True,"WISCONSIN Penalty, Defensive Pass Interference (Faion Hicks) to the Wisc 49 for a 1ST down"
401282815,2021,Penn State,away,6,True,them,us,2,10,3,False,False,False,"WISCONSIN Penalty, Defensive Pass Interference (Caesar Williams) to the Wisc 13 for a 1ST down"
401282815,2021,Penn State,away,6,True,them,us,1,5,4,False,False,True,"WISCONSIN Penalty, Defensive Offside (3 Yards) to the Wisc 2"
401282816,2021,Penn State,home,31,False,them,us,1,10,1,True,False,True,"BALL ST Penalty, Offsides (Jaylin Thomas) declined for a 1ST down"
401282816,2021,Penn State,home,31,False,us,them,2,5,2,False,False,False,"PLITT, Drew pass to the left incomplete intended for MCGAUGHY, Jalen broken up by KING, Kalen at the BSU48. PENALTY PSU Holding enforced 10 yards from the BSU18"
401282816,2021,Penn State,home,31,False,them,them,3,7,2,False,False,True,"BALL ST Penalty, False Start (Chris Agyemang) to the PnSt 12"
401282816,2021,Penn State,home,31,False,us,them,2,3,4,False,False,True,"PLITT, Drew pass incomplete intended for BRENSON, Chevalier thrown to the PSU15. PENALTY PSU Pass Interference enforced half the distance from the goal, 11 yard"
401282816,2021,Penn State,home,31,False,us,them,1,10,4,False,False,False,"PADDOCK, John pass to the right incomplete intended for LITTLES, Hassan thrown to the PSU0. PENALTY PSU Offsides enforced 5 yards from the PSU12 to the PSU7 [NH"
401282070,2021,Penn State,home,8,True,them,them,2,11,1,False,False,False,"AUBURN Penalty, False Start (-5 Yards) to the Aub 35"
401282070,2021,Penn State,home,8,True,them,them,1,10,4,False,False,False,"AUBURN Penalty, Substitution Infraction (-5 Yards) to the Aub 36"
401282070,2021,Penn State,home,8,True,them,them,3,12,4,False,False,False,"AUBURN Penalty, False Start (-5 Yards) to the Aub 34"
401282817,2021,Penn State,home,21,False,them,them,3,3,1,False,False,False,"VILLANOVA Penalty, Personal Foul (Colin Gamroth) to the Villa 17"
401282817,2021,Penn State,home,21,False,them,us,2,1,3,False,False,True,"VILLANOVA Penalty, Defensive Pass Interference (Denzel Williams) to the Villa 37 for a 1ST down"
401282817,2021,Penn State,home,21,False,them,them,1,10,4,False,False,True,"VILLANOVA Penalty, Illegal Formation (TEAM) to the 50 yard line"
401282729,2021,Penn State,home,24,False,them,them,1,10,4,False,False,False,"INDIANA Penalty, False Start (Stephen Carr) to the Ind 1"
401282758,2021,Penn State,away,-3,True,them,us,2,10,1,False,False,True,"IOWA Penalty, Defensive Pass Interference (15 Yards) to the Iowa 2 for a 1ST down"
401282758,2021,Penn State,away,-3,True,them,them,1,10,3,False,False,False,"IOWA Penalty, Illegal Motion (-5 Yards) to the Iowa 13"
401282758,2021,Penn State,away,-3,True,them,them,4,17,4,True,False,False,"IOWA Penalty, Delay of Game ( Yards) declined"
401282717,2021,Penn State,home,-2,True,us,them,2,1,1,False,False,False,"SITKOWSKI, Artur pass to the left incomplete intended for WASHINGTON, Casey thrown to the PSU32. PENALTY PSU Pass Interference on CASTRO-FIELDS, Tariq enforced "
401282717,2021,Penn State,home,-2,True,us,us,2,10,3,True,False,False,"CLIFFORD, Sean pass to the left incomplete thrown to the ILL40. PENALTY PSU Holding on MIRANDA, Mike declined PSU Holding on CAIN, Noah enforced 10 yards from t"
401282717,2021,Penn State,home,-2,True,us,them,3,9,3,False,False,False,"SITKOWSKI, Artur pass to the right incomplete intended for WASHINGTON, Casey thrown to the PSU38. PENALTY PSU Pass Interference on PORTER JR., Joey enforced 15 "
401282717,2021,Penn State,home,-2,True,them,us,3,8,3,False,False,False,"ILLINOIS Penalty, Face mask (15 yards) (Devon Witherspoon) to the Illin 41 for a 1ST down"
401282717,2021,Penn State,home,-2,True,them,them,2,9,4,True,False,False,"SITKOWSKI, Artur pass to the left complete for 14 yards to BARKER, Daniel caught at the PSU12 and advanced to the PSU0, TOUCHDOWN ILL, score nullified by penalt"
401282717,2021,Penn State,home,-2,True,them,them,1,10,4,False,False,False,"BROWN, Chase rush to the left for a gain of 14 yards to the PSU0, TOUCHDOWN ILL, score nullified by penalty. PENALTY ILL Holding on PALCZEWSKI, Alex enforced 10"
401282717,2021,Penn State,home,-2,True,them,them,1,10,4,False,False,False,"ILLINOIS Penalty, Offensive Holding (-10 Yards) to the PnSt 24"
401282768,2021,Penn State,away,17,False,them,them,2,18,1,True,False,False,"MARYLAND Penalty, Offensive Holding (Aric Harris) declined"
401282768,2021,Penn State,away,17,False,us,them,1,10,2,False,False,True,"TAGOVAILOA, Taulia pass to the left incomplete intended for COBBS, Brian thrown to the PSU0. PENALTY PSU Pass Interference on ELLIS, Keaton enforced 10 yards to"
401282768,2021,Penn State,away,17,False,them,them,2,4,4,False,False,True,"MARYLAND Penalty, False Start (Jaelyn Duncan) to the Mary 38"
401282768,2021,Penn State,away,17,False,us,them,4,6,4,False,False,True,"TAGOVAILOA, Taulia pass to the right intercepted by BRISKER, Jaquan at the PSU43 intended for FLEET-DAVIS, Tayon. Brisker return for -1 yard to the PSU42, out o"
401282768,2021,Penn State,away,17,False,us,them,1,10,4,False,False,True,"TAGOVAILOA, Taulia pass to the right incomplete intended for JARRETT, Rakim thrown to the PSU10. PENALTY PSU Pass Interference on PORTER JR., Joey enforced 15 y"
401282818,2021,Penn State,home,28,False,us,us,3,4,1,False,False,False,"CLIFFORD, Sean pass to the right incomplete intended for DOTSON, Jahan thrown to the PSU47; QB hurried by SINGLETON, Drew. PENALTY PSU Holding on WALLACE, Caeda"
401282818,2021,Penn State,home,28,False,us,them,2,6,1,False,False,False,"VEDRAL, Noah pass to the right incomplete intended for MELTON, Bo thrown to the RUT39. PENALTY PSU Pass Interference on PORTER JR., Joey enforced 15 yards to th"
401282818,2021,Penn State,home,28,False,us,them,1,10,1,False,False,False,"VEDRAL, Noah pass to the right complete for 5 yards to MELTON, Bo caught at the RUT42 and advanced to the RUT43, out of bounds. PENALTY PSU Offsides on SMITH, B"
401282818,2021,Penn State,home,28,False,them,them,4,8,2,False,False,False,"RUTGERS Penalty, Delay Of Game (Christian Izien) to the Rutgr 42"
401282818,2021,Penn State,home,28,False,them,us,1,10,2,False,False,False,"RUTGERS Penalty, False Start (Ireland Brown) to the Rutgr 14"
401282818,2021,Penn State,home,28,False,them,them,1,10,3,False,False,False,"RUTGERS Penalty, Illegal Substitution (TEAM) to the Rutgr 20"
401282818,2021,Penn State,home,28,False,them,us,1,10,4,True,False,True,"RUTGERS Penalty, Defensive Holding (Christian Izien) declined for a 1ST down"
401282818,2021,Penn State,home,28,False,us,them,3,3,4,False,False,False,"WIMSATT, Gavin pass to the left intercepted by SUTHERLAND, Jonathan at the RUT39 intended for DREMEL, Christian, no return. PENALTY PSU Unsportsmanlike Conduct "
401331236,2021,Penn State,away,-14,False,them,us,1,10,2,False,False,True,"ARKANSAS Penalty, Substitution Infraction (5 Yards) to the Ark 31"
401331236,2021,Penn State,away,-14,False,them,them,4,10,2,False,False,False,"ARKANSAS Penalty, False Start (-5 Yards) to the Ark 31"
401331236,2021,Penn State,away,-14,False,them,them,1,10,4,False,False,False,"ARKANSAS Penalty, False Start (-5 Yards) to the PnSt 40"
401331236,2021,Penn State,away,-14,False,them,them,1,0,4,False,False,False,"ARKANSAS Penalty, Delay of Game (-5 Yards) to the PnSt 13"
401405064,2022,Penn State,away,4,True,them,them,3,25,4,False,False,False,"PURDUE Penalty, Delay of Game (-5 Yards) to the Prdue 35"
401405080,2022,Penn State,home,36,False,them,them,2,10,1,False,False,False,"OHIO Penalty, False Start (Hagen Meservy) to the Ohio 12"
401405080,2022,Penn State,home,36,False,them,us,1,10,1,False,False,True,"Singleton, Nicholas rush for loss of 1 yard to the PENNST14, PENALTY OHIO face mask (Houston, Bryce) 15 yards to the PENNST30, NO PLAY, 1ST DOWN PENNST."
401403882,2022,Penn State,away,29,False,them,them,3,11,2,False,False,True,"AUBURN Penalty, False Start (-5 Yards) to the Aub 48"
401403882,2022,Penn State,away,29,False,them,them,1,10,2,False,False,False,"AUBURN Penalty, Unsportsmanlike Conduct (Brandon Council) to the Aub 11"
401403882,2022,Penn State,away,29,False,them,them,2,10,3,False,False,False,"AUBURN Penalty, Delay of Game (-5 Yards) to the Aub 32"
401403882,2022,Penn State,away,29,False,them,them,3,5,3,False,False,True,"AUBURN Penalty, False Start (-5 Yards) to the PnSt 37"
401405098,2022,Penn State,home,19,False,them,them,2,10,1,False,False,False,"RICHARDSON, Daniel pass to the right incomplete dropped by NICHOLS, Lew thrown to the CMU26. PENALTY CMU Chop Block on SWARTOUT, Brayden enforced half the dista"
401405098,2022,Penn State,home,19,False,us,them,2,4,1,False,False,False,"NICHOLS, Lew rush to the right for a gain of 2 yards to the CMU33 (CARTER, Abdul). PENALTY PSU Offsides on DENNIS-SUTTON, Dani enforced 5 yards from the CMU31 t"
401405098,2022,Penn State,home,19,False,them,us,2,2,2,False,False,False,"CLIFFORD, Sean pass up the middle incomplete intended for WASHINGTON, Parker thrown to the CMU33. PENALTY CMU Roughing the Passer on LEE, Quindario enforced 15 "
401405098,2022,Penn State,home,19,False,us,us,2,8,3,False,False,False,"ALLEN, Kaytron rush up the middle for a gain of 35 yards to the CMU23 (KENT, Donte), out of bounds. PENALTY PSU Holding on WORMLEY, Sal enforced 10 yards from t"
401405098,2022,Penn State,home,19,False,them,them,2,6,3,False,False,False,"RICHARDSON, Daniel pass up the middle complete for 6 yards to KOENIGSKNECHT, Noah caught at the PSU3 and advanced to the PSU0, TOUCHDOWN CMU, score nullified by"
401405098,2022,Penn State,home,19,False,them,them,3,20,3,False,False,False,"RICHARDSON, Daniel pass to the right incomplete intended for HOGAN, Finn thrown to the PSU2. PENALTY CMU Holding on SWARTOUT, Brayden enforced 10 yards from the"
401405098,2022,Penn State,home,19,False,us,us,1,10,3,False,False,False,"CLIFFORD, Sean pass to the left incomplete intended for STRANGE, Brenton broken up by BIGGINS, Nahree at the CMU10. PENALTY PSU Holding on TENGWALL, Landon enfo"
401405098,2022,Penn State,home,19,False,them,them,1,10,4,False,False,False,"LUKES, Marion rush up the middle for no gain to the PSU18 (JACOBS, Curtis). PENALTY CMU Holding on WILSON, Joel enforced 10 yards from the PSU18 to the PSU28 [S"
401405098,2022,Penn State,home,19,False,them,them,1,20,4,False,False,False,"RICHARDSON, Daniel pass to the left complete for 28 yards to WILSON, Joel caught at the PSU5 and advanced to the PSU0, TOUCHDOWN CMU, score nullified by penalty"
401405105,2022,Penn State,home,10,False,them,us,1,10,2,False,False,True,"NORTHWESTERN Penalty, Defensive Offside (5 Yards) to the Nwest 24"
401405105,2022,Penn State,home,10,False,them,them,4,2,3,False,False,False,"NORTHWESTERN Penalty, False Start (-5 Yards) to the Nwest 36 for a 1ST down"
401405120,2022,Penn State,home,28,False,them,them,1,10,1,False,False,False,"MINNESOTA Penalty, False Start (Nick Kallerup) to the Minn 18"
401405120,2022,Penn State,home,28,False,them,them,3,12,1,False,False,False,"MINNESOTA Penalty, False Start (Axel Ruschmeyer) to the Minn 16"
401405120,2022,Penn State,home,28,False,them,them,3,7,1,False,False,True,"MINNESOTA Penalty, False Start (Aireontae Ersery) to the PnSt 16"
401405120,2022,Penn State,home,28,False,them,us,1,10,2,False,False,True,"MINNESOTA Penalty, Defensive Offside (5 Yards) to the PnSt 29"
401405120,2022,Penn State,home,28,False,them,them,3,10,2,False,False,False,"MINNESOTA Penalty, False Start (Aireontae Ersery) to the Minn 36"
401405120,2022,Penn State,home,28,False,them,them,3,15,2,False,False,False,"MINNESOTA Penalty, False Start (Axel Ruschmeyer) to the Minn 31"
401405120,2022,Penn State,home,28,False,them,us,3,10,3,False,False,True,"MINNESOTA Penalty, Defensive Pass Interference (Terell Smith) to the Minn 16 for a 1ST down"
401405132,2022,Penn State,away,31,False,them,them,3,23,1,False,False,False,"INDIANA Penalty, False Start (Joshua Sales Jr.) to the PnSt 37"
401405132,2022,Penn State,away,31,False,them,them,1,10,4,False,False,False,"INDIANA Penalty, False Start (Kahlil Benson) to the Ind 46"
401405140,2022,Penn State,home,30,False,us,us,3,8,2,False,False,True,"CLIFFORD, Sean pass to the left complete for 4 yards to TINSLEY, Mitchell caught at the UMD45 and advanced to the UMD45 (BENNETT, Jakorian). PENALTY PSU Holding"
401405140,2022,Penn State,home,30,False,them,them,2,5,3,False,False,False,"MARYLAND Penalty, Offensive Holding (Octavian Smith Jr.) to the Mary 28"
401405140,2022,Penn State,home,30,False,them,them,2,22,4,False,False,False,"MARYLAND Penalty, False Start (TEAM) to the Mary 19"
401405154,2022,Penn State,home,19,False,them,us,1,10,1,False,False,True,"CLIFFORD, Sean pass to the left incomplete intended for WALLACE III, Harrison thrown to the MSU0. PENALTY MSU Holding on KIMBROUGH, Chester enforced 10 yards fr"
401405154,2022,Penn State,home,19,False,them,them,2,10,2,False,False,False,"THORNE, Payton pass to the right incomplete intended for REED, Jayden thrown to the PSU25. PENALTY MSU Holding on BROWN, Spencer enforced 10 yards from the MSU4"
401405154,2022,Penn State,home,19,False,them,them,3,14,2,False,False,False,"THORNE, Payton pass to the left incomplete intended for REED, Jayden broken up by WILSON, Marquis at the PSU26. PENALTY MSU Personal Foul on BALDWIN, Brandon PS"
401405154,2022,Penn State,home,19,False,us,them,1,10,2,False,False,True,"THORNE, Payton pass to the left incomplete intended for BERGER, Jalen thrown to the MSU38; QB hurried by ROBINSON, Demeioun. PENALTY PSU Holding on BROWN, Ji'Ay"
401405154,2022,Penn State,home,19,False,us,them,2,6,4,False,False,True,"THORNE, Payton pass to the left incomplete intended for COLEMAN, Keon thrown to the PSU30. PENALTY PSU Pass Interference on WILSON, Marquis enforced 15 yards to"
401405154,2022,Penn State,home,19,False,us,them,1,8,4,False,False,True,"THORNE, Payton pass to the left incomplete intended for REED, Jayden broken up by DIXON, Johnny at the PSU0. PENALTY PSU Pass Interference on DIXON, Johnny enfo"
401405154,2022,Penn State,home,19,False,them,us,2,4,4,False,False,True,"CLIFFORD, Sean pass to the left incomplete intended for WALLACE III, Harrison thrown to the MSU0. PENALTY MSU Offsides on FLETCHER, Michael enforced 5 yards fro"
401405154,2022,Penn State,home,19,False,them,them,2,10,4,False,False,False,"THORNE, Payton pass to the left incomplete broken up by CARTER, Abdul at the MSU27; QB hurried by CARTER, Abdul. PENALTY MSU Holding on BALDWIN, Brandon enforce"
401442014,2022,Penn State,away,14,False,them,them,1,10,1,False,False,False,"UTAH Penalty, False Start (Braeden Daniels) to the PnSt 45"
401442014,2022,Penn State,away,14,False,them,us,1,10,1,False,False,True,"Clifford, Sean pass incomplete to Wallace III, Harrison, PENALTY UTAH offside (Reid, Gabe) 5 yards to the UTAH8, NO PLAY."
401442014,2022,Penn State,away,14,False,them,them,1,10,4,False,False,False,"Jackson, Ja'Quinden rush for 6 yards to the UTAH31, PENALTY UTAH holding 10 yards to the UTAH15, NO PLAY."
400868969,2016,Alabama,home,46,False,them,them,1,10,1,False,False,False,"USC Penalty, False Start (Darreus Rogers) to the USC 28"
400868969,2016,Alabama,home,46,False,them,them,4,9,1,False,False,False,"USC Penalty, Delay of Game (Chris Tilbey) to the USC 2"
400868969,2016,Alabama,home,46,False,them,them,1,10,3,False,False,False,"USC Penalty, False Start (Zach Banner) to the USC 28"
400868969,2016,Alabama,home,46,False,us,us,1,2,3,False,False,True,"ALABAMA Penalty, False Start (Cam Robinson) to the USC 7"
400868969,2016,Alabama,home,46,False,us,us,2,10,3,False,False,False,"ALABAMA Penalty, False Start (Lester Cotton) to the Alab 33"
400868969,2016,Alabama,home,46,False,them,them,2,4,3,False,False,True,"Ware, Aca'Cedric rush for no gain to the ALABAMA13, PENALTY USC holding (Smith-Schuster, JuJu) 10 yards to the ALABAMA23, NO PLAY."
400868980,2016,Alabama,home,28,False,us,us,3,5,1,False,False,False,"ALABAMA Penalty, False Start (-5 Yards) to the WKent 31"
400868980,2016,Alabama,home,28,False,us,us,1,10,1,False,False,False,"ALABAMA Penalty, Offensive Holding (-10 Yards) to the Alab 26"
400868980,2016,Alabama,home,28,False,us,us,3,27,1,False,False,False,"ALABAMA Penalty, Substitution Infraction (-5 Yards) to the Alab 14"
400868980,2016,Alabama,home,28,False,us,us,1,10,1,False,False,True,"ALABAMA Penalty, False Start (-5 Yards) to the WKent 29"
400868980,2016,Alabama,home,28,False,us,us,1,10,2,False,False,False,"ALABAMA Penalty, Offensive Holding (-10 Yards) to the Alab 23"
400868980,2016,Alabama,home,28,False,us,us,2,10,2,False,False,False,"ALABAMA Penalty, Illegal Formation (-5 Yards) to the Alab 12"
400868980,2016,Alabama,home,28,False,us,them,1,10,2,False,False,False,"ALABAMA Penalty, Roughing Passer (Tim Williams) to the WKent 29 for a 1ST down"
400868980,2016,Alabama,home,28,False,us,us,1,10,3,False,False,False,"ALABAMA Penalty, Illegal Block (ArDarius Stewart) to the WKent 40"
400868980,2016,Alabama,home,28,False,us,us,4,15,3,False,False,False,"ALABAMA Penalty, Delay of Game (-5 Yards) to the WKent 40"
400868980,2016,Alabama,home,28,False,us,us,1,10,4,False,False,True,"ALABAMA Penalty, False Start (-5 Yards) to the Alab 36"
400868980,2016,Alabama,home,28,False,us,us,3,1,4,False,False,True,"ALABAMA Penalty, False Start (Jonah Williams) to the Alab 46"
400868980,2016,Alabama,home,28,False,us,us,1,10,4,False,False,False,"ALABAMA Penalty, False Start (-5 Yards) to the Alab 21"
400868997,2016,Alabama,away,5,True,them,them,1,10,1,False,False,False,"OLE MISS Penalty, False Start (-5 Yards) to the Miss 5"
400868997,2016,Alabama,away,5,True,us,us,2,10,1,False,False,False,"ALABAMA Penalty, False Start (-5 Yards) to the Alab 43"
400868997,2016,Alabama,away,5,True,us,us,1,10,1,False,False,False,"ALABAMA Penalty, False Start (-5 Yards) to the Miss 45"
400868997,2016,Alabama,away,5,True,them,them,3,9,2,False,False,False,"OLE MISS Penalty, Offensive Holding (-10 Yards) to the Miss 17"
400868997,2016,Alabama,away,5,True,us,us,1,10,2,False,False,False,"ALABAMA Penalty, False Start (-5 Yards) to the Alab 46"
400868997,2016,Alabama,away,5,True,us,us,2,2,2,False,False,True,"ALABAMA Penalty, False Start (-5 Yards) to the Miss 47"
400868997,2016,Alabama,away,5,True,them,us,1,10,2,False,False,True,"OLE MISS Penalty, Personal Foul (-15 Yards) to the Miss 20"
400868997,2016,Alabama,away,5,True,them,them,1,10,2,False,False,True,"OLE MISS Penalty, Personal Foul (15 Yards) to the 50 yard line"
400868997,2016,Alabama,away,5,True,us,us,2,5,3,False,False,True,"ALABAMA Penalty, Offensive Holding (-10 Yards) to the Miss 25"
400868997,2016,Alabama,away,5,True,them,them,2,1,3,False,False,True,"OLE MISS Penalty, False Start (-5 Yards) to the Alab 6"
400868997,2016,Alabama,away,5,True,us,us,1,10,4,False,False,False,"ALABAMA Penalty, Offensive Holding (-10 Yards) to the Alab 13"
400868997,2016,Alabama,away,5,True,us,them,1,3,4,False,False,True,"ALABAMA Penalty, False Start (-5 Yards) to the Miss 8"
400869002,2016,Alabama,home,48,False,us,us,2,10,1,False,False,True,"ALABAMA Penalty, False Start (-5 Yards) to the 50 yard line"
400869010,2016,Alabama,home,28,False,us,us,4,2,1,False,False,False,"ALABAMA Penalty, False Start (Jonah Williams) to the Kent 36"
400869010,2016,Alabama,home,28,False,them,them,4,11,3,False,False,False,"KENTUCKY Penalty, False Start (Kash Daniel) to the Kent 36"
400869010,2016,Alabama,home,28,False,us,us,2,0,3,False,False,True,"ALABAMA Penalty, False Start (Jonah Williams) to the Kent 8"
400869010,2016,Alabama,home,28,False,us,them,3,5,4,False,False,True,"ALABAMA Penalty, Substitution Infraction (5 Yards) to the Alab 31 for a 1ST down"
400869018,2016,Alabama,away,19,False,them,them,2,9,1,False,False,False,"ARKANSAS Penalty, False Start (-5 Yards) to the Ark 23"
400869018,2016,Alabama,away,19,False,them,us,2,6,1,False,False,True,"ARKANSAS Penalty, Face Mask (15 yards) (15 Yards) to the 50 yard line"
400869018,2016,Alabama,away,19,False,us,us,1,10,1,False,False,False,"ALABAMA Penalty, False Start (-5 Yards) to the Alab 35"
400869018,2016,Alabama,away,19,False,them,them,1,0,2,False,False,True,"ARKANSAS Penalty, Offensive Holding (Brian Wallace) to the Alab 18"
400869018,2016,Alabama,away,19,False,them,them,4,9,2,False,False,True,"ARKANSAS Penalty, Unsportsmanlike Conduct (-15 Yards) to the Ark 20"
400869018,2016,Alabama,away,19,False,them,them,3,8,3,False,False,False,"ARKANSAS Penalty, False Start (Jake Raulerson) to the Ark 22"
400869018,2016,Alabama,away,19,False,us,them,3,4,3,False,False,False,"ALABAMA Penalty, Defensive Pass Interference (Marlon Humphrey) to the Ark 46 for a 1ST down"
400869018,2016,Alabama,away,19,False,us,them,2,10,3,False,False,False,"ALABAMA Penalty, Roughing Passer (15 Yards) to the Alab 39 for a 1ST down"
400869018,2016,Alabama,away,19,False,us,them,3,8,3,False,False,True,"ALABAMA Penalty, Defensive Pass Interference (Anthony Averett) to the Ark 35 for a 1ST down"
400869018,2016,Alabama,away,19,False,them,them,2,10,4,False,False,False,"ARKANSAS Penalty, Offensive Holding (Dan Skipper) to the Ark 15"
400869028,2016,Alabama,away,39,False,us,us,3,10,2,False,False,False,"ALABAMA Penalty, False Start (Cam Robinson) to the Alab 25"
400869028,2016,Alabama,away,39,False,us,us,1,10,3,False,False,False,"ALABAMA Penalty, False Start (-5 Yards) to the Alab 21"
400869028,2016,Alabama,away,39,False,us,us,3,7,3,False,False,False,"ALABAMA Penalty, False Start (O.J. Howard) to the Alab 35"
400869029,2016,Alabama,home,19,False,us,us,3,12,2,False,False,False,"ALABAMA Penalty, Substitution Infraction (-5 Yards) to the Alab 5"
400869029,2016,Alabama,home,19,False,us,us,1,10,2,False,False,False,"ALABAMA Penalty, False Start (-5 Yards) to the TexAM 35"
400869029,2016,Alabama,home,19,False,us,us,1,10,2,False,False,False,"ALABAMA Penalty, False Start (-5 Yards) to the TexAM 40"
400869029,2016,Alabama,home,19,False,them,them,1,15,3,False,False,True,"TEXAS A&M Penalty, False Start (Jeremy Tabuyo) to the TexAM 34"
400869029,2016,Alabama,home,19,False,us,us,2,12,3,False,False,True,"ALABAMA Penalty, Unsportsmanlike Conduct (ArDarius Stewart) to the Alab 20"
400869029,2016,Alabama,home,19,False,them,them,1,10,4,False,False,False,"TEXAS A&M Penalty, False Start (-5 Yards) to the Alab 40"
400869029,2016,Alabama,home,19,False,us,them,4,5,4,False,False,False,"ALABAMA Penalty, Defensive Offside (5 Yards) to the Alab 49 for a 1ST down"
400869029,2016,Alabama,home,19,False,us,them,3,5,4,False,False,False,"ALABAMA Penalty, Defensive Offside (Rashaan Evans) to the Alab 40"
400869029,2016,Alabama,home,19,False,them,us,3,8,4,False,False,False,"TEXAS A&M Penalty, Defensive Offside (5 Yards) to the TexAM 35"
400869044,2016,Alabama,away,10,False,us,us,4,1,2,False,False,False,"ALABAMA Penalty, Delay of Game (JK Scott) to the Alab 10"
400869044,2016,Alabama,away,10,False,them,them,3,3,3,False,False,False,"LSU Penalty, Delay of Game (Danny Etling) to the Alab 40"
400869044,2016,Alabama,away,10,False,us,us,1,10,4,False,False,True,"ALABAMA Penalty, False Start (Calvin Ridley) to the LSU 40"
400869044,2016,Alabama,away,10,False,us,us,3,4,4,False,False,True,"ALABAMA Penalty, False Start (Cam Robinson) to the LSU 16"
400869044,2016,Alabama,away,10,False,us,us,3,2,4,False,False,True,"ALABAMA Penalty, False Start (Ross Pierschbacher) to the LSU 7"
400869049,2016,Alabama,home,48,False,us,us,2,10,3,False,False,False,"ALABAMA Penalty, False Start (-5 Yards) to the Alab 17"
400869056,2016,Alabama,home,28,False,them,us,3,7,4,False,False,False,"CHATTANOOGA Penalty, Defensive Offside (D.J. Prather) to the Alab 35"
400869068,2016,Alabama,home,18,False,us,us,2,3,1,False,False,True,"ALABAMA Penalty, Illegal Formation (-5 Yards) to the Alab 27"
400869068,2016,Alabama,home,18,False,them,us,3,4,1,False,False,True,"AUBURN Penalty, Defensive Offside (Montravius Adams) to the Aub 17 for a 1ST down"
400869068,2016,Alabama,home,18,False,us,us,1,10,2,False,False,False,"ALABAMA Penalty, Illegal Touching (-5 Yards) to the Alab 16"
400869068,2016,Alabama,home,18,False,us,us,3,9,2,False,False,False,"ALABAMA Penalty, False Start (Jonah Williams) to the Alab 17"
400869068,2016,Alabama,home,18,False,them,us,3,5,2,False,False,False,"AUBURN Penalty, Defensive Offside (Carl Lawson) to the Alab 28"
400869068,2016,Alabama,home,18,False,them,them,2,7,2,False,False,True,"AUBURN Penalty, Ineligible Downfield on Pass (-5 Yards) to the Alab 30"
400869068,2016,Alabama,home,18,False,them,us,1,10,3,False,False,True,"AUBURN Penalty, Defensive Offside (5 Yards) to the Alab 41"
400926943,2016,Alabama,away,38,False,them,them,3,8,1,False,False,True,"FLORIDA Penalty, False Start (Tyrie Cleveland) to the Fla 33"
400926943,2016,Alabama,away,38,False,them,them,3,8,3,False,False,False,"FLORIDA Penalty, Substitution Infraction (-5 Yards) to the Fla 41"
400926943,2016,Alabama,away,38,False,them,us,1,7,4,False,False,True,"FLORIDA Penalty, Unsportsmanlike Conduct (Daniel McMillian) to the Fla 3 for a 1ST down"
400876107,2016,Alabama,home,17,False,us,us,2,10,1,False,False,False,"ALABAMA Penalty, False Start (Jonah Williams) to the Alab 14"
400876107,2016,Alabama,home,17,False,us,us,3,1,1,False,False,True,"ALABAMA Penalty, False Start (Gehrig Dieter) to the Wash 24"
400876107,2016,Alabama,home,17,False,them,them,3,10,2,False,False,False,"WASHINGTON Penalty, False Start (Nick Harris) to the Wash 38"
400876107,2016,Alabama,home,17,False,us,us,3,7,3,False,False,False,"ALABAMA Penalty, Ineligible Downfield on Pass (-5 Yards) to the Wash 44"
400876107,2016,Alabama,home,17,False,us,us,3,12,3,False,False,False,"ALABAMA Penalty, Delay of Game (-5 Yards) to the Wash 49"
400876107,2016,Alabama,home,17,False,us,us,3,20,3,False,False,False,"ALABAMA Penalty, Delay of Game (-5 Yards) to the Alab 33"
400876107,2016,Alabama,home,17,False,us,us,1,10,4,False,False,False,"ALABAMA Penalty, Unsportsmanlike Conduct (Tony Brown) to the Alab 14"
400876107,2016,Alabama,home,17,False,us,us,1,10,4,False,False,False,"ALABAMA Penalty, Unsportsmanlike Conduct (Brannon Satterfield) to the Alab 7"
400876570,2016,Clemson,away,4,True,them,them,1,10,1,False,False,False,"ALABAMA Penalty, False Start (Cam Robinson) to the Clem 40"
400876570,2016,Clemson,away,4,True,them,us,2,7,1,False,False,False,"ALABAMA Penalty, Defensive Offside (Ryan Anderson) to the Clem 9"
400876570,2016,Clemson,away,4,True,us,us,2,10,2,False,False,False,"CLEMSON Penalty, False Start (Sean Pollard) to the Clem 23"
400876570,2016,Clemson,away,4,True,them,them,1,10,3,False,False,True,"ALABAMA Penalty, False Start (Cam Robinson) to the Clem 21"
400933827,2017,Alabama,home,17,False,us,us,1,10,3,False,False,False,"ALABAMA Penalty, Delay of Game (-5 Yards) to the Alab 47"
400933827,2017,Alabama,home,17,False,us,them,1,10,4,False,False,False,"ALABAMA Penalty, Unsportsmanlike Conduct ( Yards) to the FlaSt 22"
400933841,2017,Alabama,home,31,False,us,them,3,5,1,False,False,True,"ALABAMA Penalty, Defensive Offside (Isaiah Buggs) to the FrsSt 48 for a 1ST down"
400933841,2017,Alabama,home,31,False,us,us,4,1,3,False,False,True,"ALABAMA Penalty, Delay of Game (-5 Yards) to the FrsSt 6"
400933854,2017,Alabama,home,18,False,us,them,3,1,4,False,False,True,"ALABAMA Penalty, Defensive Offside (Jamar King) to the Alab 1"
400933871,2017,Alabama,away,59,False,them,them,1,10,1,False,False,False,"VANDERBILT Penalty, Delay of Game (Kyle Shurmur) to the Vandy 15"
400933871,2017,Alabama,away,59,False,them,them,2,9,1,False,False,False,"VANDERBILT Penalty, False Start (Nathan Marcus) to the Vandy 3"
400933871,2017,Alabama,away,59,False,us,them,3,10,1,False,False,False,"ALABAMA Penalty, Defensive Offside (Da'Ron Payne) to the Vandy 35"
400933871,2017,Alabama,away,59,False,them,them,3,5,1,False,False,False,"VANDERBILT Penalty, False Start (Jared Pinkney) to the Vandy 30"
400933871,2017,Alabama,away,59,False,us,them,1,10,1,False,False,False,"ALABAMA Penalty, Defensive Offside (5 Yards) to the Vandy 30"
400933871,2017,Alabama,away,59,False,us,them,3,8,2,False,False,False,"ALABAMA Penalty, Defensive Offside (Anfernee Jennings) to the Vandy 37"
400933871,2017,Alabama,away,59,False,us,us,1,10,2,False,False,True,"ALABAMA Penalty, False Start (Matt Womack) to the Vandy 43"
400933871,2017,Alabama,away,59,False,them,us,3,2,2,False,False,True,"VANDERBILT Penalty, Defensive Offside (Nifae Lealao) to the Vandy 4 for a 1ST down"
400933871,2017,Alabama,away,59,False,us,us,2,4,4,False,False,False,"ALABAMA Penalty, False Start (-5 Yards) to the Alab 49"
400933872,2017,Alabama,home,63,False,us,us,3,6,2,False,False,False,"ALABAMA Penalty, False Start (Bradley Bozeman) to the Alab 45"
400933872,2017,Alabama,home,63,False,us,us,1,10,3,False,False,True,"ALABAMA Penalty, False Start (Ross Pierschbacher) to the Miss 37"
400933884,2017,Alabama,away,8,True,them,them,3,9,1,False,False,False,"TEXAS A&M Penalty, Substitution Infraction (-5 Yards) to the TexAM 21"
400933884,2017,Alabama,away,8,True,us,us,2,1,1,False,False,False,"ALABAMA Penalty, Substitution Infraction (Josh Jacobs) to the TexAM 46"
400933884,2017,Alabama,away,8,True,them,them,2,1,3,False,False,True,"TEXAS A&M Penalty, False Start (Keaton Sutherland) to the Alab 5"
400933886,2017,Alabama,home,32,False,us,us,3,6,2,False,False,False,"ALABAMA Penalty, False Start (Najee Harris) to the Ark 33"
400933886,2017,Alabama,home,32,False,them,them,1,10,3,False,False,True,"ARKANSAS Penalty, False Start (Cheyenne O'Grady) to the Alab 28"
400933886,2017,Alabama,home,32,False,them,them,4,2,4,False,False,True,"ARKANSAS Penalty, False Start (Cheyenne O'Grady) to the Ark 48"
400933893,2017,Alabama,home,38,False,us,us,4,4,2,False,False,False,"ALABAMA Penalty, Delay of Game (JK Scott) to the Tenn 49"
400933893,2017,Alabama,home,38,False,them,us,1,10,2,False,False,True,"TENNESSEE Penalty, Substitution Infraction (5 Yards) to the Alab 39"
400933893,2017,Alabama,home,38,False,us,us,1,1,2,False,False,True,"ALABAMA Penalty, Delay of Game (Jalen Hurts) to the Tenn 6"
400933893,2017,Alabama,home,38,False,them,them,3,1,4,False,False,False,"TENNESSEE Penalty, False Start (Trey Smith) to the Alab 5"
400933904,2017,Alabama,home,14,False,them,them,1,10,1,False,False,False,"LSU Penalty, False Start (Edward Ingram) to the LSU 5"
400933904,2017,Alabama,home,14,False,them,them,2,10,4,False,False,False,"LSU Penalty, False Start (Garrett Brumfield) to the LSU 31"
400933904,2017,Alabama,home,14,False,them,them,4,18,4,False,False,False,"LSU Penalty, False Start (-5 Yards) to the LSU 25"
400933904,2017,Alabama,home,14,False,them,us,2,6,4,False,False,False,"Hurts, Jalen rush for loss of 5 yards to the LSU18, PENALTY LSU face mask (Thompson, Corey) 6 yards to the LSU7, NO PLAY, 1ST DOWN ALABAMA."
400933916,2017,Alabama,away,7,True,us,them,4,20,1,False,False,False,"ALABAMA Penalty, Personal Foul (15 Yards) to the MisSt 30 for a 1ST down"
400933916,2017,Alabama,away,7,True,us,us,2,10,2,False,False,False,"ALABAMA Penalty, False Start (Irv Smith Jr.) to the Alab 30"
400933916,2017,Alabama,away,7,True,us,us,2,3,4,False,False,True,"ALABAMA Penalty, Unsportsmanlike Conduct (Alex Leatherwood) to the Alab 20"
400933921,2017,Alabama,home,56,False,them,them,3,3,2,False,False,False,"MERCER Penalty, Delay of Game (-5 Yards) to the Mercr 27"
400933932,2017,Alabama,away,-12,False,them,us,4,5,2,False,False,False,"AUBURN Penalty, Unsportsmanlike Conduct (Robert Foster) to the Alab 14"
400933932,2017,Alabama,away,-12,False,them,them,4,5,2,False,False,False,"AUBURN Penalty, False Start (Darrell Williams) to the Aub 22"
400933932,2017,Alabama,away,-12,False,us,them,2,14,3,False,False,True,"ALABAMA Penalty, Personal Foul (Rashaan Evans) to the Alab 29 for a 1ST down"
400933932,2017,Alabama,away,-12,False,us,us,1,10,3,False,False,False,"ALABAMA Penalty, False Start (Jonah Williams) to the Aub 44"
400933932,2017,Alabama,away,-12,False,us,us,3,4,3,False,False,False,"ALABAMA Penalty, Delay of Game (-5 Yards) to the Aub 17"
400933932,2017,Alabama,away,-12,False,them,us,4,9,4,False,False,False,"AUBURN Penalty, Substitution Infraction (5 Yards) to the Aub 33"
400933932,2017,Alabama,away,-12,False,us,them,4,3,4,False,False,False,"ALABAMA Penalty, Defensive Offside (5 Yards) to the Aub 43 for a 1ST down"
400933932,2017,Alabama,away,-12,False,us,us,2,10,4,False,False,False,"ALABAMA Penalty, False Start (Matt Womack) to the Aub 35"
400953413,2017,Clemson,home,-18,False,us,us,4,6,2,False,False,False,"CLEMSON Penalty, False Start (Isaiah Simmons) to the Clem 25"
400953413,2017,Clemson,home,-18,False,them,them,4,4,2,False,False,False,"ALABAMA Penalty, Delay of Game (-5 Yards) to the Clem 20"
400953415,2017,Alabama,away,3,True,us,them,3,3,1,False,False,True,"ALABAMA Penalty, Neutral Zone Infraction (5 Yards) to the Geo 45 for a 1ST down"
400953415,2017,Alabama,away,3,True,us,them,1,10,2,False,False,True,"ALABAMA Penalty, Substitution Infraction (5 Yards) to the Alab 40"
400953415,2017,Alabama,away,3,True,us,them,2,0,2,False,False,True,"ALABAMA Penalty, Roughing Passer (Deionte Thompson) to the Alab 1 for a 1ST down"
400953415,2017,Alabama,away,3,True,them,us,4,8,3,False,False,False,"GEORGIA Penalty, Defensive Offside (5 Yards) to the Alab 29"
400953415,2017,Alabama,away,3,True,them,them,3,11,3,False,False,True,"GEORGIA Penalty, Sideline Interference (-15 Yards) to the Geo 20"
400953415,2017,Alabama,away,3,True,them,us,3,9,4,False,False,True,"GEORGIA Penalty, Defensive Pass Interference (Malkom Parrish) to the Geo 33 for a 1ST down"
401012246,2018,Alabama,home,37,False,them,them,3,6,1,False,False,False,"LOUISVILLE Penalty, Substitution Infraction (-5 Yards) to the Lvile 16"
401012246,2018,Alabama,home,37,False,us,them,1,10,1,False,False,False,"ALABAMA Penalty, Defensive Pass Interference (Xavier McKinney) to the Lvile 40 for a 1ST down"
401012246,2018,Alabama,home,37,False,them,them,1,10,1,False,False,False,"LOUISVILLE Penalty, Substitution Infraction (-5 Yards) to the Alab 29"
401012246,2018,Alabama,home,37,False,them,us,3,1,2,False,False,True,"LOUISVILLE Penalty, Substitution Infraction ( Yards) to the Lvile 1"
401012246,2018,Alabama,home,37,False,them,them,1,10,2,False,False,False,"LOUISVILLE Penalty, False Start (Colin Wilson) to the Alab 44"
401012246,2018,Alabama,home,37,False,us,us,3,5,2,False,False,False,"ALABAMA Penalty, Ineligible Downfield on Pass (Ross Pierschbacher) to the Alab 20"
401012246,2018,Alabama,home,37,False,them,them,2,4,3,False,False,False,"LOUISVILLE Penalty, Offensive Holding (Cole Bentley) to the Lvile 42"
401012246,2018,Alabama,home,37,False,them,them,1,10,3,False,False,True,"LOUISVILLE Penalty, Offensive Pass Interference (-12 Yards) to the Lvile 13"
401012246,2018,Alabama,home,37,False,us,them,2,11,3,False,False,True,"ALABAMA Penalty, Defensive Offside (Quinnen Williams) to the Lvile 39"
401012246,2018,Alabama,home,37,False,us,them,4,13,3,False,False,True,"ALABAMA Penalty, Unsportsmanlike Conduct (Christian Miller) to the Lvile 47 for a 1ST down"
401012246,2018,Alabama,home,37,False,them,them,1,6,3,False,False,True,"LOUISVILLE Penalty, False Start (-5 Yards) to the Alab 11"
401012246,2018,Alabama,home,37,False,us,us,1,10,3,False,False,True,"ALABAMA Penalty, Unsportsmanlike Conduct (-15 Yards) to the Alab 20"
401012246,2018,Alabama,home,37,False,them,us,1,10,3,False,False,True,"LOUISVILLE Penalty, Defensive Pass Interference (Russ Yeast) to the Lvile 28 for a 1ST down"
401012246,2018,Alabama,home,37,False,us,us,4,4,4,False,False,False,"ALABAMA Penalty, Delay of Game (-5 Yards) to the Lvile 9"
401012260,2018,Alabama,home,50,False,us,us,4,2,1,False,False,False,"ALABAMA Penalty, Delay of Game (-5 Yards) to the Alab 36"
401012260,2018,Alabama,home,50,False,them,us,1,10,1,False,False,False,"Harris, Damien rush for no gain to the ALABAMA16, PENALTY ARKST offside 5 yards to the ALABAMA21, NO PLAY."
401012260,2018,Alabama,home,50,False,us,us,3,8,3,False,False,True,"ALABAMA Penalty, False Start (Jonah Williams) to the ArkSt 14"
401012277,2018,Alabama,away,55,False,us,them,3,10,1,False,False,False,"ALABAMA Penalty, Defensive Offside (Quinnen Williams) to the Alab 42"
401012277,2018,Alabama,away,55,False,them,them,1,10,1,False,False,False,"OLE MISS Penalty, False Start (D.K. Metcalf) to the Alab 43"
401012277,2018,Alabama,away,55,False,them,them,2,15,1,False,False,False,"OLE MISS Penalty, Offensive Holding (-10 Yards) to the Miss 47"
401012277,2018,Alabama,away,55,False,us,them,3,28,1,False,False,False,"ALABAMA Penalty, Defensive Offside (5 Yards) to the Miss 49"
401012277,2018,Alabama,away,55,False,them,us,1,10,1,False,False,False,"OLE MISS Penalty, Roughing Passer (15 Yards) to the Alab 35 for a 1ST down"
401012277,2018,Alabama,away,55,False,us,them,1,10,2,False,False,False,"ALABAMA Penalty, Personal Foul (15 Yards) to the Miss 35 for a 1ST down"
401012277,2018,Alabama,away,55,False,them,us,2,12,3,False,False,True,"OLE MISS Penalty, Defensive Pass Interference (6 Yards) to the Miss 19 for a 1ST down"
401012277,2018,Alabama,away,55,False,them,us,3,6,3,False,False,True,"OLE MISS Penalty, Defensive Holding (8 Yards) to the Miss 7 for a 1ST down"
401012277,2018,Alabama,away,55,False,us,them,4,10,3,False,False,False,"ALABAMA Penalty, Substitution Infraction (5 Yards) to the Miss 30"
401012277,2018,Alabama,away,55,False,us,us,3,5,3,False,False,False,"ALABAMA Penalty, Delay of Game (-5 Yards) to the Miss 35"
401012277,2018,Alabama,away,55,False,us,us,1,10,4,False,False,False,"ALABAMA Penalty, False Start (Scott Lashley) to the Alab 18"
401012277,2018,Alabama,away,55,False,us,us,3,14,4,False,False,False,"ALABAMA Penalty, Delay of Game (-5 Yards) to the Alab 14"
401012284,2018,Alabama,home,22,False,them,them,1,10,1,False,False,False,"TEXAS A&M Penalty, Delay of Game (-5 Yards) to the TexAM 13"
401012284,2018,Alabama,home,22,False,us,us,1,10,2,False,False,False,"ALABAMA Penalty, Offensive Holding (Ross Pierschbacher) to the Alab 10"
401012284,2018,Alabama,home,22,False,us,us,1,10,2,False,False,True,"ALABAMA Penalty, Delay of Game (-5 Yards) to the Alab 20"
401012292,2018,Alabama,home,42,False,us,us,2,4,1,False,False,True,"ALABAMA Penalty, False Start (Ross Pierschbacher) to the LaLaf 13"
401012292,2018,Alabama,home,42,False,them,them,2,8,2,False,False,False,"LOUISIANA Penalty, False Start (Max Mitchell) to the LaLaf 22"
401012300,2018,Alabama,away,34,False,us,us,1,10,1,False,False,True,"ALABAMA Penalty, False Start (-5 Yards) to the Alab 40"
401012300,2018,Alabama,away,34,False,us,us,4,4,4,False,False,True,"ALABAMA Penalty, Substitution Infraction (-5 Yards) to the Ark 9"
401012307,2018,Alabama,home,29,False,them,them,2,5,2,False,False,False,"MISSOURI Penalty, Offensive Holding (Case Cook) to the Misso 20"
401012307,2018,Alabama,home,29,False,us,us,2,7,2,False,False,True,"ALABAMA Penalty, Offensive Holding (Jonah Williams) to the Misso 24"
401012307,2018,Alabama,home,29,False,them,them,3,4,3,False,False,False,"MISSOURI Penalty, False Start (Paul Adams) to the Misso 26"
401012307,2018,Alabama,home,29,False,us,us,2,5,3,False,False,False,"ALABAMA Penalty, Offensive Holding (Irv Smith Jr.) to the Misso 20"
401012318,2018,Alabama,away,37,False,us,us,1,10,1,False,False,True,"ALABAMA Penalty, False Start (Alex Leatherwood) to the Alab 49"
401012318,2018,Alabama,away,37,False,them,them,4,8,1,False,False,False,"TENNESSEE Penalty, False Start (-5 Yards) to the Tenn 28"
401012318,2018,Alabama,away,37,False,us,them,4,2,1,False,False,False,"ALABAMA Penalty, Defensive Offside (5 Yards) to the Tenn 40 for a 1ST down"
401012318,2018,Alabama,away,37,False,us,us,1,10,2,False,False,False,"ALABAMA Penalty, Offensive Holding (Irv Smith Jr.) to the Alab 30"
401012318,2018,Alabama,away,37,False,us,them,1,10,2,False,False,True,"ALABAMA Penalty, Defensive Holding (10 Yards) to the Tenn 35 for a 1ST down"
401012318,2018,Alabama,away,37,False,them,them,1,10,2,False,False,True,"TENNESSEE Penalty, False Start (-5 Yards) to the Tenn 14"
401012318,2018,Alabama,away,37,False,them,them,1,10,3,False,False,True,"TENNESSEE Penalty, Unsportsmanlike Conduct (-10 Yards) to the Tenn 10 for a 1ST down"
401012318,2018,Alabama,away,37,False,them,them,1,10,3,False,False,False,"TENNESSEE Penalty, Substitution Infraction (-5 Yards) to the Alab 32"
401012327,2018,Alabama,away,29,False,them,us,3,10,1,False,False,False,"LSU Penalty, Substitution Infraction (5 Yards) to the LSU 24"
401012327,2018,Alabama,away,29,False,us,us,3,18,1,False,False,False,"ALABAMA Penalty, False Start (Jonah Williams) to the LSU 27"
401012327,2018,Alabama,away,29,False,us,us,3,23,1,False,False,False,"ALABAMA Penalty, False Start (Jerry Jeudy) to the LSU 32"
401012327,2018,Alabama,away,29,False,them,them,2,9,2,False,False,False,"LSU Penalty, False Start (Saahdiq Charles) to the Alab 47"
401012327,2018,Alabama,away,29,False,us,us,1,10,2,False,False,True,"ALABAMA Penalty, Unsportsmanlike Conduct (-15 Yards) to the Alab 20"
401012327,2018,Alabama,away,29,False,them,them,2,7,4,False,False,False,"LSU Penalty, False Start (Chasen Hines) to the Alab 12"
401012338,2018,Alabama,home,33,False,us,us,1,10,2,False,False,True,"ALABAMA Penalty, Offensive Holding (Lester Cotton Sr.) to the Alab 43"
401012338,2018,Alabama,home,33,False,them,them,4,2,3,False,False,False,"THE CITADEL Penalty, False Start (Haden Haas) to the Alab 28"
401012338,2018,Alabama,home,33,False,them,them,1,10,3,False,False,True,"THE CITADEL Penalty, Delay of Game (Brandon Rainey) to the Citad 20"
401012338,2018,Alabama,home,33,False,them,them,1,10,4,False,False,True,"THE CITADEL Penalty, False Start (Raleigh Webb) to the Citad 47"
401012338,2018,Alabama,home,33,False,them,them,4,6,4,False,False,True,"THE CITADEL Penalty, Delay of Game (-5 Yards) to the Alab 8"
401012338,2018,Alabama,home,33,False,them,us,1,10,4,False,False,True,"THE CITADEL Penalty, Defensive Pass Interference (15 Yards) to the Citad 4 for a 1ST down"
401012338,2018,Alabama,home,33,False,us,us,1,10,4,False,False,False,"ALABAMA Penalty, Personal Foul (-15 Yards) to the Alab 26"
401012350,2018,Alabama,home,31,False,them,them,1,19,1,False,False,False,"AUBURN Penalty, Unsportsmanlike Conduct (-8 Yards) to the Aub 8"
401012350,2018,Alabama,home,31,False,us,them,1,10,1,False,False,True,"ALABAMA Penalty, Substitution Infraction (5 Yards) to the Alab 9"
401012350,2018,Alabama,home,31,False,them,them,3,12,2,False,False,False,"AUBURN Penalty, False Start (-5 Yards) to the Aub 18"
401012350,2018,Alabama,home,31,False,us,us,1,10,2,False,False,True,"ALABAMA Penalty, False Start (-5 Yards) to the Aub 41"
401012350,2018,Alabama,home,31,False,them,us,1,15,2,False,False,True,"AUBURN Penalty, Defensive Pass Interference (15 Yards) to the Aub 26 for a 1ST down"
401012350,2018,Alabama,home,31,False,us,them,3,7,2,False,False,False,"ALABAMA Penalty, Face Mask (15 yards) (15 Yards) to the Aub 43 for a 1ST down"
401012350,2018,Alabama,home,31,False,us,them,3,7,4,False,False,False,"ALABAMA Penalty, Roughing Passer (15 Yards) to the Alab 42 for a 1ST down"
401012350,2018,Alabama,home,31,False,them,them,3,4,4,False,False,False,"AUBURN Penalty, False Start (-5 Yards) to the Alab 41"
401056705,2018,Alabama,away,7,True,them,them,2,5,1,False,False,False,"GEORGIA Penalty, False Start (Solomon Kindley) to the Geo 19"
401056705,2018,Alabama,away,7,True,them,us,1,0,2,False,False,True,"GEORGIA Penalty, Defensive Offside (Eric Stokes) to the Geo 1"
401056705,2018,Alabama,away,7,True,them,them,2,5,3,False,False,False,"GEORGIA Penalty, False Start (James Cook) to the Geo 25"
401056705,2018,Alabama,away,7,True,us,us,2,0,4,False,False,True,"ALABAMA Penalty, False Start (Lester Cotton Sr.) to the Geo 10"
401032078,2018,Alabama,home,11,False,them,them,1,10,2,False,False,True,"OKLAHOMA Penalty, Unsportsmanlike Conduct (Bobby Evans) to the Okla 20"
401032078,2018,Alabama,home,11,False,them,them,1,25,2,False,False,True,"OKLAHOMA Penalty, Personal Foul (Dru Samia) to the Okla 10"
401032078,2018,Alabama,home,11,False,us,us,3,1,2,False,False,True,"ALABAMA Penalty, False Start (Jedrick Wills Jr.) to the Okla 19"
401032078,2018,Alabama,home,11,False,us,us,3,5,2,False,False,True,"ALABAMA Penalty, Illegal Formation (Jedrick Wills Jr.) to the Okla 24"
401032078,2018,Alabama,home,11,False,us,us,4,1,2,False,False,True,"ALABAMA Penalty, False Start (Damien Harris) to the Okla 20"
401032078,2018,Alabama,home,11,False,them,them,1,10,3,False,False,True,"OKLAHOMA Penalty, Delay of Game (Kyler Murray) to the Okla 20"
401032078,2018,Alabama,home,11,False,them,them,3,8,3,False,False,True,"OKLAHOMA Penalty, False Start (Dru Samia) to the Okla 32"
401032078,2018,Alabama,home,11,False,us,us,1,10,3,False,False,True,"ALABAMA Penalty, Personal Foul (-12 Yards) to the Alab 13"
401032078,2018,Alabama,home,11,False,us,them,3,10,4,False,False,True,"ALABAMA Penalty, Defensive Offside (Quinnen Williams) to the Okla 25"
401032078,2018,Alabama,home,11,False,us,them,3,20,4,False,False,True,"ALABAMA Penalty, Unsportsmanlike Conduct (Raekwon Davis) to the Alab 23 for a 1ST down"
401032078,2018,Alabama,home,11,False,us,them,1,10,4,False,False,True,"ALABAMA Penalty, Personal Foul (Mack Wilson) to the 50 yard line"
401032087,2018,Clemson,away,28,False,them,them,2,0,1,False,False,True,"ALABAMA Penalty, false start (Jedrick Wills Jr.) to the Clem 6"
401032087,2018,Clemson,away,28,False,them,us,1,0,3,False,False,True,"ALABAMA Penalty, personal foul (Josh Jobe) to the 50 yard line"
401110720,2019,Alabama,home,39,False,us,us,2,10,1,False,False,False,"ALABAMA Penalty, Delay of Game (-5 Yards) to the Alab 12"
401110720,2019,Alabama,home,39,False,them,them,3,5,1,False,False,False,"DUKE Penalty, False Start (Jacob Monk) to the Alab 48"
401110720,2019,Alabama,home,39,False,them,them,1,10,3,False,False,False,"DUKE Penalty, Delay of Game (-5 Yards) to the Duke 20"
401110720,2019,Alabama,home,39,False,them,us,1,0,3,False,False,True,"Robinson Jr., Brian rush for loss of 4 yards to the DUKE5, PENALTY DUKE 12 men on the field 0 yards to the DUKE1, NO PLAY."
401110720,2019,Alabama,home,39,False,them,us,1,10,3,False,False,True,"DUKE Penalty, Defensive Offside (Trevon McSwain) to the Duke 8"
401110720,2019,Alabama,home,39,False,them,them,2,10,3,False,False,False,"Jackson, Deon rush for 2 yards to the DUKE27, PENALTY DUKE personal foul (Monk, Jacob) 12 yards to the DUKE13, NO PLAY."
401110720,2019,Alabama,home,39,False,us,us,1,10,3,False,False,False,"ALABAMA Penalty, Unsportsmanlike Conduct (-13 Yards) to the Alab 13"
401110720,2019,Alabama,home,39,False,them,us,3,13,4,False,False,False,"DUKE Penalty, 12 Men on the Field (5 Yards) to the Duke 47"
401110773,2019,Alabama,home,52,False,us,us,2,8,2,False,False,True,"ALABAMA Penalty, Illegal Participation (-5 Yards) to the NMxSt 25"
401110794,2019,Alabama,away,24,False,us,them,3,10,1,False,False,True,"ALABAMA Penalty, Defensive Offside (5 Yards) to the Alab 31"
401110794,2019,Alabama,away,24,False,us,us,2,4,1,False,False,True,"ALABAMA Penalty, False Start (-5 Yards) to the Alab 44"
401110794,2019,Alabama,away,24,False,us,us,1,10,2,False,False,True,"ALABAMA Penalty, False Start (Alex Leatherwood) to the SCaro 27"
401110794,2019,Alabama,away,24,False,them,them,4,2,2,False,False,False,"SOUTH CAROLINA Penalty, Illegal Motion (-5 Yards) to the SCaro 28"
401110794,2019,Alabama,away,24,False,them,them,1,10,2,False,False,False,"SOUTH CAROLINA Penalty, False Start (Sadarius Hutcherson) to the SCaro 30"
401110794,2019,Alabama,away,24,False,us,us,2,0,4,False,False,True,"ALABAMA Penalty, False Start (Cameron Latu) to the SCaro 6"
401110806,2019,Alabama,home,28,False,us,us,4,9,1,False,False,False,"ALABAMA Penalty, False Start (Landon Dickerson) to the Miss 41"
401110806,2019,Alabama,home,28,False,them,them,3,8,1,False,False,True,"OLE MISS Penalty, False Start (-5 Yards) to the Alab 17"
401110806,2019,Alabama,home,28,False,us,them,3,5,2,False,False,False,"ALABAMA Penalty, Substitution Infraction (5 Yards) to the Miss 45 for a 1ST down"
401110806,2019,Alabama,home,28,False,us,them,2,4,2,False,False,False,"ALABAMA Penalty, Delay of Game (5 Yards) to the Miss 36 for a 1ST down"
401110806,2019,Alabama,home,28,False,us,them,4,7,4,False,False,True,"ALABAMA Penalty, Personal Foul (15 Yards) to the 50 yard line"
401110822,2019,Alabama,away,19,False,us,them,1,10,1,False,False,True,"ALABAMA Penalty, Defensive Offside (Patrick Surtain II) to the Alab 9"
401110822,2019,Alabama,away,19,False,them,them,2,8,2,False,False,True,"TEXAS A&M Penalty, False Start (Isaiah Spiller) to the Alab 47"
401110822,2019,Alabama,away,19,False,us,us,3,0,3,False,False,True,"ALABAMA Penalty, False Start (Alex Leatherwood) to the TexAM 9"
401110822,2019,Alabama,away,19,False,us,us,1,10,3,False,False,True,"ALABAMA Penalty, Delay of Game (Tua Tagovailoa) to the 50 yard line"
401110822,2019,Alabama,away,19,False,us,them,1,10,3,False,False,True,"ALABAMA Penalty, Defensive Holding (Trevon Diggs) to the Alab 40 for a 1ST down"
401110822,2019,Alabama,away,19,False,us,us,1,10,4,False,False,False,"ALABAMA Penalty, Substitution Infraction (-5 Yards) to the Alab 43"
401110824,2019,Alabama,home,22,False,them,them,4,8,1,False,False,False,"TENNESSEE Penalty, Substitution Infraction (-5 Yards) to the Tenn 12"
401110824,2019,Alabama,home,22,False,us,us,2,4,1,False,False,True,"ALABAMA Penalty, False Start (-5 Yards) to the Tenn 15"
401110824,2019,Alabama,home,22,False,them,us,2,9,1,False,False,True,"TENNESSEE Penalty, Defensive Pass Interference (Bryce Thompson) to the Tenn 2 for a 1ST down"
401110824,2019,Alabama,home,22,False,them,us,2,0,1,False,False,True,"TENNESSEE Penalty, Defensive Holding ( Yards) to the Tenn 1 for a 1ST down"
401110824,2019,Alabama,home,22,False,us,them,1,10,1,False,False,True,"ALABAMA Penalty, Defensive Holding (10 Yards) to the Alab 11 for a 1ST down"
401110824,2019,Alabama,home,22,False,them,them,1,10,1,False,False,True,"TENNESSEE Penalty, Offensive Holding (-10 Yards) to the Alab 21"
401110824,2019,Alabama,home,22,False,them,them,1,10,1,False,False,True,"TENNESSEE Penalty, False Start (Wanya Morris) to the Tenn 20"
401110824,2019,Alabama,home,22,False,us,them,2,8,2,False,False,True,"ALABAMA Penalty, Defensive Pass Interference (13 Yards) to the Alab 5 for a 1ST down"
401110824,2019,Alabama,home,22,False,them,them,1,0,2,False,False,True,"TENNESSEE Penalty, False Start (Darnell Wright) to the Alab 10"
401110824,2019,Alabama,home,22,False,them,them,2,0,2,False,False,True,"TENNESSEE Penalty, Offensive Holding (K'Rojhn Calbert) to the Alab 20"
401110824,2019,Alabama,home,22,False,them,us,1,0,2,False,False,True,"TENNESSEE Penalty, Personal Foul (Daniel Bituli) to the Tenn 1 for a 1ST down"
401110824,2019,Alabama,home,22,False,us,them,1,10,2,False,False,False,"ALABAMA Penalty, Defensive Pass Interference (Trevon Diggs) to the 50 yard line for a 1ST down"
401110824,2019,Alabama,home,22,False,them,them,1,0,3,False,False,True,"TENNESSEE Penalty, Offensive Holding (Wanya Morris) to the Alab 17"
401110824,2019,Alabama,home,22,False,them,us,3,10,3,False,False,True,"TENNESSEE Penalty, Personal Foul (Darrell Taylor) to the Alab 39 for a 1ST down"
401110824,2019,Alabama,home,22,False,us,them,1,10,3,False,False,False,"ALABAMA Penalty, Defensive Pass Interference (Xavier McKinney) to the Tenn 38 for a 1ST down"
401110824,2019,Alabama,home,22,False,us,us,2,4,3,False,False,False,"ALABAMA Penalty, Offensive Holding (Jedrick Wills Jr.) to the Alab 25"
401110824,2019,Alabama,home,22,False,them,them,2,11,4,False,False,True,"TENNESSEE Penalty, False Start (Darnell Wright) to the Alab 40"
401110824,2019,Alabama,home,22,False,us,them,3,10,4,False,False,True,"ALABAMA Penalty, Defensive Pass Interference (15 Yards) to the Alab 19 for a 1ST down"
401110824,2019,Alabama,home,22,False,them,them,3,3,4,False,False,False,"TENNESSEE Penalty, Delay of Game (J.T. Shrout) to the Tenn 27"
401110831,2019,Alabama,home,41,False,us,them,3,7,2,False,False,False,"ALABAMA Penalty, Defensive Offside (5 Yards) to the Ark 34"
401110831,2019,Alabama,home,41,False,us,them,4,3,3,False,False,True,"ALABAMA Penalty, Defensive Offside (5 Yards) to the Ark 27 for a 1ST down"
401110842,2019,Alabama,home,-5,True,us,them,1,10,1,False,False,True,"ALABAMA Penalty, Substitution Infraction (5 Yards) to the Alab 35"
401110842,2019,Alabama,home,-5,True,us,them,2,2,1,False,False,True,"ALABAMA Penalty, Defensive Offside (5 Yards) to the Alab 27 for a 1ST down"
401110842,2019,Alabama,home,-5,True,us,us,1,10,2,False,False,False,"ALABAMA Penalty, False Start (DeVonta Smith) to the Alab 37"
401110842,2019,Alabama,home,-5,True,them,them,4,1,2,False,False,False,"LSU Penalty, Delay of Game (-5 Yards) to the Alab 47"
401110842,2019,Alabama,home,-5,True,us,us,1,10,2,False,False,True,"ALABAMA Penalty, False Start (Alex Leatherwood) to the Alab 5"
401110842,2019,Alabama,home,-5,True,us,us,4,5,2,False,False,False,"ALABAMA Penalty, Delay of Game (-5 Yards) to the Alab 28"
401110842,2019,Alabama,home,-5,True,us,them,1,10,2,False,False,True,"ALABAMA Penalty, Personal Foul (Landon Dickerson) to the Alab 13 for a 1ST down"
401110842,2019,Alabama,home,-5,True,them,them,4,1,3,False,False,False,"LSU Penalty, Delay of Game (-5 Yards) to the LSU 49"
401110842,2019,Alabama,home,-5,True,them,us,2,10,3,False,False,True,"Tagovailoa, Tua pass incomplete to Jeudy, Jerry, PENALTY LSU holding 10 yards to the ALABAMA46, NO PLAY, 1ST DOWN ALABAMA."
401110851,2019,Alabama,away,31,False,us,us,2,6,1,False,False,True,"ALABAMA Penalty, False Start (Alex Leatherwood) to the Alab 44"
401110851,2019,Alabama,away,31,False,us,us,2,12,1,False,False,True,"ALABAMA Penalty, Personal Foul (Landon Dickerson) to the MisSt 37"
401110855,2019,Alabama,home,63,False,us,us,4,2,2,False,False,False,"ALABAMA Penalty, False Start (Josh Jobe) to the Alab 5"
401110865,2019,Alabama,away,-3,True,them,us,3,2,1,False,False,True,"AUBURN Penalty, Substitution Infraction (5 Yards) to the Alab 46 for a 1ST down"
401110865,2019,Alabama,away,-3,True,us,us,1,10,1,False,False,True,"ALABAMA Penalty, Offensive Holding (Alex Leatherwood) to the Aub 47"
401110865,2019,Alabama,away,-3,True,us,us,3,15,1,False,False,False,"ALABAMA Penalty, False Start (Jedrick Wills Jr.) to the Alab 18"
401110865,2019,Alabama,away,-3,True,them,them,1,0,1,False,False,True,"AUBURN Penalty, Delay of Game (-5 Yards) to the Alab 8"
401110865,2019,Alabama,away,-3,True,us,them,4,4,3,False,False,True,"ALABAMA Penalty, Defensive Offside (Trevon Diggs) to the Alab 31 for a 1ST down"
401110865,2019,Alabama,away,-3,True,them,them,3,9,3,False,False,True,"AUBURN Penalty, Unsportsmanlike Conduct (Seth Williams) to the Alab 36"
401110865,2019,Alabama,away,-3,True,us,us,3,5,4,False,False,True,"ALABAMA Penalty, False Start (Deonte Brown) to the Alab 43"
401110865,2019,Alabama,away,-3,True,us,us,1,0,4,False,False,True,"ALABAMA Penalty, False Start (Jedrick Wills Jr.) to the Aub 8"
401110865,2019,Alabama,away,-3,True,us,us,1,10,4,False,False,False,"ALABAMA Penalty, False Start (Deonte Brown) to the Alab 32"
401110865,2019,Alabama,away,-3,True,us,us,3,4,4,False,False,False,"ALABAMA Penalty, False Start (Jedrick Wills Jr.) to the Aub 39"
401110865,2019,Alabama,away,-3,True,us,us,2,0,4,False,False,False,"ALABAMA Penalty, False Start (Alex Leatherwood) to the Aub 15"
401110865,2019,Alabama,away,-3,True,us,them,4,4,4,False,False,False,"ALABAMA Penalty, Substitution Infraction (5 Yards) to the Aub 31 for a 1ST down"
401236951,2020,Alabama,away,19,False,them,them,1,10,1,False,False,False,"MISSOURI Penalty, False Start (Richard Taylor) to the Alab 46"
401236951,2020,Alabama,away,19,False,us,us,2,22,2,False,False,False,"ALABAMA Penalty, False Start (Emil Ekiyor Jr.) to the Alab 7"
401236951,2020,Alabama,away,19,False,us,us,1,10,2,False,False,True,"ALABAMA Penalty, False Start (Alex Leatherwood) to the Alab 20"
401236951,2020,Alabama,away,19,False,us,us,1,10,2,False,False,True,"ALABAMA Penalty, False Start (Evan Neal) to the Alab 32"
401236951,2020,Alabama,away,19,False,us,us,3,0,2,False,False,True,"ALABAMA Penalty, Illegal Formation (-5 Yards) to the Misso 8"
401236951,2020,Alabama,away,19,False,us,us,3,14,4,False,False,False,"ALABAMA Penalty, Delay of Game (-5 Yards) to the Misso 28"
401237093,2020,Alabama,home,28,False,us,us,2,4,1,False,False,True,"ALABAMA Penalty, False Start (-5 Yards) to the Alab 21"
401237093,2020,Alabama,home,28,False,them,them,3,8,1,False,False,False,"TEXAS A&M Penalty, False Start (-5 Yards) to the TexAM 35"
401237093,2020,Alabama,home,28,False,them,them,4,13,1,False,False,False,"TEXAS A&M Penalty, Delay of Game (-5 Yards) to the TexAM 30"
401237093,2020,Alabama,home,28,False,them,us,1,10,1,False,False,True,"TEXAS A&M Penalty, 12 Men on the Field (5 Yards) to the TexAM 25"
401237093,2020,Alabama,home,28,False,us,us,2,17,3,False,False,True,"ALABAMA Penalty, False Start (-5 Yards) to the Alab 13"
401237093,2020,Alabama,home,28,False,them,them,3,12,3,False,False,False,"TEXAS A&M Penalty, False Start (Jalen Wydermyer) to the Alab 44"
401237100,2020,Alabama,away,15,False,them,them,3,12,2,False,False,True,"OLE MISS Penalty, Offensive Pass Interference (Kenny Yeboah) to the Alab 43"
401237100,2020,Alabama,away,15,False,us,them,2,3,2,False,False,True,"ALABAMA Penalty, Unsportsmanlike Conduct (Josh Jobe) to the 50 yard line"
401237100,2020,Alabama,away,15,False,us,us,1,10,3,False,False,True,"ALABAMA Penalty, False Start (-5 Yards) to the Miss 20"
401237100,2020,Alabama,away,15,False,us,them,1,10,4,False,False,True,"ALABAMA Penalty, Defensive Pass Interference (Dylan Moses) to the Alab 20 for a 1ST down"
401237100,2020,Alabama,away,15,False,us,us,2,0,4,False,False,True,"ALABAMA Penalty, False Start (Cameron Latu) to the Miss 9"
401237100,2020,Alabama,away,15,False,us,us,2,0,4,False,False,True,"ALABAMA Penalty, False Start (Deonte Brown) to the Miss 14"
401237107,2020,Alabama,home,17,False,them,us,3,19,2,False,False,True,"GEORGIA Penalty, Defensive Holding (9 Yards) to the Geo 33 for a 1ST down"
401237107,2020,Alabama,home,17,False,us,them,4,1,2,False,False,True,"ALABAMA Penalty, Defensive Offside (6 Yards) to the Alab 5 for a 1ST down"
401237107,2020,Alabama,home,17,False,them,them,1,10,3,False,False,False,"GEORGIA Penalty, Delay of Game (-5 Yards) to the Geo 33"
401237107,2020,Alabama,home,17,False,us,them,2,10,4,False,False,False,"ALABAMA Penalty, Defensive Holding (10 Yards) to the Alab 36 for a 1ST down"
401237114,2020,Alabama,away,31,False,them,them,2,8,2,False,False,True,"TENNESSEE Penalty, False Start (Brandon Kennedy) to the Alab 26"
401237114,2020,Alabama,away,31,False,us,them,3,8,2,False,False,True,"ALABAMA Penalty, Substitution Infraction (5 Yards) to the Alab 16"
401237114,2020,Alabama,away,31,False,us,us,1,0,2,False,False,True,"ALABAMA Penalty, False Start (Evan Neal) to the Tenn 7"
401237114,2020,Alabama,away,31,False,them,them,1,10,3,False,False,False,"TENNESSEE Penalty, False Start (Javontez Spraggins) to the Tenn 30"
401237114,2020,Alabama,away,31,False,us,us,2,6,3,False,False,True,"ALABAMA Penalty, False Start (Evan Neal) to the Alab 45"
401237114,2020,Alabama,away,31,False,us,us,1,10,3,False,False,True,"ALABAMA Penalty, False Start (-5 Yards) to the Tenn 32"
401237114,2020,Alabama,away,31,False,them,us,1,0,4,False,False,True,"TENNESSEE Penalty, Defensive Offside (Roman Harrison) to the Tenn 5"
401237114,2020,Alabama,away,31,False,them,them,3,8,4,False,False,False,"TENNESSEE Penalty, False Start (Malachi Wideman) to the Tenn 32"
401237119,2020,Alabama,home,41,False,us,us,3,0,1,False,False,True,"ALABAMA Penalty, False Start (-5 Yards) to the MisSt 6"
401237119,2020,Alabama,home,41,False,us,us,1,10,2,False,False,False,"ALABAMA Penalty, False Start (-5 Yards) to the Alab 45"
401237119,2020,Alabama,home,41,False,us,us,2,8,3,False,False,False,"ALABAMA Penalty, False Start (-5 Yards) to the Alab 9"
401237119,2020,Alabama,home,41,False,us,us,1,10,4,False,False,False,"ALABAMA Penalty, False Start (-5 Yards) to the MisSt 49"
401237119,2020,Alabama,home,41,False,us,them,4,1,4,False,False,False,"ALABAMA Penalty, Defensive Offside (5 Yards) to the MisSt 39 for a 1ST down"
401237135,2020,Alabama,home,60,False,us,them,2,8,1,False,False,True,"ALABAMA Penalty, Defensive Offside (5 Yards) to the Alab 10"
401237135,2020,Alabama,home,60,False,them,them,2,3,1,False,False,True,"KENTUCKY Penalty, Offensive Holding (Landon Young) to the Alab 20"
401237135,2020,Alabama,home,60,False,them,them,2,8,1,False,False,False,"KENTUCKY Penalty, Substitution Infraction (-5 Yards) to the Kent 48"
401237135,2020,Alabama,home,60,False,us,them,2,13,1,False,False,False,"ALABAMA Penalty, Defensive Pass Interference (Josh Jobe) to the Alab 37 for a 1ST down"
401237135,2020,Alabama,home,60,False,them,us,1,10,2,False,False,True,"KENTUCKY Penalty, Roughing Passer (Phil Hoskins) to the Kent 14 for a 1ST down"
401237135,2020,Alabama,home,60,False,us,us,2,0,2,False,False,True,"ALABAMA Penalty, False Start (-5 Yards) to the Kent 8"
401237135,2020,Alabama,home,60,False,them,us,2,7,2,False,False,True,"KENTUCKY Penalty, Defensive Offside (Kordell Looney) to the Alab 37"
401237135,2020,Alabama,home,60,False,them,us,1,10,3,False,False,False,"KENTUCKY Penalty, Defensive Pass Interference (Yusuf Corker) to the Kent 39 for a 1ST down"
401237135,2020,Alabama,home,60,False,them,them,3,8,3,False,False,False,"KENTUCKY Penalty, Delay of Game (-5 Yards) to the Kent 22"
401237135,2020,Alabama,home,60,False,us,us,3,0,3,False,False,True,"ALABAMA Penalty, False Start (-5 Yards) to the Kent 18"
401237142,2020,Alabama,home,29,False,them,them,2,9,1,False,False,False,"AUBURN Penalty, Offensive Holding (-10 Yards) to the Aub 23"
401237142,2020,Alabama,home,29,False,them,us,3,7,2,False,False,True,"AUBURN Penalty, Defensive Offside (5 Yards) to the Aub 36"
401237142,2020,Alabama,home,29,False,them,us,1,10,2,False,False,True,"AUBURN Penalty, Defensive Pass Interference (15 Yards) to the Aub 27 for a 1ST down"
401237142,2020,Alabama,home,29,False,us,us,3,3,3,False,False,True,"ALABAMA Penalty, False Start (-5 Yards) to the Aub 31"
401265817,2020,Alabama,away,38,False,them,us,3,3,1,False,False,True,"LSU Penalty, Defensive Offside (Neil Farrell Jr.) to the LSU 43 for a 1ST down"
401265817,2020,Alabama,away,38,False,them,us,1,10,1,False,False,True,"LSU Penalty, Defensive Offside (Jaquelin Roy) to the LSU 42"
401265817,2020,Alabama,away,38,False,them,us,3,10,2,False,False,True,"LSU Penalty, Defensive Offside (Ray Thornton) to the Alab 26"
401265817,2020,Alabama,away,38,False,us,us,1,0,4,False,False,True,"ALABAMA Penalty, False Start (Deonte Brown) to the LSU 12"
401267164,2020,Alabama,away,49,False,us,them,2,7,1,False,False,True,"ALABAMA Penalty, Defensive Holding (8 Yards) to the Alab 8 for a 1ST down"
401267164,2020,Alabama,away,49,False,them,them,1,0,1,False,False,True,"ARKANSAS Penalty, False Start (-5 Yards) to the Alab 13"
401267164,2020,Alabama,away,49,False,them,us,3,8,1,False,False,False,"ARKANSAS Penalty, Neutral Zone Infraction (5 Yards) to the Ark 42"
401267164,2020,Alabama,away,49,False,them,them,2,7,1,False,False,True,"ARKANSAS Penalty, False Start (Ty Clary) to the Ark 41"
401267164,2020,Alabama,away,49,False,them,them,3,6,1,False,False,True,"ARKANSAS Penalty, False Start (-5 Yards) to the Ark 42"
401267164,2020,Alabama,away,49,False,them,us,1,10,2,False,False,True,"ARKANSAS Penalty, Defensive Offside (5 Yards) to the Ark 34"
401267164,2020,Alabama,away,49,False,them,us,1,0,2,False,False,True,"ARKANSAS Penalty, Defensive Pass Interference (Jalen Catalon) to the Ark 1 for a 1ST down"
401267164,2020,Alabama,away,49,False,them,them,1,10,2,False,False,False,"ARKANSAS Penalty, False Start (Brady Latham) to the Ark 20"
401267164,2020,Alabama,away,49,False,them,us,3,4,3,False,False,True,"ARKANSAS Penalty, Personal Foul (Hayden Henry) to the Ark 4 for a 1ST down"
401267164,2020,Alabama,away,49,False,us,them,4,9,4,False,False,False,"ALABAMA Penalty, Roughing the Kicker (Ale Kaho) to the 50 yard line for a 1ST down"
401237074,2020,Alabama,away,6,True,them,us,3,10,1,False,False,True,"FLORIDA Penalty, Defensive Offside (Marlon Dunlap Jr.) to the Fla 24"
401237074,2020,Alabama,away,6,True,them,us,3,3,1,False,False,True,"FLORIDA Penalty, Personal Foul (Zachary Carter) to the Alab 49 for a 1ST down"
401237074,2020,Alabama,away,6,True,them,us,3,8,2,False,False,True,"FLORIDA Penalty, Substitution Infraction (5 Yards) to the Alab 48"
401237074,2020,Alabama,away,6,True,us,them,2,10,3,False,False,False,"ALABAMA Penalty, Defensive Pass Interference (Dylan Moses) to the Alab 48 for a 1ST down"
401237074,2020,Alabama,away,6,True,us,us,1,10,3,False,False,False,"ALABAMA Penalty, Offensive Holding (Alex Leatherwood) to the Alab 46"
401237074,2020,Alabama,away,6,True,us,them,1,10,3,False,False,True,"ALABAMA Penalty, Defensive Pass Interference (Dylan Moses) to the Fla 45 for a 1ST down"
401237074,2020,Alabama,away,6,True,us,them,3,8,4,False,False,True,"ALABAMA Penalty, Defensive Holding (Josh Jobe) to the Alab 26 for a 1ST down"
401237074,2020,Alabama,away,6,True,us,them,2,0,4,False,False,True,"ALABAMA Penalty, Defensive Offside (Josh Jobe) to the Alab 1"
401237074,2020,Alabama,away,6,True,them,us,1,10,4,False,False,True,"FLORIDA Penalty, Defensive Offside (Tedarrell Slaton) to the Fla 47"
401237074,2020,Alabama,away,6,True,them,us,2,7,4,False,False,True,"FLORIDA Penalty, Unsportsmanlike Conduct (Zachary Carter) to the 50 yard line"
401237074,2020,Alabama,away,6,True,us,them,1,10,4,False,False,True,"ALABAMA Penalty, Defensive Pass Interference (Brian Branch) to the Alab 46 for a 1ST down"
401237074,2020,Alabama,away,6,True,us,them,2,0,4,False,False,True,"ALABAMA Penalty, Defensive Pass Interference (Josh Jobe) to the Alab 1"
401240152,2020,Alabama,home,17,False,them,them,1,10,4,False,False,False,"NOTRE DAME Penalty, Illegal Shift (-5 Yards) to the Alab 18"
401240152,2020,Alabama,home,17,False,us,us,1,10,4,False,False,False,"ALABAMA Penalty, False Start (Alex Leatherwood) to the Alab 36"
401240152,2020,Alabama,home,17,False,us,them,1,10,4,False,False,False,"ALABAMA Penalty, Defensive Pass Interference (Josh Jobe) to the Alab 28 for a 1ST down"
401240152,2020,Alabama,home,17,False,them,them,2,10,4,False,False,False,"NOTRE DAME Penalty, False Start (-5 Yards) to the Alab 33"
401281942,2021,Alabama,away,31,False,them,them,2,5,1,False,False,False,"MIAMI FL Penalty, False Start (Zion Nelson) to the MiaFl 39"
401281942,2021,Alabama,away,31,False,us,us,1,10,1,False,False,True,"ALABAMA Penalty, False Start (Jameson Williams) to the Alab 20"
401281942,2021,Alabama,away,31,False,them,them,1,10,2,False,False,True,"MIAMI FL Penalty, False Start (-5 Yards) to the MiaFl 40"
401281942,2021,Alabama,away,31,False,them,us,3,5,3,False,False,True,"MIAMI FL Penalty, Roughing Passer (Jahfari Harvey) to the 50 yard line"
401281942,2021,Alabama,away,31,False,them,us,3,10,4,False,False,True,"MIAMI FL Penalty, Defensive Offside (Gilbert Frierson) to the MiaFl 33"
401282056,2021,Alabama,home,34,False,them,us,3,9,1,False,False,False,"MERCER Penalty, Defensive Offside (Chris Hill) to the Alab 26"
401282056,2021,Alabama,home,34,False,us,us,1,10,1,False,False,False,"ALABAMA Penalty, Unsportsmanlike Conduct (Jameson Williams) to the Alab 21"
401282056,2021,Alabama,home,34,False,us,us,1,10,1,False,False,False,"ALABAMA Penalty, Offensive Holding (Emil Ekiyor Jr.) to the Alab 11"
401282056,2021,Alabama,home,34,False,us,them,1,10,2,False,False,False,"ALABAMA Penalty, Defensive Pass Interference (Jordan Battle) to the Mercr 35 for a 1ST down"
401282056,2021,Alabama,home,34,False,us,us,2,6,2,False,False,False,"ALABAMA Penalty, False Start (Javion Cohen) to the Alab 36"
401282056,2021,Alabama,home,34,False,them,them,2,11,2,False,False,False,"MERCER Penalty, False Start (-2 Yards) to the Mercr 3"
401282056,2021,Alabama,home,34,False,them,them,2,13,2,False,False,False,"MERCER Penalty, Delay of Game (-1 Yards) to the Mercr 2"
401282056,2021,Alabama,home,34,False,them,us,1,10,2,False,False,True,"MERCER Penalty, Defensive Pass Interference (Richie Coffey) to the Mercr 14 for a 1ST down"
401282056,2021,Alabama,home,34,False,us,them,1,10,2,False,False,False,"ALABAMA Penalty, Defensive Pass Interference (DeMarcco Hellams) to the Mercr 39 for a 1ST down"
401282056,2021,Alabama,home,34,False,us,us,1,10,3,False,False,True,"ALABAMA Penalty, Ineligible Downfield on Pass (Darrian Dalcourt) to the Mercr 21"
401282056,2021,Alabama,home,34,False,us,them,3,2,3,False,False,True,"ALABAMA Penalty, Defensive Holding (Jaylen Moody) to the Mercr 38 for a 1ST down"
401282071,2021,Alabama,away,2,True,them,us,1,10,1,False,False,True,"FLORIDA Penalty, Defensive Pass Interference (Trey Dean III) to the Fla 40 for a 1ST down"
401282071,2021,Alabama,away,2,True,us,us,3,4,1,False,False,True,"ALABAMA Penalty, Delay of Game (-5 Yards) to the Fla 39"
401282071,2021,Alabama,away,2,True,us,them,2,10,1,False,False,True,"ALABAMA Penalty, Defensive Offside (Tim Smith) to the Alab 44"
401282071,2021,Alabama,away,2,True,us,them,2,4,1,False,False,True,"ALABAMA Penalty, Defensive Offside (5 Yards) to the Alab 12 for a 1ST down"
401282071,2021,Alabama,away,2,True,them,us,3,7,1,False,False,True,"FLORIDA Penalty, Defensive Pass Interference (Kaiir Elam) to the Alab 39 for a 1ST down"
401282071,2021,Alabama,away,2,True,us,us,1,10,1,False,False,True,"ALABAMA Penalty, False Start (-5 Yards) to the Fla 32"
401282071,2021,Alabama,away,2,True,us,them,4,6,2,False,False,True,"ALABAMA Penalty, Defensive Pass Interference (Josh Jobe) to the Alab 26 for a 1ST down"
401282071,2021,Alabama,away,2,True,us,them,1,10,3,False,False,True,"ALABAMA Penalty, Defensive Pass Interference (Josh Jobe) to the Fla 40 for a 1ST down"
401282071,2021,Alabama,away,2,True,us,us,2,10,3,False,False,True,"ALABAMA Penalty, False Start (Evan Neal) to the Alab 20"
401282071,2021,Alabama,away,2,True,them,us,3,12,3,False,False,True,"FLORIDA Penalty, Defensive Pass Interference (Brenton Cox Jr.) to the Fla 22 for a 1ST down"
401282071,2021,Alabama,away,2,True,us,us,2,4,3,False,False,True,"ALABAMA Penalty, False Start (Tommy Brown) to the Fla 21"
401282071,2021,Alabama,away,2,True,them,us,3,7,4,False,False,True,"FLORIDA Penalty, Defensive Pass Interference (Avery Helm) to the Fla 34 for a 1ST down"
401282071,2021,Alabama,away,2,True,them,us,1,10,4,False,False,True,"FLORIDA Penalty, Substitution Infraction (5 Yards) to the Fla 29"
401282071,2021,Alabama,away,2,True,us,us,4,0,4,False,False,True,"ALABAMA Penalty, False Start (-5 Yards) to the Fla 6"
401282071,2021,Alabama,away,2,True,them,them,1,10,4,False,False,True,"FLORIDA Penalty, False Start (-5 Yards) to the Fla 47"
401282081,2021,Alabama,home,49,False,them,them,3,6,1,False,False,False,"SOUTHERN MISS Penalty, False Start (-5 Yards) to the SoMis 20"
401282081,2021,Alabama,home,49,False,them,them,3,12,3,False,False,False,"SOUTHERN MISS Penalty, False Start (Gerquan Scott) to the SoMis 18"
401282081,2021,Alabama,home,49,False,them,them,1,10,4,False,False,True,"SOUTHERN MISS Penalty, False Start (-5 Yards) to the Alab 17"
401282089,2021,Alabama,home,21,False,them,them,2,5,1,False,False,False,"OLE MISS Penalty, False Start (Jadon Jackson) to the Alab 25"
401282089,2021,Alabama,home,21,False,them,them,2,5,2,False,False,False,"OLE MISS Penalty, False Start (Nick Broeker) to the Miss 25"
401282089,2021,Alabama,home,21,False,us,us,3,8,3,False,False,False,"ALABAMA Penalty, False Start (JoJo Earle) to the Miss 20"
401282103,2021,Alabama,away,-3,True,us,them,1,10,1,False,False,True,"ALABAMA Penalty, Personal Foul (Malachi Moore) to the Alab 28 for a 1ST down"
401282103,2021,Alabama,away,-3,True,them,us,1,10,1,False,False,True,"TEXAS A&M Penalty, Delay of Game (5 Yards) to the Alab 40"
401282103,2021,Alabama,away,-3,True,us,us,1,10,1,False,False,True,"ALABAMA Penalty, Offensive Holding (-10 Yards) to the Alab 43"
401282103,2021,Alabama,away,-3,True,them,us,2,10,1,False,False,False,"TEXAS A&M Penalty, Personal Foul (Tyreek Chappell) to the Alab 40 for a 1ST down"
401282103,2021,Alabama,away,-3,True,us,us,4,4,2,False,False,False,"ALABAMA Penalty, False Start (Chris Owens) to the TexAM 45"
401282103,2021,Alabama,away,-3,True,us,them,1,10,3,False,False,False,"ALABAMA Penalty, Defensive Holding (10 Yards) to the TexAM 35 for a 1ST down"
401282103,2021,Alabama,away,-3,True,them,them,2,6,3,False,False,False,"TEXAS A&M Penalty, Offensive Holding (-10 Yards) to the TexAM 29"
401282103,2021,Alabama,away,-3,True,them,them,4,16,3,False,False,False,"TEXAS A&M Penalty, False Start (Edgerrin Cooper) to the TexAM 24"
401282103,2021,Alabama,away,-3,True,us,us,1,10,3,False,False,True,"ALABAMA Penalty, False Start (Javion Cohen) to the TexAM 22"
401282103,2021,Alabama,away,-3,True,us,them,2,7,4,False,False,False,"ALABAMA Penalty, Defensive Pass Interference (12 Yards) to the TexAM 40 for a 1ST down"
401282103,2021,Alabama,away,-3,True,them,us,3,7,4,False,False,True,"TEXAS A&M Penalty, Delay of Game (5 Yards) to the TexAM 12"
401282103,2021,Alabama,away,-3,True,us,them,2,7,4,False,False,True,"ALABAMA Penalty, Defensive Pass Interference (DeMarcco Hellams) to the Alab 12 for a 1ST down"
401282107,2021,Alabama,away,40,False,us,them,3,1,1,False,False,False,"ALABAMA Penalty, Defensive Offside (5 Yards) to the 50 yard line for a 1ST down"
401282111,2021,Alabama,home,28,False,them,them,2,21,1,False,False,True,"TENNESSEE Penalty, False Start (-5 Yards) to the Tenn 20"
401282111,2021,Alabama,home,28,False,them,them,3,1,2,False,False,False,"TENNESSEE Penalty, False Start (-5 Yards) to the Tenn 13"
401282111,2021,Alabama,home,28,False,them,them,3,6,2,False,False,False,"TENNESSEE Penalty, False Start (-4 Yards) to the Tenn 9"
401282111,2021,Alabama,home,28,False,them,them,1,10,2,False,False,False,"TENNESSEE Penalty, False Start (-5 Yards) to the Tenn 20"
401282111,2021,Alabama,home,28,False,them,them,2,13,2,False,False,False,"TENNESSEE Penalty, False Start (-5 Yards) to the Tenn 17"
401282111,2021,Alabama,home,28,False,us,us,1,10,3,False,False,True,"ALABAMA Penalty, Delay of Game (-5 Yards) to the Alab 20"
401282111,2021,Alabama,home,28,False,them,them,4,1,3,False,False,False,"TENNESSEE Penalty, Delay of Game (-5 Yards) to the Tenn 42"
401282111,2021,Alabama,home,28,False,us,us,3,2,3,False,False,True,"ALABAMA Penalty, False Start (Javion Cohen) to the Alab 23"
401282111,2021,Alabama,home,28,False,us,us,2,7,3,False,False,True,"ALABAMA Penalty, False Start (Cameron Latu) to the Tenn 14"
401282120,2021,Alabama,home,6,True,them,them,2,7,1,False,False,True,"LSU Penalty, Illegal Formation (-5 Yards) to the LSU 40"
401282120,2021,Alabama,home,6,True,us,them,1,10,1,False,False,True,"ALABAMA Penalty, Defensive Holding (Malachi Moore) to the Alab 16 for a 1ST down"
401282120,2021,Alabama,home,6,True,us,us,3,9,1,False,False,False,"ALABAMA Penalty, Delay of Game (-5 Yards) to the LSU 38"
401282120,2021,Alabama,home,6,True,us,us,4,26,1,False,False,False,"ALABAMA Penalty, Illegal Formation (-5 Yards) to the Alab 45"
401282120,2021,Alabama,home,6,True,us,us,1,10,2,False,False,False,"ALABAMA Penalty, False Start (-5 Yards) to the Alab 38"
401282120,2021,Alabama,home,6,True,us,us,2,10,2,False,False,True,"ALABAMA Penalty, Offensive Holding (Cameron Latu) to the LSU 34"
401282120,2021,Alabama,home,6,True,us,them,1,10,3,False,False,False,"ALABAMA Penalty, Delay of Game (5 Yards) to the LSU 31"
401282120,2021,Alabama,home,6,True,them,them,4,1,3,False,False,False,"LSU Penalty, Delay of Game (-5 Yards) to the LSU 30"
401282120,2021,Alabama,home,6,True,them,them,4,13,4,False,False,False,"LSU Penalty, False Start (Jontre Kirklin) to the LSU 32"
401282120,2021,Alabama,home,6,True,them,them,1,10,4,False,False,False,"LSU Penalty, Ineligible Downfield on Pass (-5 Yards) to the LSU 14"
401282127,2021,Alabama,home,56,False,us,them,4,7,4,False,False,False,"ALABAMA Penalty, Defensive Offside (5 Yards) to the NMxSt 30"
401282135,2021,Alabama,home,7,True,them,them,1,10,1,False,False,False,"ARKANSAS Penalty, False Start (-5 Yards) to the Ark 30"
401282135,2021,Alabama,home,7,True,them,them,4,10,2,False,False,False,"ARKANSAS Penalty, Delay of Game (-5 Yards) to the Ark 20"
401282135,2021,Alabama,home,7,True,us,us,2,10,2,False,False,False,"ALABAMA Penalty, Offensive Holding (Darrian Dalcourt) to the Ark 42"
401282135,2021,Alabama,home,7,True,us,us,2,0,3,False,False,False,"ALABAMA Penalty, Offensive Holding (Damieon George Jr.) to the Ark 14"
401282135,2021,Alabama,home,7,True,them,them,3,1,4,False,False,True,"ARKANSAS Penalty, False Start (-5 Yards) to the Alab 29"
401282135,2021,Alabama,home,7,True,them,them,4,4,4,False,False,True,"ARKANSAS Penalty, False Start (-5 Yards) to the Alab 32"
401282135,2021,Alabama,home,7,True,us,us,3,5,4,False,False,True,"ALABAMA Penalty, False Start (-5 Yards) to the Ark 40"
401282135,2021,Alabama,home,7,True,us,them,3,17,4,False,False,True,"ALABAMA Penalty, Defensive Pass Interference (Brian Branch) to the Alab 42 for a 1ST down"
401282146,2021,Alabama,away,2,True,them,them,1,10,2,False,False,True,"AUBURN Penalty, Ineligible Downfield on Pass (-5 Yards) to the Alab 44"
401282146,2021,Alabama,away,2,True,us,us,1,10,2,False,False,False,"ALABAMA Penalty, Delay of Game (-5 Yards) to the Alab 20"
401282146,2021,Alabama,away,2,True,us,us,2,10,2,False,False,False,"ALABAMA Penalty, Delay of Game (-5 Yards) to the Alab 16"
401282146,2021,Alabama,away,2,True,them,them,4,18,3,False,False,False,"AUBURN Penalty, Delay of Game (-5 Yards) to the Alab 38"
401282146,2021,Alabama,away,2,True,them,them,2,12,3,False,False,False,"AUBURN Penalty, False Start (-5 Yards) to the Aub 12"
401282146,2021,Alabama,away,2,True,them,them,2,19,3,False,False,False,"AUBURN Penalty, False Start (-5 Yards) to the Aub 5"
401282146,2021,Alabama,away,2,True,us,them,3,7,4,False,False,False,"ALABAMA Penalty, Roughing Passer (15 Yards) to the Alab 35 for a 1ST down"
401282154,2021,Alabama,home,17,False,them,them,1,10,1,False,False,True,"GEORGIA Penalty, False Start (-1 Yards) to the Geo 2"
401282154,2021,Alabama,home,17,False,them,them,2,5,3,False,False,False,"GEORGIA Penalty, False Start (-5 Yards) to the Alab 43"
401282154,2021,Alabama,home,17,False,them,them,4,10,4,False,False,False,"GEORGIA Penalty, False Start (-5 Yards) to the Geo 46"
401282154,2021,Alabama,home,17,False,us,us,1,10,4,False,False,True,"ALABAMA Penalty, False Start (-5 Yards) to the Alab 45"
401331235,2021,Alabama,home,21,False,them,us,1,10,1,False,False,True,"CINCINNATI Penalty, Defensive Offside (Marcus Brown) to the Cincy 14"
401331235,2021,Alabama,home,21,False,them,us,3,9,1,False,False,True,"CINCINNATI Penalty, Defensive Offside (Myjai Sanders) to the Alab 31"
401331235,2021,Alabama,home,21,False,us,us,4,0,2,False,False,True,"ALABAMA Penalty, False Start (Kendall Randolph) to the Cincy 8"
401331235,2021,Alabama,home,21,False,them,them,4,4,3,False,False,False,"CINCINNATI Penalty, Delay of Game (-5 Yards) to the Cincy 30"
401331235,2021,Alabama,home,21,False,us,us,2,1,4,False,False,True,"ALABAMA Penalty, False Start (Chris Owens) to the Cincy 9"
401331235,2021,Alabama,home,21,False,them,them,1,10,4,False,False,False,"CINCINNATI Penalty, False Start (Jake Renfro) to the Cincy 31"
401331242,2021,Alabama,home,-15,False,us,them,2,24,1,False,False,False,"ALABAMA Penalty, Delay of Game (5 Yards) to the Geo 16"
401331242,2021,Alabama,home,-15,False,them,them,3,5,1,False,False,False,"GEORGIA Penalty, Delay of Game (-5 Yards) to the Geo 25"
401331242,2021,Alabama,home,-15,False,them,them,1,10,1,False,False,True,"GEORGIA Penalty, False Start (Jamaree Salyer) to the Alab 24"
401331242,2021,Alabama,home,-15,False,us,us,3,1,2,False,False,True,"ALABAMA Penalty, False Start (Chris Owens) to the Geo 31"
401331242,2021,Alabama,home,-15,False,them,them,1,10,2,False,False,False,"GEORGIA Penalty, False Start (-5 Yards) to the Geo 15"
401331242,2021,Alabama,home,-15,False,them,us,3,7,2,False,False,False,"GEORGIA Penalty, Defensive Offside (Jalen Carter) to the Alab 33"
401403854,2022,Alabama,home,55,False,us,us,3,0,2,False,False,True,"ALABAMA Penalty, Delay of Game (-5 Yards) to the UthSt 8"
401403854,2022,Alabama,home,55,False,us,us,1,10,3,False,False,False,"ALABAMA Penalty, False Start (-5 Yards) to the Alab 12"
401403854,2022,Alabama,home,55,False,us,us,2,5,3,False,False,False,"ALABAMA Penalty, False Start (-5 Yards) to the Alab 8"
401403854,2022,Alabama,home,55,False,us,them,2,10,4,False,False,False,"ALABAMA Penalty, Defensive Offside (5 Yards) to the Alab 29"
401403868,2022,Alabama,away,1,True,us,us,2,4,1,False,False,True,"ALABAMA Penalty, False Start (-5 Yards) to the Alab 10"
401403868,2022,Alabama,away,1,True,us,them,1,10,1,False,False,True,"ALABAMA Penalty, Defensive Offside (5 Yards) to the Alab 43"
401403868,2022,Alabama,away,1,True,us,them,3,2,1,False,False,True,"ALABAMA Penalty, Defensive Offside (5 Yards) to the Alab 35 for a 1ST down"
401403868,2022,Alabama,away,1,True,us,us,3,7,2,False,False,False,"ALABAMA Penalty, False Start (JC Latham) to the Alab 35"
401403868,2022,Alabama,away,1,True,us,us,4,20,2,False,False,False,"ALABAMA Penalty, False Start (Demouy Kennedy) to the Alab 34"
401403868,2022,Alabama,away,1,True,them,them,4,13,2,False,False,False,"TEXAS Penalty, False Start (-5 Yards) to the Texas 18"
401403868,2022,Alabama,away,1,True,us,them,2,5,2,False,False,False,"ALABAMA Penalty, Defensive Offside (Will Anderson Jr.) to the Texas 22 for a 1ST down"
401403868,2022,Alabama,away,1,True,them,them,1,10,2,False,False,False,"TEXAS Penalty, False Start (Cole Hutson) to the Texas 38"
401403880,2022,Alabama,home,56,False,us,us,1,10,1,False,False,True,"ALABAMA Penalty, Illegal Formation (-5 Yards) to the Alab 20"
401403880,2022,Alabama,home,56,False,them,them,2,1,2,False,False,False,"UL MONROE Penalty, False Start (-5 Yards) to the LaMon 26"
401403880,2022,Alabama,home,56,False,them,them,3,4,2,False,False,False,"UL MONROE Penalty, Offensive Holding (-10 Yards) to the LaMon 39"
401403880,2022,Alabama,home,56,False,us,us,1,10,4,False,False,True,"ALABAMA Penalty, Face Mask (15 yards) (-15 Yards) to the LaMon 35"
401403892,2022,Alabama,home,52,False,us,them,2,10,2,False,False,False,"ALABAMA Penalty, Defensive Offside (Tim Smith) to the Vandy 41"
401403892,2022,Alabama,home,52,False,us,us,1,10,3,False,False,True,"ALABAMA Penalty, False Start (Darrian Dalcourt) to the Vandy 17"
401403892,2022,Alabama,home,52,False,them,them,4,2,4,False,False,False,"VANDERBILT Penalty, False Start (-5 Yards) to the Vandy 37"
401403902,2022,Alabama,away,23,False,them,them,4,1,1,False,False,False,"ARKANSAS Penalty, Delay of Game (-4 Yards) to the Ark 30"
401403902,2022,Alabama,away,23,False,them,them,1,10,2,False,False,False,"ARKANSAS Penalty, False Start (-5 Yards) to the Ark 20"
401403902,2022,Alabama,away,23,False,us,us,1,10,2,False,False,True,"ALABAMA Penalty, Illegal Formation (-5 Yards) to the Alab 36"
401403902,2022,Alabama,away,23,False,them,us,3,3,2,False,False,True,"ARKANSAS Penalty, Defensive Holding (10 Yards) to the Ark 24 for a 1ST down"
401403902,2022,Alabama,away,23,False,us,us,1,10,2,False,False,True,"ALABAMA Penalty, Offensive Holding (Javion Cohen) to the Ark 24"
401403902,2022,Alabama,away,23,False,us,us,3,3,2,False,False,True,"ALABAMA Penalty, Offensive Pass Interference (-15 Yards) to the Ark 22"
401403902,2022,Alabama,away,23,False,us,them,1,10,3,False,False,True,"ALABAMA Penalty, Substitution Infraction (5 Yards) to the Alab 13"
401403902,2022,Alabama,away,23,False,us,us,3,10,4,False,False,True,"ALABAMA Penalty, False Start (-5 Yards) to the Alab 20"
401403902,2022,Alabama,away,23,False,them,us,1,0,4,False,False,True,"ARKANSAS Penalty, Defensive Offside (2 Yards) to the Ark 1"
401403902,2022,Alabama,away,23,False,them,them,2,10,4,False,False,True,"ARKANSAS Penalty, Ineligible Downfield on Pass (-5 Yards) to the Ark 20"
401403902,2022,Alabama,away,23,False,us,them,2,8,4,False,False,True,"ALABAMA Penalty, Defensive Pass Interference (15 Yards) to the Alab 32 for a 1ST down"
401403909,2022,Alabama,home,4,True,them,us,3,4,2,False,False,True,"TEXAS A&M Penalty, Defensive Offside (5 Yards) to the Alab 40 for a 1ST down"
401403909,2022,Alabama,home,4,True,us,us,3,8,2,False,False,True,"ALABAMA Penalty, Unsportsmanlike Conduct (JC Latham) to the Alab 20"
401403909,2022,Alabama,home,4,True,us,them,4,12,2,False,False,False,"ALABAMA Penalty, Defensive Offside (5 Yards) to the TexAM 33"
401403909,2022,Alabama,home,4,True,them,us,1,10,3,False,False,True,"TEXAS A&M Penalty, Personal Foul (Denver Harris) to the TexAM 32 for a 1ST down"
401403909,2022,Alabama,home,4,True,them,us,3,10,3,False,False,False,"TEXAS A&M Penalty, Defensive Offside (5 Yards) to the Alab 45"
401403909,2022,Alabama,home,4,True,them,us,4,4,4,False,False,False,"TEXAS A&M Penalty, 12 Men on the Field (5 Yards) to the 50 yard line for a 1ST down"
401403909,2022,Alabama,home,4,True,them,them,1,10,4,False,False,True,"TEXAS A&M Penalty, False Start (-5 Yards) to the Alab 37"
401403909,2022,Alabama,home,4,True,them,them,4,8,4,False,False,True,"TEXAS A&M Penalty, False Start (-5 Yards) to the Alab 22"
401403909,2022,Alabama,home,4,True,them,them,4,13,4,False,False,True,"TEXAS A&M Penalty, False Start (-5 Yards) to the Alab 27"
401403909,2022,Alabama,home,4,True,us,them,1,10,4,False,False,False,"ALABAMA Penalty, Defensive Holding (10 Yards) to the Alab 27 for a 1ST down"
401403909,2022,Alabama,home,4,True,us,them,3,10,4,False,False,False,"ALABAMA Penalty, Defensive Pass Interference (13 Yards) to the Alab 2 for a 1ST down"
401403921,2022,Alabama,away,-3,True,us,us,1,17,1,False,False,False,"ALABAMA Penalty, False Start (Jahmyr Gibbs) to the Alab 4"
401403921,2022,Alabama,away,-3,True,us,us,3,20,1,False,False,False,"ALABAMA Penalty, Delay of Game (-2 Yards) to the Alab 2"
401403921,2022,Alabama,away,-3,True,them,them,1,10,2,False,False,False,"TENNESSEE Penalty, False Start (Gerald Mincey) to the Tenn 44"
401403921,2022,Alabama,away,-3,True,us,them,3,13,3,False,False,False,"ALABAMA Penalty, Defensive Offside (Jah-Marien Latham) to the Alab 48"
401403921,2022,Alabama,away,-3,True,us,us,1,0,3,False,False,True,"ALABAMA Penalty, False Start (JC Latham) to the Tenn 15"
401403921,2022,Alabama,away,-3,True,them,us,3,0,3,False,False,True,"TENNESSEE Penalty, Defensive Offside (Jeremy Banks) to the Tenn 1"
401403921,2022,Alabama,away,-3,True,us,us,3,0,3,False,False,True,"ALABAMA Penalty, Delay of Game (-5 Yards) to the Tenn 16"
401403921,2022,Alabama,away,-3,True,us,us,3,8,3,False,False,False,"ALABAMA Penalty, False Start (Cameron Latu) to the Tenn 43"
401403921,2022,Alabama,away,-3,True,them,them,4,1,4,False,False,True,"TENNESSEE Penalty, False Start (-4 Yards) to the Alab 28"
401403921,2022,Alabama,away,-3,True,us,us,2,10,4,False,False,False,"ALABAMA Penalty, False Start (Traeshon Holden) to the Alab 20"
401403922,2022,Alabama,home,24,False,us,us,4,5,1,False,False,False,"ALABAMA Penalty, Illegal Formation (-5 Yards) to the Alab 22"
401403934,2022,Alabama,away,-1,True,them,them,1,10,1,False,False,False,"Daniels, Jayden rush for 9 yards to the ALABAMA37, PENALTY LSU holding 10 yards to the LSU44, NO PLAY."
401403934,2022,Alabama,away,-1,True,us,us,3,10,1,False,False,False,"ALABAMA Penalty, False Start (-5 Yards) to the Alab 6"
401403934,2022,Alabama,away,-1,True,them,them,3,0,3,False,False,True,"LSU Penalty, False Start (-5 Yards) to the Alab 8"
401403934,2022,Alabama,away,-1,True,us,us,4,8,3,False,False,False,"ALABAMA Penalty, False Start (-6 Yards) to the Alab 21"
401403934,2022,Alabama,away,-1,True,them,them,1,10,3,False,False,False,"LSU Penalty, False Start (-5 Yards) to the LSU 15"
401403934,2022,Alabama,away,-1,True,them,us,3,10,4,False,False,True,"Young, Bryce pass sacked for loss of 5 yards to the LSU36 (Wingo, Mekhi;Ojulari, BJ), PENALTY LSU face mask 15 yards to the LSU16, NO PLAY, 1ST DOWN ALABAMA."
401403934,2022,Alabama,away,-1,True,them,us,3,4,5,False,False,True,"Young, Bryce pass incomplete to Brooks, Ja'Corey, PENALTY LSU pass interference 4 yards to the LSU2, NO PLAY, 1ST DOWN ALABAMA."
401403943,2022,Alabama,away,6,True,them,them,3,3,1,False,False,False,"OLE MISS Penalty, False Start (-5 Yards) to the Alab 18"
401403943,2022,Alabama,away,6,True,them,them,1,1,1,False,False,True,"OLE MISS Penalty, False Start (Quinshon Judkins) to the Alab 6"
401403943,2022,Alabama,away,6,True,them,us,2,6,2,False,False,True,"OLE MISS Penalty, Personal Foul (15 Yards) to the Miss 19 for a 1ST down"
401403943,2022,Alabama,away,6,True,us,us,1,10,2,False,False,False,"DART, Jaxson pass to the right incomplete intended for HEATH, Malik broken up by ARNOLD, Terrion at the ALA31. PENALTY ALA Pass Interference on ARNOLD, Terrion "
401403943,2022,Alabama,away,6,True,us,us,3,3,2,False,False,True,"ALABAMA Penalty, Delay Of Game (Jahmyr Gibbs) to the Miss 8"
401403943,2022,Alabama,away,6,True,us,them,3,18,3,False,False,True,"DART, Jaxson sacked for a loss of 1 yard at the ALA46 (TURNER, Dallas). PENALTY ALA Face mask on TURNER, Dallas enforced 15 yards from the ALA45 to the ALA30 an"
401403943,2022,Alabama,away,6,True,us,us,1,10,3,False,False,True,"YOUNG, Bryce pass to the right complete for 10 yards to LATU, Cameron caught at the OLE35 and advanced to the OLE22 (BROWN, Troy). PENALTY ALA Holding on LATHAM"
401403943,2022,Alabama,away,6,True,them,them,1,10,3,False,False,False,"OLE MISS Penalty, Offensive Holding (Jordan Watkins) to the Miss 24"
401403943,2022,Alabama,away,6,True,us,us,2,16,4,False,False,False,"YOUNG, Bryce pass to the left complete for 12 yards to BROOKS, Ja'Corey caught at the ALA47 and advanced to the ALA47 (BATTLE, Miles), out of bounds. PENALTY AL"
401403943,2022,Alabama,away,6,True,them,us,1,10,4,False,False,True,"OLE MISS Penalty, Offsides (Otis Reese) to the Miss 40"
401403946,2022,Alabama,home,34,False,us,us,1,10,1,False,False,True,"ALABAMA Penalty, Illegal Formation (-5 Yards) to the Alab 22"
401403946,2022,Alabama,home,34,False,us,them,4,2,4,False,False,False,"ALABAMA Penalty, Defensive Offside (5 Yards) to the Alab 37 for a 1ST down"
401403957,2022,Alabama,home,22,False,them,them,1,10,1,False,False,False,"AUBURN Penalty, False Start (Kilian Zierer) to the Aub 16"
401403957,2022,Alabama,home,22,False,them,them,4,10,1,False,False,False,"AUBURN Penalty, False Start (Derick Hall) to the Aub 20"
401403957,2022,Alabama,home,22,False,them,them,1,10,2,False,False,True,"AUBURN Penalty, False Start (-5 Yards) to the Aub 20"
401403957,2022,Alabama,home,22,False,them,them,1,10,2,False,False,False,"AUBURN Penalty, False Start (Kameron Stutts) to the Aub 28"
401403957,2022,Alabama,home,22,False,them,them,1,15,2,False,False,False,"AUBURN Penalty, False Start (Keiondre Jones) to the Aub 23"
401403957,2022,Alabama,home,22,False,them,them,2,10,4,False,False,True,"AUBURN Penalty, False Start (Tank Bigsby) to the Alab 36"
401403957,2022,Alabama,home,22,False,us,them,1,10,4,False,False,True,"ALABAMA Penalty, Defensive Offside (Will Anderson Jr.) to the Alab 6"
401403957,2022,Alabama,home,22,False,them,them,4,9,4,False,False,True,"AUBURN Penalty, Delay of Game (-5 Yards) to the Alab 15"
401403957,2022,Alabama,home,22,False,us,them,4,8,4,False,False,True,"ALABAMA Penalty, Illegal Participation (5 Yards) to the Aub 25"
401403957,2022,Alabama,home,22,False,them,them,4,23,4,False,False,False,"AUBURN Penalty, Delay of Game (-5 Yards) to the Aub 35"
401442018,2022,Alabama,away,25,False,us,us,2,9,2,False,False,True,"ALABAMA Penalty, Offensive Offside (-5 Yards) to the Alab 30"
401442018,2022,Alabama,away,25,False,us,them,3,11,2,False,False,False,"ALABAMA Penalty, Personal Foul (15 Yards) to the Alab 40 for a 1ST down"
401442018,2022,Alabama,away,25,False,us,them,3,10,3,False,False,True,"ALABAMA Penalty, Defensive Offside (5 Yards) to the Alab 10"
401442018,2022,Alabama,away,25,False,us,us,2,8,3,False,False,False,"ALABAMA Penalty, Offensive Holding (Tyler Booker) to the Alab 40"
401520149,2023,Alabama,home,49,False,us,them,1,10,2,False,False,False,"(09:43) No Huddle-Shotgun Vattiato,Nicholas pass incomplete short right to England-Chisolm,DJ PENALTY ALA Roughing The Passer (Oatis,Jaheim) 9 yards from ALA18 "
401520183,2023,Alabama,home,-10,False,them,them,4,6,1,False,False,False,"Texas Penalty, Delay of Game (TEAM) to the ALA 48"
401520183,2023,Alabama,home,-10,False,us,us,3,13,2,False,False,True,"Alabama Penalty, Illegal Motion (Seth McLaughlin) to the TEX 25"
401520183,2023,Alabama,home,-10,False,us,us,2,17,3,False,False,True,"Alabama Penalty, Illegal Motion (Seth McLaughlin) to the TEX 47"
401520183,2023,Alabama,home,-10,False,us,us,3,10,3,False,False,False,"Alabama Penalty, False Start (JC Latham) to the ALA 19"
401520183,2023,Alabama,home,-10,False,us,them,4,3,4,False,False,False,"Alabama Penalty, Defensive Offside (Trezmen Marshall) to the ALA 30 for a 1ST down"
401520244,2023,Alabama,away,14,False,us,them,4,6,2,False,False,False,"Alabama Penalty, Defensive Offside (Dallas Turner) to the ALA 30"
401520244,2023,Alabama,away,14,False,them,them,3,10,2,False,False,False,"South Florida Penalty, Offensive Holding (Derek Bowman) to the ALA 38"
401520244,2023,Alabama,away,14,False,them,them,3,5,3,False,False,False,"South Florida Penalty, False Start (Donovan Jennings) to the USF 44"
401520244,2023,Alabama,away,14,False,us,us,3,5,3,False,False,False,"Alabama Penalty, False Start (Amari Niblack) to the 50 yard line"
401520244,2023,Alabama,away,14,False,them,us,3,5,3,False,False,False,"South Florida Penalty, Defensive Offside (Aamaris Brown) to the ALA 32 for a 1ST down"
401520244,2023,Alabama,away,14,False,us,us,4,4,4,False,False,False,"Alabama Penalty, Delay of Game (-5 Yards) to the ALA 33"
401520244,2023,Alabama,away,14,False,them,us,4,2,4,False,False,True,"South Florida Penalty, Defensive Offside (DJ Gordon IV) to the USF 16 for a 1ST down"
401520250,2023,Alabama,home,14,False,us,us,4,7,1,False,False,False,PENALTY ALA Delay Of Game 5 yards from ALA28 to ALA23. NO PLAY.
401520250,2023,Alabama,home,14,False,us,us,2,16,2,False,False,False,"(02:28) No Huddle-Shotgun Milroe,Jalen pass complete short left to Niblack,Amari for 27 yards to the ALA50 (Young,Isheem) PENALTY ALA Illegal Shift 5 yards from"
401520250,2023,Alabama,home,14,False,them,us,1,10,3,False,False,True,"Ole Miss Penalty, Defensive Holding (10 Yards) to the MISS 20"
401520250,2023,Alabama,home,14,False,them,them,2,18,3,False,False,True,"Ole Miss Penalty, Offensive Holding (-10 Yards) to the ALA 42"
401520250,2023,Alabama,home,14,False,them,them,3,11,4,True,False,False,"Ole Miss Penalty, Holding Holding ( Yards) declined"
401520250,2023,Alabama,home,14,False,us,us,1,10,4,False,False,False,"(10:34) No Huddle-Shotgun McClellan,Jase rush right for 1 yard gain to the ALA30 (Prince,Deantre) PENALTY ALA Holding (Dalcourt,Darrian) 10 yards from ALA29 to "
401520285,2023,Alabama,away,23,False,them,them,3,1,2,False,False,True,"Mississippi State Penalty, False Start (-5 Yards) to the ALA 44"
401520285,2023,Alabama,away,23,False,us,us,3,1,2,False,False,True,"Alabama Penalty, False Start (-5 Yards) to the ALA 39"
401520285,2023,Alabama,away,23,False,us,us,3,6,4,False,False,True,"Alabama Penalty, False Start (-5 Yards) to the MSST 22"
401520285,2023,Alabama,away,23,False,them,us,4,11,4,False,False,True,"Mississippi State Penalty, Defensive Offside (5 Yards) to the MSST 30"
401520316,2023,Alabama,home,3,True,us,us,2,10,1,False,False,False,"Alabama Penalty, Illegal Formation (-5 Yards) to the ALA 20"
401520316,2023,Alabama,home,3,True,them,them,1,10,3,False,False,True,"Arkansas Penalty, Illegal Motion (-5 Yards) to the ARK 18"
401520316,2023,Alabama,home,3,True,us,them,3,5,3,False,False,True,"Alabama Penalty, Defensive Pass Interference (Caleb Downs) to the ALA 5 for a 1ST down"
401520316,2023,Alabama,home,3,True,us,us,1,10,4,False,False,False,"Alabama Penalty, False Start (Ja'Corey Brooks) to the ALA 41"
401520316,2023,Alabama,home,3,True,us,us,1,10,4,False,False,False,"Alabama Penalty, False Start (Jase McClellan) to the ARK 35"
401520333,2023,Alabama,home,14,False,us,us,1,10,3,False,False,True,"PENALTY ALA Illegal Snap (McLaughlin,Seth) 5 yards from TEN45 to TEN50. NO PLAY."
401520362,2023,Alabama,home,14,False,us,them,1,10,1,False,False,True,"(11:31) No Huddle-Shotgun Daniels,Jayden pass incomplete short right to Nabers,Malik broken up by Moore,Malachi PENALTY ALA Personal Foul (Turner,Dallas) 15 yar"
401520362,2023,Alabama,home,14,False,them,them,2,7,1,False,False,False,"(05:56) PENALTY LSU False Start (Lacy,Kyren) 5 yards from ALA48 to LSU47. NO PLAY."
401520362,2023,Alabama,home,14,False,us,us,1,10,2,False,False,False,"(09:04) PENALTY ALA False Start (Dippre,CJ) 5 yards from LSU27 to LSU32. NO PLAY."
401520362,2023,Alabama,home,14,False,us,them,1,10,2,False,False,True,"PENALTY ALA Offside (Keenan III,Tim) 5 yards from ALA24 to ALA19. NO PLAY."
401520362,2023,Alabama,home,14,False,us,us,3,6,2,False,False,True,"PENALTY ALA False Start (Booker,Tyler) 5 yards from LSU28 to LSU33. NO PLAY."
401520362,2023,Alabama,home,14,False,them,them,1,10,2,False,False,True,"PENALTY LSU Illegal Snap (Turner III,Charles) 5 yards from ALA34 to ALA39. NO PLAY."
401520362,2023,Alabama,home,14,False,them,them,1,15,2,False,False,True,"LSU Penalty, Personal Foul (-15 Yards) to the ALA 26"
401520362,2023,Alabama,home,14,False,them,them,2,7,3,False,False,False,"(05:16) No Huddle-Shotgun Daniels,Jayden rush right for 25 yards gain to the ALA35 (Moore,Malachi) PENALTY LSU Holding (Campbell,Will) 10 yards from LSU40 to LS"
401520362,2023,Alabama,home,14,False,them,them,2,3,3,False,False,False,"PENALTY LSU Illegal Snap (Turner III,Charles) 5 yards from LSU32 to LSU27. NO PLAY."
401520362,2023,Alabama,home,14,False,us,us,1,10,4,False,False,True,"PENALTY ALA False Start (McLaughlin,Seth) 5 yards from LSU25 to LSU30. NO PLAY."
401520362,2023,Alabama,home,14,False,them,us,3,5,4,False,False,True,"No Huddle-Shotgun Milroe,Jalen rush right for 4 yards loss to the LSU24 (Perkins Jr.,Harold) PENALTY LSU Horse Collar Tackle (Perkins Jr.,Harold) 10 yards from "
401520362,2023,Alabama,home,14,False,us,them,1,10,4,False,False,False,"(13:01) No Huddle-Shotgun Daniels,Jayden pass incomplete deep left to Nabers,Malik PENALTY ALA Roughing The Passer (Turner,Dallas) 15 yards from LSU25 to LSU40,"
401520362,2023,Alabama,home,14,False,them,them,2,5,4,False,False,False,"(12:21) PENALTY LSU False Start (Jones Jr.,Emery) 5 yards from LSU45 to LSU40. NO PLAY."
401520362,2023,Alabama,home,14,False,them,them,4,10,4,False,False,False,"PENALTY LSU Illegal Snap (Turner III,Charles) 5 yards from LSU40 to LSU35. NO PLAY."
401520386,2023,Alabama,away,28,False,them,them,2,10,1,False,False,False,"Kentucky Penalty, False Start (-5 Yards) to the UK 20"
401520386,2023,Alabama,away,28,False,us,them,3,5,1,False,False,True,"(02:08) LEARY, Devin pass deep to the left incomplete intended for BROWN, Barion thrown to the ALA0, clock 02:01. PENALTY ALA Pass Interference on DOWNS, Caleb "
401520386,2023,Alabama,away,28,False,us,us,2,10,1,False,False,False,"MILROE, Jalen pass short to the right complete for 6 yards to BENSON, Malik caught at the ALA30 and advanced to the ALA30 (JACKSON, D'Eryk;LOVETT, Jordan), cloc"
401520386,2023,Alabama,away,28,False,us,us,2,6,2,False,False,True,"QB Keeper MILROE, Jalen rush to the right for a gain of 7 yards to the UKY9, out of bounds. PENALTY ALA Holding on LATHAM, JC enforced 10 yards from the UKY16 t"
401520386,2023,Alabama,away,28,False,us,them,2,10,2,False,False,False,"Alabama Penalty, Offsides (Dallas Turner) to the ALA 47"
401520386,2023,Alabama,away,28,False,them,them,3,3,2,False,False,False,"Kentucky Penalty, False Start (-5 Yards) to the 50 yard line"
401520386,2023,Alabama,away,28,False,us,them,3,10,3,False,False,True,"(13:57) LEARY, Devin pass to the left incomplete intended for BROWN, Barion thrown to the UKY47, clock 13:55. PENALTY ALA Roughing the Passer on LATHAM, Jah-Mar"
401520386,2023,Alabama,away,28,False,us,us,3,12,3,False,False,True,"Alabama Penalty, Illegal Substitution (TEAM) to the UK 45"
401520386,2023,Alabama,away,28,False,them,us,1,6,4,False,False,True,"Kentucky Penalty, Defensive Holding (Jalen Geiger) to the UK 3 for a 1ST down"
401520386,2023,Alabama,away,28,False,us,us,4,3,4,False,False,False,"SIMPSON, Ty pass to the left complete for 20 yards to KITSELMAN, Miles caught at the UKY25 and advanced to the UKY17 (BRYANT, Ty). PENALTY ALA Pass Interference"
401520401,2023,Alabama,home,56,False,us,them,2,6,1,False,False,False,"(08:45) No Huddle-Shotgun Schomburg,Luke sacked for loss of 9 yards to the UTC20 (Braswell,Chris) PENALTY ALA Targeting (Braswell,Chris) 15 yards from UTC29 to "
401520401,2023,Alabama,home,56,False,them,us,3,8,2,False,False,True,"PENALTY UTC Offside (Jones,Jamarr) 5 yards from UTC30 to UTC25. NO PLAY."
401520401,2023,Alabama,home,56,False,us,us,1,10,3,False,False,True,"PENALTY ALA Illegal Snap (McLaughlin,Seth) 5 yards from UTC27 to UTC32. NO PLAY."
401520401,2023,Alabama,home,56,False,them,them,2,8,3,False,False,True,"(06:40) No Huddle-Shotgun Schomburg,Luke pass complete short right to Phillips,Sam for 8 yards to the UTC49 (Smith,DeVonta) PENALTY UTC Ineligible Downfield on "
401520401,2023,Alabama,home,56,False,them,them,3,7,4,False,False,False,"(15:00) PENALTY UTC False Start (Crim,Almarion) 5 yards from ALA45 to ALA50. NO PLAY."
401520401,2023,Alabama,home,56,False,us,us,3,4,4,False,False,True,"PENALTY ALA False Start (McVay,Miles) 5 yards from ALA26 to ALA21. NO PLAY."
401520401,2023,Alabama,home,56,False,them,them,4,8,4,False,False,False,"PENALTY UTC False Start (Adams,D.J.) 5 yards from UTC25 to UTC20. NO PLAY."
401520401,2023,Alabama,home,56,False,them,them,4,13,4,False,False,False,"PENALTY UTC False Start (Brown,Kameron) 5 yards from UTC20 to UTC15. NO PLAY."
401520427,2023,Alabama,away,3,True,them,them,3,10,1,False,False,False,"Auburn Penalty, False Start (-5 Yards) to the AUB 19"
401520427,2023,Alabama,away,3,True,them,them,3,15,1,False,False,False,"Auburn Penalty, turnover on downs. PENALTY Illegal Forward Pass on THORNE, Payton enforced (-5 Yards) to the AUB 15"
401520427,2023,Alabama,away,3,True,us,us,1,10,1,False,False,True,"Alabama Penalty, Personal Foul (-15 Yards) to the ALA 43"
401520427,2023,Alabama,away,3,True,us,us,4,1,1,False,False,False,"LAW, Kendrick rush to the left for a gain of 40 yards to the AU0, TOUCHDOWN ALA, score nullified by penalty, clock 07:21 (Play was confirmed after review). PENA"
401520427,2023,Alabama,away,3,True,us,us,4,2,2,False,False,False,"Alabama Penalty, Delay Of Game (James Burnip) to the ALA 28"
401520427,2023,Alabama,away,3,True,us,us,3,3,3,False,False,False,"Alabama Penalty, Personal Foul (-15 Yards) to the AUB 24"
401520427,2023,Alabama,away,3,True,us,them,4,2,4,False,False,True,"THORNE, Payton pass deep to the left incomplete intended for JOHNSON JR., Malcolm thrown to the ALA2, clock 13:14. PENALTY ALA Offsides on TURNER, Dallas enforc"
401520427,2023,Alabama,away,3,True,us,us,3,26,4,False,False,True,"Alabama Penalty, Illegal Forward Pass on MILROE, Jalen enforced (-5 Yards) to the AUB 31"
401539483,2023,Alabama,home,3,True,them,them,4,17,2,False,False,False,"Georgia Penalty, False Start (Jared Wilson) to the ALA 31"
401539483,2023,Alabama,home,3,True,them,them,1,10,3,False,False,False,"Georgia Penalty, False Start (Brock Bowers) to the UGA 17"
401628319,2024,Alabama,home,63,False,us,them,1,10,1,False,False,False,"Young, Elijah rush for 2 yards to the WESTERNKY40, PENALTY ALA substitution infraction 5 yards to the WESTERNKY43, NO PLAY, 1ST DOWN WESTERNKY."
401628319,2024,Alabama,home,63,False,us,them,3,4,1,False,False,False,"Finley, TJ pass incomplete to Childress, Bryce, PENALTY ALA pass interference (Morgan, Red) 15 yards to the ALA36, NO PLAY, 1ST DOWN WESTERNKY."
401628319,2024,Alabama,home,63,False,us,us,2,2,1,False,False,True,"Alabama Penalty, False Start (Tyler Booker) to the ALA 22"
401628319,2024,Alabama,home,63,False,them,them,2,3,2,False,False,False,"Western Kentucky Penalty, False Start (Blake Austin) to the ALA 18"
401628319,2024,Alabama,home,63,False,us,us,1,10,2,False,False,True,"Miller, Jam rush for 12 yards to the ALA32, PENALTY ALA holding (Roberts, Jaeden) 10 yards to the ALA10, NO PLAY."
401628319,2024,Alabama,home,63,False,us,us,4,1,3,False,False,False,"Alabama Penalty, Delay of Game (-5 Yards) to the ALA 29"
401628335,2024,Alabama,home,26,False,them,them,3,8,1,False,False,True,"South Florida Penalty, False Start (Mike Lofton) to the ALA 15"
401628335,2024,Alabama,home,26,False,us,us,2,6,1,False,False,False,"Alabama Penalty, False Start (Tyler Booker) to the ALA 13"
401628335,2024,Alabama,home,26,False,us,us,2,7,2,False,False,False,"Milroe, Jalen rush for 4 yards to the ALA27, PENALTY ALA holding 10 yards to the ALA13, NO PLAY."
401628335,2024,Alabama,home,26,False,us,us,2,10,2,False,False,False,"Milroe, Jalen pass complete to Bernard, Germie for 20 yards to the SOUFLA45, PENALTY ALA holding (Montgomery, Roq) 10 yards to the ALA25, NO PLAY."
401628335,2024,Alabama,home,26,False,us,us,2,1,2,False,False,True,"Alabama Penalty, False Start (Geno VanDeMark) to the USF 36"
401628335,2024,Alabama,home,26,False,us,us,2,10,2,False,False,False,"Milroe, Jalen rush for 74 yards to the SOUFLA0, PENALTY ALA holding (Formby, Wilkin) 10 yards to the ALA16, NO PLAY."
401628335,2024,Alabama,home,26,False,them,them,3,7,2,False,False,False,"South Florida Penalty, False Start (Derek Bowman) to the USF 46"
401628335,2024,Alabama,home,26,False,them,them,4,3,2,False,False,False,"South Florida Penalty, Delay of Game (-5 Yards) to the 50 yard line"
401628335,2024,Alabama,home,26,False,them,them,1,0,3,False,False,True,"South Florida Penalty, False Start (Jack Wilty) to the ALA 8"
401628335,2024,Alabama,home,26,False,us,us,1,10,3,False,False,False,"Milroe, Jalen pass incomplete, PENALTY ALA holding (Formby, Wilkin) 10 yards to the SOUFLA40, NO PLAY."
401628350,2024,Alabama,away,32,False,us,them,3,7,1,False,False,True,"(11:00) VAN DYKE, Tyler scrambles to the right for a gain of 5 yards to the ALA45 (KOHT, Keanu), clock 11:01. PENALTY ALA Holding on JACKSON, Domani enforced 15"
401628350,2024,Alabama,away,32,False,us,them,1,10,2,False,False,False,"Alabama Penalty, False Start (-5 Yards) to the ALA 31"
401628350,2024,Alabama,away,32,False,them,us,3,6,2,False,False,True,"(09:45) MILROE, Jalen pass to the right incomplete intended for WILLIAMS, Ryan thrown to the WIS0, clock 09:50. PENALTY WIS Offsides on HILLS, Elijah enforced h"
401628350,2024,Alabama,away,32,False,us,them,3,2,2,True,False,False,"(03:08) LOCKE, Braedyn pass deep to the right incomplete intended for GREEN, Bryson thrown to the WIS45, clock 03:11. PENALTY ALA Offsides on SMITH, Tim decline"
401628350,2024,Alabama,away,32,False,them,them,1,10,3,False,False,True,"(09:44) WALKER, Tawee rush to the left for a gain of 7 yards to the ALA36 (JEFFERSON, Justin), clock 09:36. PENALTY WIS Holding on RENFRO, Jake enforced 10 yard"
401628350,2024,Alabama,away,32,False,them,them,1,10,3,False,False,False,"Wisconsin Penalty, False Start (Tucker Ashcraft) to the WIS 15"
401628350,2024,Alabama,away,32,False,them,them,1,10,3,False,False,False,"(00:20) LOCKE, Braedyn pass deep to the left incomplete intended for KEKAHUNA, Trech thrown to the ALA24, clock 00:23. PENALTY WIS Ineligible Receiver Downfield"
401628350,2024,Alabama,away,32,False,us,us,2,9,4,False,False,False,"Alabama Penalty, False Start (Tyler Booker) to the WIS 43"
401628374,2024,Alabama,home,7,True,us,us,2,2,1,False,False,True,"(14:30) No Huddle-Shotgun Milroe,Jalen pass complete short left to Bernard,Germie caught at ALA35, for 1 yard loss to the ALA37 (Jackson,Dan) PENALTY ALA Illega"
401628374,2024,Alabama,home,7,True,us,us,2,2,1,False,False,True,"Alabama Penalty, Illegal Formation (-5 Yards) to the ALA 33"
401628374,2024,Alabama,home,7,True,them,us,3,7,1,False,False,True,"Georgia Penalty, Defensive Offside (5 Yards) to the ALA 38"
401628374,2024,Alabama,home,7,True,them,us,3,7,1,False,False,True,"Georgia Penalty, Defensive Offside (5 Yards) to the ALA 38"
401628374,2024,Alabama,home,7,True,us,us,1,10,1,False,False,True,"Alabama Penalty, Offensive Holding (-10 Yards) to the UGA 25"
401628374,2024,Alabama,home,7,True,us,us,1,2,1,False,False,True,"Alabama Penalty, False Start (-5 Yards) to the UGA 7"
401628374,2024,Alabama,home,7,True,them,them,3,6,1,False,False,False,"Georgia Penalty, Offensive Pass Interference (Dominic Lovett) to the UGA 24"
401628374,2024,Alabama,home,7,True,us,us,4,13,2,False,False,False,"Alabama Penalty, Delay of Game (-5 Yards) to the ALA 47"
401628374,2024,Alabama,home,7,True,us,them,1,10,3,False,False,False,"Alabama Penalty, Unsportsmanlike Conduct (15 Yards) to the ALA 20"
401628374,2024,Alabama,home,7,True,them,them,2,6,3,False,False,True,"Georgia Penalty, False Start (Xavier Truss) to the UGA 29"
401628374,2024,Alabama,home,7,True,us,them,4,5,3,False,False,True,"Alabama Penalty, Defensive Pass Interference (10 Yards) to the ALA 44 for a 1ST down"
401628374,2024,Alabama,home,7,True,us,them,4,3,4,False,False,True,"Alabama Penalty, Defensive Holding (10 Yards) to the UGA 37 for a 1ST down"
401628374,2024,Alabama,home,7,True,us,us,4,11,4,False,False,False,"Alabama Penalty, False Start (-5 Yards) to the ALA 38"
401628384,2024,Alabama,away,-5,True,us,them,4,4,1,False,False,True,"Alabama Penalty, Illegal Substitution (Malachi Moore) to the ALA 47 for a 1ST down"
401628384,2024,Alabama,away,-5,True,us,them,3,8,2,False,False,True,"Alabama Penalty, Face mask (15 yards) (Jihaad Campbell) to the ALA 22 for a 1ST down"
401628384,2024,Alabama,away,-5,True,them,them,3,9,2,False,False,True,"Vanderbilt Penalty, False Start (-5 Yards) to the ALA 32"
401628384,2024,Alabama,away,-5,True,them,them,2,10,2,False,False,False,"Vanderbilt Penalty, Delay Of Game (-5 Yards) to the ALA 44"
401628384,2024,Alabama,away,-5,True,us,us,3,9,3,False,False,False,"Alabama Penalty, Illegal Forward Pass (Jalen Milroe) to the ALA 3"
401628384,2024,Alabama,away,-5,True,us,us,3,2,3,False,False,True,"Alabama Penalty, False Start (Parker Brailsford) to the ALA 42"
401628384,2024,Alabama,away,-5,True,us,them,2,11,4,False,False,False,"Alabama Penalty, Unsportsmanlike Conduct (Malachi Moore) to the ALA 27 for a 1ST down"
401628385,2024,Alabama,home,2,True,them,us,4,9,1,False,False,False,"Burnip, James punt 66 yards to the SC20, out-of-bounds, PENALTY SC roughing the kicker (Brown II, Maurice) 15 yards to the ALA29, NO PLAY, 1ST DOWN ALA."
401628385,2024,Alabama,home,2,True,us,us,1,10,1,False,False,False,"Milroe, Jalen pass complete to Dippre, CJ for 19 yards to the SC40, PENALTY ALA ineligible downfield on pass (Bernard, Germie) 5 yards to the ALA36, NO PLAY."
401628385,2024,Alabama,home,2,True,them,them,1,10,2,False,False,False,"South Carolina Penalty, False Start (Cason Henry) to the SC 7"
401628385,2024,Alabama,home,2,True,them,them,1,10,3,False,False,True,"South Carolina Penalty, False Start (Mazeo Bennett Jr.) to the SC 10"
401628385,2024,Alabama,home,2,True,us,them,1,10,4,False,False,False,"Sellers, LaNorris pass incomplete to Bennett Jr., Mazeo, PENALTY ALA pass interference (Moore, Malachi) 15 yards to the SC35, NO PLAY, 1ST DOWN SC."
401628385,2024,Alabama,home,2,True,them,us,1,10,4,False,False,True,"South Carolina Penalty, Delay of Game (Nick Barrett) to the SC 26"
401628385,2024,Alabama,home,2,True,them,them,1,10,4,False,False,False,"Adaway III, Oscar rush for 4 yards to the ALA24, PENALTY SC holding (Bell, Kamaar) 10 yards to the ALA38, NO PLAY."
401628385,2024,Alabama,home,2,True,us,them,2,10,4,False,False,True,"Sellers, LaNorris pass sacked for loss of 4 yards to the 50 yardline (Robinson, Que), PENALTY ALA face mask (Robinson, Que) 15 yards to the ALA31, NO PLAY, 1ST "
401628397,2024,Alabama,away,-7,True,us,us,2,11,1,False,False,False,"Alabama Penalty, False Start (Parker Brailsford) to the ALA 19"
401628397,2024,Alabama,away,-7,True,them,us,3,10,1,False,False,False,"Tennessee Penalty, Defensive Offside (Omarr Norman-Lott) to the ALA 41"
401628397,2024,Alabama,away,-7,True,us,us,2,11,1,False,False,False,"Alabama Penalty, False Start (Jaeden Roberts) to the 50 yard line"
401628397,2024,Alabama,away,-7,True,them,them,1,10,1,False,False,False,"Tennessee Penalty, Offensive Holding (John Campbell Jr.) to the TENN 44"
401628397,2024,Alabama,away,-7,True,us,them,3,13,1,False,False,False,"Alabama Penalty, Defensive Pass Interference (Jaylen Mbakwe) to the ALA 42 for a 1ST down"
401628397,2024,Alabama,away,-7,True,them,us,1,10,1,False,False,True,"Tennessee Penalty, Defensive Offside (Omari Thomas) to the TENN 46"
401628397,2024,Alabama,away,-7,True,them,us,3,12,2,False,False,True,"Tennessee Penalty, Defensive Pass Interference (Boo Carter) to the TENN 38 for a 1ST down"
401628397,2024,Alabama,away,-7,True,us,us,2,6,2,False,False,False,"Alabama Penalty, Offensive Holding (Kadyn Proctor) to the TENN 42"
401628397,2024,Alabama,away,-7,True,us,us,3,14,2,False,False,False,"Alabama Penalty, Delay of Game (-5 Yards) to the TENN 45"
401628397,2024,Alabama,away,-7,True,us,them,2,5,2,False,False,False,"Alabama Penalty, Defensive Offside (Jihaad Campbell) to the TENN 40 for a 1ST down"
401628397,2024,Alabama,away,-7,True,us,us,1,10,2,False,False,False,"Alabama Penalty, False Start (Kadyn Proctor) to the ALA 49"
401628397,2024,Alabama,away,-7,True,us,them,2,0,3,False,False,True,"Alabama Penalty, Defensive Pass Interference (Jihaad Campbell) to the ALA 2 for a 1ST down"
401628397,2024,Alabama,away,-7,True,them,us,2,10,3,False,False,True,"Tennessee Penalty, Defensive Pass Interference (Jermod McCoy) to the TENN 48 for a 1ST down"
401628397,2024,Alabama,away,-7,True,them,us,2,10,3,False,False,True,"Tennessee Penalty, Defensive Offside (Jayson Jenkins) to the TENN 43"
401628397,2024,Alabama,away,-7,True,us,them,1,10,3,False,False,True,"Alabama Penalty, Substitution Infraction (5 Yards) to the TENN 30"
401628397,2024,Alabama,away,-7,True,them,them,1,10,4,False,False,False,"Tennessee Penalty, Illegal Touching (Jourdan Thomas) to the 50 yard line"
401628397,2024,Alabama,away,-7,True,them,them,4,6,4,False,False,False,"Tennessee Penalty, Delay of Game (-5 Yards) to the ALA 46"
401628397,2024,Alabama,away,-7,True,us,them,3,5,4,False,False,True,"Alabama Penalty, Defensive Holding (10 Yards) to the ALA 39 for a 1ST down"
401628397,2024,Alabama,away,-7,True,us,us,4,7,4,False,False,False,"Alabama Penalty, Personal Foul (Kendrick Law) to the ALA 18"
401628400,2024,Alabama,home,34,False,them,us,3,1,1,False,False,True,"Missouri Penalty, Face Mask (15 yards) (15 Yards) to the ALA 45 for a 1ST down"
401628400,2024,Alabama,home,34,False,them,them,3,7,1,False,False,False,"Missouri Penalty, Delay of Game (-5 Yards) to the MIZ 17"
401628400,2024,Alabama,home,34,False,us,them,3,12,1,False,False,False,"Alabama Penalty, Unsportsmanlike Conduct (15 Yards) to the MIZ 32 for a 1ST down"
401628400,2024,Alabama,home,34,False,us,us,2,5,2,False,False,False,"Alabama Penalty, False Start (-5 Yards) to the ALA 9"
401628400,2024,Alabama,home,34,False,us,us,2,9,2,False,False,True,"Alabama Penalty, Offensive Holding (-10 Yards) to the MIZ 21"
401628400,2024,Alabama,home,34,False,them,us,4,10,3,False,False,False,"Missouri Penalty, Running Into Kicker (5 Yards) to the ALA 32"
401628400,2024,Alabama,home,34,False,us,us,4,5,3,False,False,False,"Alabama Penalty, Personal Foul (-15 Yards) to the ALA 17"
401628400,2024,Alabama,home,34,False,us,us,1,10,3,False,False,False,"Alabama Penalty, Personal Foul (-15 Yards) to the ALA 24"
401628400,2024,Alabama,home,34,False,them,us,1,10,4,False,False,True,"Missouri Penalty, Unsportsmanlike Conduct (15 Yards) to the 50 yard line"
401628400,2024,Alabama,home,34,False,them,us,1,10,4,False,False,False,"Missouri Penalty, Personal Foul (15 Yards) to the MIZ 20 for a 1ST down"
401628413,2024,Alabama,away,29,False,us,us,1,10,1,False,False,True,"Alabama Penalty, False Start (Kadyn Proctor) to the ALA 20"
401628413,2024,Alabama,away,29,False,them,us,2,10,1,False,False,True,"LSU Penalty, Defensive Offside (5 Yards) to the LSU 32"
401628413,2024,Alabama,away,29,False,us,us,3,3,2,False,False,False,"Alabama Penalty, False Start (Danny Lewis Jr.) to the LSU 34"
401628413,2024,Alabama,away,29,False,us,us,4,8,2,False,False,False,"Alabama Penalty, Delay of Game (-5 Yards) to the LSU 39"
401628413,2024,Alabama,away,29,False,us,them,1,10,2,False,False,True,"Alabama Penalty, Personal Foul (Tim Smith) to the ALA 21 for a 1ST down"
401628413,2024,Alabama,away,29,False,them,them,2,10,2,False,False,True,"LSU Penalty, Offensive Holding (Will Campbell) to the ALA 31"
401628413,2024,Alabama,away,29,False,them,them,1,10,2,False,False,False,"LSU Penalty, False Start (DJ Chester) to the ALA 47"
401628413,2024,Alabama,away,29,False,them,them,1,10,3,False,False,False,"LSU Penalty, Offensive Holding (Emery Jones Jr.) to the LSU 46"
401628413,2024,Alabama,away,29,False,them,us,3,8,3,False,False,True,"LSU Penalty, Face Mask (15 yards) (15 Yards) to the LSU 47 for a 1ST down"
401628413,2024,Alabama,away,29,False,them,them,4,20,3,False,False,False,"LSU Penalty, Delay of Game (-5 Yards) to the LSU 46"
401628413,2024,Alabama,away,29,False,us,them,1,10,4,False,False,False,"Alabama Penalty, Personal Foul (15 Yards) to the ALA 26 for a 1ST down"
401628413,2024,Alabama,away,29,False,them,us,3,8,4,False,False,True,"LSU Penalty, Unnecessary Roughness (Bradyn Swinson) to the LSU 30 for a 1ST down"
401628425,2024,Alabama,home,45,False,us,them,2,8,1,False,False,False,"Alabama Penalty, Horse Collar Tackle on RUSSAW, Qua enforced (Qua Russaw) to the MER 43 for a 1ST down"
401628425,2024,Alabama,home,45,False,us,them,3,9,1,False,False,False,"(12:18) NEWBAUER, Whitt pass to the left incomplete intended for WROBLE, Parker thrown to the ALA41, clock 12:15. PENALTY ALA Pass Interference on SMITH, DeVont"
401628425,2024,Alabama,home,45,False,them,them,1,10,1,False,False,False,"(08:29) MILROE, Jalen pass short up the middle incomplete intended for WILLIAMS, Ryan broken up by DOWLING, Isaac at the ALA20, clock 08:22. PENALTY MER Roughin"
401628425,2024,Alabama,home,45,False,us,us,1,10,1,False,False,True,"(06:28) HAYNES, Justice rush to the left for a loss of 1 yard to the MER42 (BLISS, Tommy), clock 06:29. PENALTY ALA Holding on PROCTOR, Kadyn enforced 10 yards "
401628425,2024,Alabama,home,45,False,them,them,1,10,1,False,False,False,"Mercer Penalty, False Start (-5 Yards) to the ALA 42"
401628425,2024,Alabama,home,45,False,us,us,1,10,3,False,False,True,"Alabama Penalty, False Start (Caleb Odom) to the ALA 45"
401628425,2024,Alabama,home,45,False,them,us,3,7,3,False,False,True,"(00:01) SIMPSON, Ty pass deep to the right incomplete intended for SCOTT, Rico thrown to the MER24, clock 00:00. PENALTY MER Offsides on DUDLEY, Brayden enforce"
401628425,2024,Alabama,home,45,False,us,us,1,10,4,False,False,True,"Alabama Penalty, Illegal Substitution (-5 Yards) to the MER 44"
401628433,2024,Alabama,away,-21,False,them,us,2,9,1,False,False,False,"Oklahoma Penalty, Defensive Offside (R Mason Thomas) to the ALA 31"
401628433,2024,Alabama,away,-21,False,us,us,1,10,1,False,False,True,"Alabama Penalty, Ineligible Downfield on Pass (Elijah Pritchett) to the ALA 16"
401628433,2024,Alabama,away,-21,False,them,us,3,13,2,False,False,False,"Oklahoma Penalty, Defensive Offside (5 Yards) to the ALA 44"
401628433,2024,Alabama,away,-21,False,us,us,1,10,2,False,False,False,"Alabama Penalty, Offensive Holding (-10 Yards) to the ALA 15"
401628433,2024,Alabama,away,-21,False,us,us,4,3,4,False,False,False,"Alabama Penalty, Illegal Touching (Ryan Williams) to the OU 41"
401628433,2024,Alabama,away,-21,False,them,them,4,5,4,False,False,False,"Oklahoma Penalty, False Start (-5 Yards) to the ALA 44"
401628433,2024,Alabama,away,-21,False,us,us,1,10,4,False,False,False,"Alabama Penalty, Offensive Holding (Jaeden Roberts) to the ALA 21"
401628433,2024,Alabama,away,-21,False,them,us,2,5,4,False,False,False,"Oklahoma Penalty, Delay of Game (Kobie McKinzie) to the OU 47 for a 1ST down"
401628437,2024,Alabama,home,14,False,them,them,2,3,1,False,False,False,"Auburn Penalty, False Start (Dillon Wade) to the ALA 23"
401628437,2024,Alabama,home,14,False,them,them,2,10,2,False,False,True,"Auburn Penalty, False Start (Bradyn Joiner) to the ALA 19"
401628437,2024,Alabama,home,14,False,them,them,4,0,2,False,False,True,"Auburn Penalty, Delay of Game (-5 Yards) to the ALA 7"
401628437,2024,Alabama,home,14,False,them,them,2,10,3,False,False,False,"Auburn Penalty, False Start (Izavion Miller) to the AUB 20"
401628437,2024,Alabama,home,14,False,them,them,1,10,3,False,False,True,"Auburn Penalty, Personal Foul (Micah Riley) to the AUB 13"
401628437,2024,Alabama,home,14,False,us,them,2,10,3,False,False,True,"Alabama Penalty, Unsportsmanlike Conduct (Malachi Moore) to the AUB 28 for a 1ST down"
401628437,2024,Alabama,home,14,False,us,us,1,10,4,False,False,False,"Alabama Penalty, Unsportsmanlike Conduct (Zabien Brown) to the ALA 3"
401628437,2024,Alabama,home,14,False,them,us,3,12,4,False,False,False,"Milroe, Jalen pass incomplete to Bernard, Germie, PENALTY AUB pass interference (Scott, Keionte) 14 yards to the ALA17, NO PLAY, 1ST DOWN ALA."
401752665,2025,Alabama,away,-14,False,us,us,3,2,1,False,False,True,"Alabama Penalty, Offensive Offside (Wilkin Formby) to the ALA 46"
401752665,2025,Alabama,away,-14,False,us,them,3,5,1,False,False,True,"Alabama Penalty, Defensive Holding (10 Yards) to the FSU 40 for a 1ST down"
401752665,2025,Alabama,away,-14,False,them,them,1,10,1,False,False,True,"Florida State Penalty, Offensive Holding (-10 Yards) to the FSU 42"
401752665,2025,Alabama,away,-14,False,us,us,3,8,2,False,False,False,"Alabama Penalty, False Start (-5 Yards) to the FSU 29"
401752665,2025,Alabama,away,-14,False,them,them,3,8,3,False,False,False,"Florida State Penalty, False Start (-5 Yards) to the FSU 24"
401752665,2025,Alabama,away,-14,False,us,us,2,6,3,False,False,True,"Alabama Penalty, Offensive Holding (-10 Yards) to the ALA 19"
401752665,2025,Alabama,away,-14,False,them,us,4,8,3,False,False,True,"Florida State Penalty, Defensive Holding (10 Yards) to the FSU 15 for a 1ST down"
401752665,2025,Alabama,away,-14,False,us,us,3,10,3,False,False,True,"Alabama Penalty, Delay of Game (-5 Yards) to the FSU 20"
401752665,2025,Alabama,away,-14,False,them,us,1,10,3,False,False,False,"Florida State Penalty, Defensive Pass Interference (15 Yards) to the FSU 31 for a 1ST down"
401752665,2025,Alabama,away,-14,False,us,them,3,10,4,False,False,True,"Alabama Penalty, Personal Foul (15 Yards) to the ALA 47 for a 1ST down"
401752665,2025,Alabama,away,-14,False,us,us,4,1,4,False,False,False,"Alabama Penalty, False Start (-5 Yards) to the ALA 29"
401752681,2025,Alabama,home,73,False,us,us,1,10,1,False,False,True,"PENALTY ALA False Start (Brailsford,Parker) 5 yards from ALA42 to ALA37. NO PLAY."
401752681,2025,Alabama,home,73,False,them,them,2,7,1,False,False,False,"(02:35) Shotgun Armenta,Aidan pass complete short right to McReynolds,Braylon caught at ULM25, for 3 yards loss to the ULM30 (Hill-Green,Nikhai; Russaw,Qua) PEN"
401752681,2025,Alabama,home,73,False,us,us,2,7,2,False,False,True,"(03:18) Shotgun Simpson,Ty pass complete deep middle to Bernard,Germie caught at ULM00, for 42 yards to the ULM00 TOUCHDOWN nullified by penalty, clock 03:10 PE"
401752681,2025,Alabama,home,73,False,us,us,2,6,2,False,False,True,"(00:39) Shotgun Simpson,Ty rush left for 19 yards gain to the ULM00 TOUCHDOWN nullified by penalty, clock 00:39 PENALTY ALA Holding (Brailsford,Parker) 10 yards"
401752681,2025,Alabama,home,73,False,us,us,2,2,4,False,False,True,"(01:56) No Huddle-Shotgun Russell,Keelon pass complete short middle to Mbakwe,Jaylen caught at ALA43, for 9 yards to the ULM43 (Fauntroy,Carl) PENALTY ALA Holdi"
401752696,2025,Alabama,home,24,False,them,them,3,4,1,False,False,False,"O'Neil, Danny pass complete to Brooks Jr., Chris for 7 yards to the 50 yardline, PENALTY WIS pass interference (Kekahuna, Trech) 15 yards to the WIS28, NO PLAY."
401752696,2025,Alabama,home,24,False,us,us,2,10,1,False,False,False,"Alabama Penalty, False Start (Josh Cuevas) to the ALA 33"
401752696,2025,Alabama,home,24,False,us,them,1,10,2,False,False,False,"Jones, Dilin rush for 1 yard to the 50 yardline, PENALTY ALA illegal procedure (TEAM) 5 yards to the ALA46, NO PLAY."
401752696,2025,Alabama,home,24,False,them,them,1,10,2,False,False,False,"Kekahuna, Trech rush for 3 yards to the ALA38, PENALTY WIS personal foul (Brunner, Joe) 15 yards to the WIS44, NO PLAY."
401752696,2025,Alabama,home,24,False,them,us,3,3,2,False,False,True,"Simpson, Ty pass complete to Bernard, Germie for 6 yards to the ALA26, PENALTY WIS holding (Agard, Omillio) 10 yards to the ALA30, NO PLAY, 1ST DOWN ALA."
401752696,2025,Alabama,home,24,False,us,us,1,10,3,False,False,True,"Alabama Penalty, Unsportsmanlike Conduct (Mal Waldrep Jr.) to the ALA 20"
401752696,2025,Alabama,home,24,False,them,them,3,3,3,False,False,False,"Wisconsin Penalty, Illegal Procedure (Jake Renfro) to the WIS 40"
401752696,2025,Alabama,home,24,False,them,us,3,2,3,False,False,True,"Simpson, Ty pass incomplete to Bernard, Germie, PENALTY WIS offside (Suggs, Jay'viar) 5 yards to the WIS21, NO PLAY, 1ST DOWN ALA."
401752696,2025,Alabama,home,24,False,us,us,4,7,4,False,False,False,"Alabama Penalty, False Start (TEAM) to the ALA 21"
401752696,2025,Alabama,home,24,False,us,us,3,1,4,False,False,False,"Dear, AK rush for 28 yards to the WIS38, PENALTY ALA illegal formation 5 yards to the ALA29, NO PLAY."
401752718,2025,Alabama,away,3,True,us,us,1,10,1,False,False,True,"Alabama Penalty, False Start (Jam Miller) to the UGA 28"
401752718,2025,Alabama,away,3,True,them,them,1,10,1,False,False,False,"Stockton, Gunner pass complete to Young, Colbie for 8 yards to the UGA23, PENALTY UGA ineligible downfield on pass (Hughley, Bo) 5 yards to the UGA10, NO PLAY."
401752718,2025,Alabama,away,3,True,us,them,4,0,2,False,False,True,"Stockton, Gunner pass complete to Bowens, Chauncey for 1 yard to the ALA1, PENALTY ALA holding 1 yards to the ALA1, NO PLAY, 1ST DOWN UGA."
401752718,2025,Alabama,away,3,True,them,us,1,10,2,False,False,True,"Simpson, Ty pass complete to Bernard, Germie for 4 yards to the UGA19, PENALTY UGA holding (Everette, Daylen) 10 yards to the UGA13, NO PLAY, 1ST DOWN ALA."
401752718,2025,Alabama,away,3,True,them,us,1,10,2,False,False,True,"Georgia Penalty, Personal Foul (Xzavier McLeod) to the 50 yard line"
401752718,2025,Alabama,away,3,True,them,us,2,6,3,False,False,False,"Riley, Kevin rush for 1 yard to the ALA30, PENALTY UGA personal foul (Johnson, Quintavius) 15 yards to the ALA44, NO PLAY, 1ST DOWN ALA."
401752718,2025,Alabama,away,3,True,us,us,1,10,4,False,False,False,"Alabama Penalty, False Start (Geno VanDeMark) to the UGA 48"
401752726,2025,Alabama,home,16,False,them,us,1,10,1,False,False,False,"Simpson, Ty pass incomplete to Bernard, Germie, PENALTY VAN personal foul 15 yards to the VAN49, NO PLAY, 1ST DOWN ALA."
401752726,2025,Alabama,home,16,False,us,us,2,10,1,False,False,False,"Riley, Kevin rush for 5 yards to the ALA29, PENALTY ALA holding 10 yards to the ALA14, NO PLAY."
401752726,2025,Alabama,home,16,False,us,us,1,10,1,False,False,False,"Riley, Kevin rush for 5 yards to the VAN24, PENALTY ALA holding 10 yards to the VAN39, NO PLAY."
401752726,2025,Alabama,home,16,False,them,them,1,10,1,False,False,False,"Vanderbilt Penalty, False Start (-4 Yards) to the VAN 24"
401752726,2025,Alabama,home,16,False,them,us,1,10,4,False,False,True,"Simpson, Ty pass incomplete to Bernard, Germie, PENALTY VAN offside 5 yards to the ALA34, NO PLAY."
401752726,2025,Alabama,home,16,False,us,them,4,5,4,False,False,False,"Pavia, Diego pass pass intended for Richardson, Tre intercepted by Mincey, Zavier at the VAN42, Mincey, Zavier return 30 yards to the VAN12, PENALTY ALA holding"
401752726,2025,Alabama,home,16,False,them,them,1,10,4,False,False,False,"Vanderbilt Penalty, Personal Foul (-15 Yards) to the VAN 25"
401752734,2025,Alabama,away,3,True,them,us,3,5,1,False,False,True,"Missouri Penalty, Defensive Offside (Zion Young) to the MIZ 8 for a 1ST down"
401752734,2025,Alabama,away,3,True,them,us,2,7,1,False,False,True,"Simpson, Ty pass incomplete to Meadows, Derek, PENALTY MIZ unnecessary roughness (Burks Jr., Marvin) 15 yards to the MIZ39, NO PLAY, 1ST DOWN ALA. Burks Jr., Ma"
401752734,2025,Alabama,away,3,True,us,us,1,10,1,False,False,True,"Simpson, Ty pass incomplete to Bernard, Germie, PENALTY ALA illegal motion 5 yards to the MIZ19, NO PLAY."
401752734,2025,Alabama,away,3,True,them,them,2,10,2,False,False,True,"Pribula, Beau rush for 3 yards to the ALA21, PENALTY MIZ holding (Giudice, Dominick) 10 yards to the ALA34, NO PLAY."
401752734,2025,Alabama,away,3,True,us,us,1,10,3,False,False,True,"Alabama Penalty, Delay of Game (-5 Yards) to the MIZ 27"
401752734,2025,Alabama,away,3,True,us,us,4,5,4,False,False,False,"Alabama Penalty, Delay of Game (-5 Yards) to the MIZ 41"
401752738,2025,Alabama,home,17,False,them,them,2,2,1,False,False,False,"Tennessee Penalty, False Start (Wendell Moe Jr.) to the TENN 28"
401752738,2025,Alabama,home,17,False,them,us,1,10,1,False,False,True,"Simpson, Ty pass incomplete to Bernard, Germie, PENALTY TENN offside (Moi, Jaxson) 5 yards to the ALA29, NO PLAY."
401752738,2025,Alabama,home,17,False,them,them,2,10,1,False,False,False,"Aguilar, Joey pass complete to Brazzell II, Chris for 17 yards to the ALA28, PENALTY TENN ineligible downfield on pass 5 yards to the 50 yardline, NO PLAY."
401752738,2025,Alabama,home,17,False,us,us,1,10,2,False,False,False,"Alabama Penalty, False Start (-5 Yards) to the ALA 34"
401752738,2025,Alabama,home,17,False,them,them,2,10,2,False,False,True,"Aguilar, Joey pass complete to Brazzell II, Chris for loss of 12 yards to the TENN6, PENALTY TENN illegal block (Staley, Braylon) 9 yards to the TENN9, NO PLAY."
401752738,2025,Alabama,home,17,False,them,them,1,10,2,False,False,True,"Tennessee Penalty, False Start (Shamurad Umarov) to the ALA 44"
401752738,2025,Alabama,home,17,False,us,us,1,10,3,False,False,True,"Alabama Penalty, False Start (Parker Brailsford) to the TENN 49"
401752738,2025,Alabama,home,17,False,them,us,3,10,4,False,False,True,"Simpson, Ty pass incomplete to Williams, Ryan, PENALTY TENN pass interference (Hood, Colton) 15 yards to the ALA40, NO PLAY, 1ST DOWN ALA."
401752738,2025,Alabama,home,17,False,them,us,1,10,4,False,False,True,"Simpson, Ty pass incomplete to Brooks, Lotzeir, PENALTY TENN pass interference (Wright, William) 15 yards to the TENN35, NO PLAY, 1ST DOWN ALA."
401752738,2025,Alabama,home,17,False,us,them,2,10,4,False,False,False,"Aguilar, Joey pass incomplete to Brame, Dasaahn, PENALTY ALA pass interference (Mincey, Zavier) 11 yards to the ALA15, NO PLAY, 1ST DOWN TENN."
401752738,2025,Alabama,home,17,False,us,them,1,10,4,False,False,False,"Aguilar, Joey pass incomplete, PENALTY ALA holding (Jefferson, Justin) 10 yards to the ALA12, NO PLAY, 1ST DOWN TENN."
401752738,2025,Alabama,home,17,False,us,them,1,10,4,False,False,False,"Aguilar, Joey pass incomplete to Brazzell II, Chris, PENALTY ALA pass interference (Jackson, Domani) 10 yards to the ALA2, NO PLAY, 1ST DOWN TENN."
401752738,2025,Alabama,home,17,False,us,them,2,0,4,False,False,False,"Aguilar, Joey pass incomplete to Brazzell II, Chris, PENALTY ALA pass interference (Jackson, Domani) 3 yards to the ALA2, NO PLAY, 1ST DOWN TENN."
401752738,2025,Alabama,home,17,False,them,them,2,0,4,False,False,False,"Tennessee Penalty, False Start (Shamurad Umarov) to the ALA 5"
401752751,2025,Alabama,away,7,True,us,them,3,4,1,False,False,True,"Alabama Penalty, Defensive Offside (5 Yards) to the SC 31 for a 1ST down"
401752751,2025,Alabama,away,7,True,them,them,1,10,1,False,False,False,"South Carolina Penalty, False Start (-5 Yards) to the SC 31"
401752751,2025,Alabama,away,7,True,them,us,3,24,2,False,False,False,"South Carolina Penalty, Substitution Infraction (5 Yards) to the ALA 20"
401752751,2025,Alabama,away,7,True,them,them,1,10,2,False,False,True,"South Carolina Penalty, Offensive Holding (-10 Yards) to the ALA 23"
401752751,2025,Alabama,away,7,True,them,them,1,10,2,False,False,True,"South Carolina Penalty, Offensive Holding (-10 Yards) to the ALA 21"
401752751,2025,Alabama,away,7,True,us,us,2,3,3,False,False,False,"Simpson, Ty pass complete to Miller, Jam for 5 yards to the ALA37, PENALTY ALA personal foul 15 yards to the ALA17, NO PLAY."
401752751,2025,Alabama,away,7,True,them,them,1,10,3,False,False,True,"South Carolina Penalty, Offensive Holding (-10 Yards) to the ALA 43"
401752751,2025,Alabama,away,7,True,us,them,2,9,4,False,False,False,"Sellers, LaNorris pass incomplete, PENALTY ALA offside (Smith, James) 5 yards to the SC36, NO PLAY."
401752759,2025,Alabama,home,11,False,them,them,1,10,1,False,False,False,PENALTY LSU False Start (#75 W.Davis) 5 yards from LSU39 to LSU34. NO PLAY
401752759,2025,Alabama,home,11,False,them,us,3,5,2,False,False,True,(09:38) Shotgun #15 T.Simpson pass incomplete short right to #5 G.Bernard thrown to LSU03 PENALTY LSU Pass Interference (#11 P.Woodland) 15 yards from LSU19 to 
401752759,2025,Alabama,home,11,False,them,them,1,10,3,False,False,True,PENALTY LSU False Start (#77 O.Williams) 5 yards from LSU25 to LSU20. NO PLAY
401752759,2025,Alabama,home,11,False,us,them,2,13,3,False,False,True,"(11:44) #18 G.Nussmeier rush right for 0 yards to the ALA37 (#11 J.Renaud) PENALTY ALA Face Mask (#11 J.Renaud) 15 yards from ALA37 to ALA22, 1ST DOWN. NO PLAY"
401752759,2025,Alabama,home,11,False,them,them,3,8,3,False,False,True,PENALTY LSU Delay Of Game  5 yards from ALA08 to ALA13. NO PLAY
401752759,2025,Alabama,home,11,False,them,us,2,10,3,False,False,False,(08:43) No Huddle-Shotgun #15 T.Simpson pass incomplete deep right to #5 G.Bernard thrown to ALA38 PENALTY LSU Offside (#6 P.Payton) 5 yards from ALA18 to ALA23
401752759,2025,Alabama,home,11,False,them,them,4,1,3,False,False,False,PENALTY LSU False Start (#10 B.Sharp) 4 yards from LSU45 to LSU41. NO PLAY
401752759,2025,Alabama,home,11,False,them,them,3,8,4,False,False,True,PENALTY LSU False Start (#57 C.Curne) 5 yards from ALA21 to ALA26. NO PLAY
401752759,2025,Alabama,home,11,False,them,them,1,7,4,False,False,True,PENALTY LSU False Start (#57 C.Curne) 5 yards from ALA07 to ALA12. NO PLAY
401752765,2025,Alabama,home,-2,True,them,them,2,9,1,False,False,False,(08:02) No Huddle-Shotgun #24 X.Robinson rush left for 6 yards gain to the ALA45 (#41 N.Hill-Green) PENALTY OU  Illegal Block in Back (#18 K.Helms) 15 yards fro
401752765,2025,Alabama,home,-2,True,them,us,3,8,2,False,False,True,(11:17) Shotgun #15 T.Simpson pass intercepted by #3 R.Spears-Jennings at OU 00 #3 R.Spears-Jennings return 10 yards to the OU 10 (#80 J.Cuevas) PENALTY OU  Pas
401752765,2025,Alabama,home,-2,True,us,us,2,8,2,False,False,False,(01:11) No Huddle-Shotgun #4 D.Hill rush left for 13 yards gain to the OU 36 (#3 R.Spears-Jennings) PENALTY ALA Holding (#5 G.Bernard) 10 yards from OU 49 to AL
401752765,2025,Alabama,home,-2,True,them,them,2,3,3,False,False,True,(13:59) No Huddle-Shotgun #10 J.Mateer rush left for 8 yards gain to the ALA39 (#22 L.Overton; #96 T.Keenan III) PENALTY OU  Holding (#56 M.Fasusi) 10 yards fro
401752765,2025,Alabama,home,-2,True,us,them,2,7,3,False,False,True,(00:14) Shotgun #10 J.Mateer pass incomplete short right to #5 I.Sategna III thrown to ALA08 PENALTY ALA Pass Interference (#16 R.Morgan) 15 yards from ALA25 to
401752765,2025,Alabama,home,-2,True,them,them,3,3,4,False,False,False,PENALTY OU  False Start (#55 E.Pierre-Louis) 5 yards from ALA33 to ALA38. NO PLAY
401752773,2025,Alabama,home,56,False,us,us,2,10,1,False,False,False,"(03:12) Shotgun #15 T.Simpson pass complete short left to #17 L.Brooks caught at EIU16, for 2 yards to the EIU11 (#1 T.Foster; #7 J.McCall) PENALTY ALA Holding "
401752773,2025,Alabama,home,56,False,us,us,2,9,2,False,False,True,(01:23) Shotgun #28 K.Riley rush left for 15 yards gain to the EIU03 (#21 K.Lyons) PENALTY ALA Holding (#11 R.Scott) 10 yards from EIU18 to EIU28. NO PLAY
401752773,2025,Alabama,home,56,False,them,us,2,5,3,True,False,True,(01:22) Shotgun #10 A.Mack pass incomplete deep right to #30 D.Meadows thrown to EIU00 PENALTY EIU Offside declined EIU Pass Interference (#23 I.Houi) 15 yards 
401752773,2025,Alabama,home,56,False,us,us,2,1,4,False,False,True,PENALTY ALA False Start (#8 J.Hale) 5 yards from EIU21 to EIU26. NO PLAY
401752773,2025,Alabama,home,56,False,them,them,2,6,4,False,False,False,(06:55) Shotgun #1 J.Pearson rush right for 3 yards gain to the EIU32 (#28 P.Yates) PENALTY EIU Illegal Formation 5 yards from EIU29 to EIU24. NO PLAY
401752773,2025,Alabama,home,56,False,us,us,1,10,4,False,False,True,PENALTY ALA Delay Of Game  5 yards from ALA47 to ALA42. NO PLAY
401752773,2025,Alabama,home,56,False,them,us,2,4,4,False,False,True,(04:18) Shotgun #20 D.Washington rush right for 3 yards loss to the EIU50 (#51 S.Arteaga; #48 M.Vaughn) PENALTY EIU Face Mask (#48 M.Vaughn) 15 yards from EIU47
401752784,2025,Alabama,away,7,True,us,us,2,10,1,False,False,False,"(14:46) Shotgun #17 L.Brooks rush left for 8 yards gain (1) to the ALA38 (#4 K.Lee; #23 J.Crawford), out of bounds PENALTY ALA Holding (#5 G.Bernard) 10 yards f"
401752784,2025,Alabama,away,7,True,them,us,1,10,1,False,False,True,PENALTY AUB Offside (#92 J.Hardy) 5 yards from ALA46 to AUB49. NO PLAY
401752784,2025,Alabama,away,7,True,them,them,1,10,1,False,False,False,PENALTY AUB False Start (#72 I.Miller) 5 yards from AUB18 to AUB13. NO PLAY
401752784,2025,Alabama,away,7,True,them,us,1,10,1,False,False,True,PENALTY AUB Offside (#17 X.Atkins) 5 yards from ALA35 to ALA40. NO PLAY
401752784,2025,Alabama,away,7,True,them,them,4,3,2,False,False,True,PENALTY AUB Delay Of Game (#14 H.Kaak) 5 yards from ALA03 to ALA08. NO PLAY
401752784,2025,Alabama,away,7,True,them,them,2,10,2,False,False,True,"(01:01) No Huddle-Shotgun #12 A.Daniels pass complete short right to #4 M.Simmons caught at ALA16, for 33 yards to the ALA00 TOUCHDOWN nullified by penalty, clo"
401752784,2025,Alabama,away,7,True,them,us,4,3,3,False,False,True,"PENALTY AUB Offside (#24 K.Crawford) 5 yards from AUB33 to AUB28, 1ST DOWN. NO PLAY"
401752784,2025,Alabama,away,7,True,us,them,2,4,4,False,False,True,"(13:49) No Huddle-Shotgun #12 A.Daniels pass incomplete short middle to #4 M.Simmons thrown to AUB30, 1ST DOWN, PENALTY ALA Pass Interference (#5 D.Lee Jr.) 11 "
401752784,2025,Alabama,away,7,True,them,us,3,4,4,False,False,True,"(10:26) Shotgun #15 T.Simpson pass incomplete short middle to #17 L.Brooks thrown to ALA45, 1ST DOWN, PENALTY AUB Pass Interference (#19 S.Smith) 10 yards from "
401752784,2025,Alabama,away,7,True,them,us,3,7,4,False,False,True,(05:42) No Huddle-Shotgun #15 T.Simpson pass incomplete deep left to #1 I.Horton thrown to AUB00 broken up by #23 J.Crawford PENALTY AUB Roughing The Passer (#1
401752784,2025,Alabama,away,7,True,us,them,4,5,4,False,False,False,"(02:32) No Huddle-Shotgun #12 A.Daniels pass incomplete short right to #1 E.Singleton Jr. thrown to AUB45 broken up by #16 R.Morgan, 1ST DOWN, PENALTY ALA Pass "
401777351,2025,Alabama,home,-21,False,them,them,2,7,1,False,False,False,"(13:43) No Huddle-Shotgun #14 G.Stockton pass complete short right to #1 Z.Branch caught at UGA40, for 0 yards to the UGA45 (#2 Z.Brown; #3 K.Sabb) PENALTY UGA "
401777351,2025,Alabama,home,-21,False,them,them,2,5,2,False,False,True,(09:45) PENALTY UGA False Start (#71 E.Greene III) 5 yards from ALA05 to ALA10. NO PLAY
401777351,2025,Alabama,home,-21,False,us,us,3,10,3,False,False,False,PENALTY ALA False Start (#75 W.Formby) 5 yards from ALA13 to ALA08. NO PLAY
401777351,2025,Alabama,home,-21,False,them,them,3,2,3,False,False,False,"(06:52) #14 G.Stockton pass complete short left to #16 L.Humphreys caught at ALA45, for 11 yards to the ALA46 (#18 B.Hubbard), out of bounds PENALTY UGA Persona"
401777351,2025,Alabama,home,-21,False,them,them,1,10,3,False,False,False,(02:33) PENALTY UGA False Start (#7 L.Luckie) 5 yards from UGA48 to UGA43. NO PLAY
401777351,2025,Alabama,home,-21,False,them,us,3,6,4,False,False,True,(12:56) Shotgun #15 T.Simpson pass incomplete deep left to #2 R.Williams thrown to UGA10 PENALTY UGA Pass Interference (#15 D.Jones) 15 yards from UGA38 to UGA2
401779840,2025,Alabama,away,10,False,them,them,4,3,2,False,False,False,PENALTY OU Delay Of Game  5 yards from OU47 to OU42. NO PLAY
401779840,2025,Alabama,away,10,False,them,us,3,2,3,False,False,True,"(08:06) Shotgun #15 T.Simpson pass incomplete deep left to #5 G.Bernard thrown to OU25 PENALTY OU Holding (#4 C.Guillory) 10 yards from UA46 to OU44, 1ST DOWN. "
401779840,2025,Alabama,away,10,False,them,them,3,4,4,False,False,False,PENALTY OU False Start (#70 R.Fodje) 5 yards from OU13 to OU08. NO PLAY
401769072,2025,Alabama,away,-35,False,us,them,4,4,4,False,False,False,"PENALTY ALA Offside (#18 B.Hubbard) 5 yards from IND50 to ALA45, 1ST DOWN. NO PLAY"
400868972,2016,Georgia,away,9,False,us,them,1,10,1,False,False,False,"GEORGIA Penalty, Illegal Formation (5 Yards) to the NCaro 28"
400868972,2016,Georgia,away,9,False,us,them,3,8,1,False,False,False,"GEORGIA Penalty, Defensive Offside (Roquan Smith) to the NCaro 30"
400868972,2016,Georgia,away,9,False,us,them,1,10,1,False,False,False,"GEORGIA Penalty, Defensive Offside (Davin Bellamy) to the NCaro 45"
400868972,2016,Georgia,away,9,False,them,them,3,3,1,False,False,False,"NORTH CAROLINA Penalty, False Start (Ryan Switzer) to the NCaro 42"
400868972,2016,Georgia,away,9,False,them,us,3,4,1,False,False,False,"NORTH CAROLINA Penalty, Substitution Infraction (5 Yards) to the Geo 26 for a 1ST down"
400868972,2016,Georgia,away,9,False,them,them,4,14,2,False,False,False,"NORTH CAROLINA Penalty, False Start (-5 Yards) to the NCaro 44"
400868972,2016,Georgia,away,9,False,us,us,3,2,3,False,False,False,"GEORGIA Penalty, False Start (Greg Pyke) to the Geo 28"
400868972,2016,Georgia,away,9,False,us,us,1,10,3,False,False,False,"GEORGIA Penalty, Unsportsmanlike Conduct (Tyler Catalina) to the Geo 21"
400868972,2016,Georgia,away,9,False,them,us,3,8,3,False,False,True,"Eason, Jacob pass incomplete to Stanley, Jayson, PENALTY UNC pass interference (Rene, Patrice) 15 yards to the UNC46, NO PLAY, 1ST DOWN GEORGIA."
400868972,2016,Georgia,away,9,False,them,us,3,7,3,False,False,True,"Eason, Jacob pass incomplete, PENALTY UNC pass interference (Rene, Patrice) 15 yards to the UNC28, NO PLAY, 1ST DOWN GEORGIA."
400868972,2016,Georgia,away,9,False,them,them,2,10,3,False,False,True,"Trubisky, Mitch pass complete to Proehl, Austin for 13 yards to the UNC25, PENALTY UNC ineligible downfield on pass 5 yards to the UNC7, NO PLAY."
400868972,2016,Georgia,away,9,False,them,them,2,15,3,False,False,True,"NORTH CAROLINA Penalty, Unsportsmanlike Conduct (TEAM) to the NCaro 4"
400868972,2016,Georgia,away,9,False,them,them,1,10,4,False,False,False,"NORTH CAROLINA Penalty, False Start (Jon Heck) to the NCaro 36"
400868972,2016,Georgia,away,9,False,them,them,4,5,4,False,False,False,"NORTH CAROLINA Penalty, Delay of Game (-5 Yards) to the NCaro 41"
400868972,2016,Georgia,away,9,False,them,them,3,1,4,False,False,False,"Trubisky, Mitch pass complete to Switzer, Ryan for 13 yards to the UNC30, PENALTY UNC pass interference 9 yards to the UNC8, NO PLAY."
400868972,2016,Georgia,away,9,False,them,them,1,10,4,False,False,False,"Trubisky, Mitch pass complete to Switzer, Ryan for 8 yards to the GEORGIA36, PENALTY UNC holding 10 yards to the UNC46, NO PLAY."
400868984,2016,Georgia,home,2,True,them,them,3,9,1,False,False,False,"NICHOLLS  Penalty, False Start (-3 Yards) to the NicSt 3"
400868984,2016,Georgia,home,2,True,us,us,2,9,1,False,False,False,"GEORGIA Penalty, Offensive Holding (Dyshon Sims) to the NicSt 32"
400868984,2016,Georgia,home,2,True,them,them,2,7,1,False,False,False,"NICHOLLS Penalty, False Start (-5 Yards) to the NicSt 45"
400868984,2016,Georgia,home,2,True,them,them,3,6,2,False,False,False,"NICHOLLS ST Penalty, Illegal Formation (-5 Yards) to the NicSt 34"
400868984,2016,Georgia,home,2,True,us,us,1,10,2,False,False,False,"GEORGIA Penalty, Offensive Holding (Dyshon Sims) to the Geo 31"
400868998,2016,Georgia,away,1,True,them,them,1,10,1,False,False,True,"MISSOURI Penalty, False Start (Paul Adams) to the Misso 15"
400868998,2016,Georgia,away,1,True,them,us,4,2,2,False,False,True,"MISSOURI Penalty, Substitution Infraction (5 Yards) to the Misso 22 for a 1ST down"
400868998,2016,Georgia,away,1,True,them,them,1,10,2,False,False,True,"MISSOURI Penalty, False Start (-5 Yards) to the Geo 29"
400869005,2016,Georgia,away,-31,False,us,us,1,10,1,False,False,False,"GEORGIA Penalty, False Start (Greg Pyke) to the Geo 36"
400869005,2016,Georgia,away,-31,False,us,them,1,10,1,False,False,True,"GEORGIA Penalty, Defensive Holding (Malkom Parrish) to the Geo 6 for a 1ST down"
400869005,2016,Georgia,away,-31,False,us,us,1,10,1,False,False,True,"GEORGIA Penalty, False Start (Isaiah Wynn) to the Geo 32"
400869005,2016,Georgia,away,-31,False,them,them,1,10,2,False,False,False,"OLE MISS Penalty, False Start (Greg Little) to the Miss 36"
400869005,2016,Georgia,away,-31,False,them,them,4,9,2,False,False,False,"OLE MISS Penalty, Delay of Game (-5 Yards) to the Geo 46"
400869005,2016,Georgia,away,-31,False,us,them,1,10,3,False,False,True,"GEORGIA Penalty, Substitution Infraction (5 Yards) to the Miss 41"
400869005,2016,Georgia,away,-31,False,them,us,1,10,3,False,False,True,"OLE MISS Penalty, Defensive Offside (5 Yards) to the Miss 29"
400869005,2016,Georgia,away,-31,False,them,them,2,9,3,False,False,False,"OLE MISS Penalty, Offensive Holding (-10 Yards) to the Miss 37"
400869005,2016,Georgia,away,-31,False,us,us,1,10,4,False,False,True,"GEORGIA Penalty, Offensive Holding (Greg Pyke) to the Miss 26"
400869013,2016,Georgia,home,-3,True,them,us,3,1,1,False,False,True,"TENNESSEE Penalty, Defensive Pass Interference (Micah Abernathy) to the Tenn 14 for a 1ST down"
400869013,2016,Georgia,home,-3,True,us,them,1,8,2,False,False,True,"GEORGIA Penalty, Substitution Infraction (4 Yards) to the Geo 4"
400869013,2016,Georgia,home,-3,True,them,us,3,4,4,False,False,False,"TENNESSEE Penalty, Defensive Holding (Todd Kelly Jr.) to the Tenn 47 for a 1ST down"
400869013,2016,Georgia,home,-3,True,us,us,2,3,4,False,False,False,"GEORGIA Penalty, False Start (Jeb Blazevich) to the Tenn 45"
400869013,2016,Georgia,home,-3,True,us,us,1,10,4,False,False,False,"GEORGIA Penalty, Illegal Touching ( Yards) to the Geo 46"
400869013,2016,Georgia,home,-3,True,us,us,3,10,4,False,False,False,"GEORGIA Penalty, False Start (Brandon Kublanow) to the Geo 41"
400869013,2016,Georgia,home,-3,True,us,us,1,10,4,False,False,True,"GEORGIA Penalty, False Start (-5 Yards) to the Tenn 47"
400869022,2016,Georgia,away,14,False,us,us,3,6,1,False,False,False,"GEORGIA Penalty, Offensive Holding (Michael Chigbu) to the SCaro 46"
400869022,2016,Georgia,away,14,False,us,us,4,5,2,False,False,False,"GEORGIA Penalty, Delay of Game (-5 Yards) to the SCaro 36"
400869022,2016,Georgia,away,14,False,them,us,3,10,2,False,False,False,"SOUTH CAROLINA Penalty, Face Mask (15 yards) (Bryson Allen-Williams) to the SCaro 26 for a 1ST down"
400869022,2016,Georgia,away,14,False,us,us,2,10,2,False,False,False,"GEORGIA Penalty, False Start (-5 Yards) to the SCaro 31"
400869022,2016,Georgia,away,14,False,us,us,1,10,3,False,False,False,"GEORGIA Penalty, False Start (-5 Yards) to the Geo 33"
400869022,2016,Georgia,away,14,False,them,them,4,4,4,False,False,False,"SOUTH CAROLINA Penalty, Delay of Game (-4 Yards) to the SCaro 5"
400869022,2016,Georgia,away,14,False,them,them,2,19,4,False,False,True,"SOUTH CAROLINA Penalty, False Start (-5 Yards) to the SCaro 12"
400869022,2016,Georgia,away,14,False,us,them,1,0,4,False,False,True,"GEORGIA Penalty, Defensive Pass Interference (Dominick Sanders) to the Geo 2 for a 1ST down"
400869022,2016,Georgia,away,14,False,us,them,1,0,4,False,False,True,"GEORGIA Penalty, Roughing Passer (1 Yards) to the Geo 1 for a 1ST down"
400869026,2016,Georgia,home,-1,True,us,them,1,0,1,False,False,True,"GEORGIA Penalty, substitution infraction (1 Yards) to the Geo 1"
400869026,2016,Georgia,home,-1,True,us,us,1,10,1,False,False,True,"GEORGIA Penalty, false start (Reggie Davis) to the Geo 32"
400869026,2016,Georgia,home,-1,True,them,them,2,5,1,False,False,False,"VANDERBILT Penalty, false start (-5 Yards) to the Vandy 29"
400869026,2016,Georgia,home,-1,True,us,us,3,2,2,False,False,True,"Brian Herrien rush for 1 yard to the VANDY16 (Ryan White), PENALTY UGA illegal motion 5 yards to the VANDY22, NO PLAY."
400869026,2016,Georgia,home,-1,True,us,us,1,10,2,False,False,True,"GEORGIA Penalty, false start (-5 Yards) to the Vandy 17"
400869026,2016,Georgia,home,-1,True,them,them,2,12,2,False,False,False,"VANDERBILT Penalty, false start (-5 Yards) to the Vandy 30"
400869026,2016,Georgia,home,-1,True,us,them,1,10,3,False,False,False,"Kyle Shurmur pass incomplete to Trent Sherfield (Roquan Smith), PENALTY UGA personal foul (J. Rochester) 15 yards to the VANDY40, 1ST DOWN VANDY, NO PLAY."
400869026,2016,Georgia,home,-1,True,us,us,3,3,4,False,False,False,"Jacob Eason rush for 20 yards to the VANDY16 (Arnold Tarpley), PENALTY UGA holding (B. Kublanow) 10 yards to the VANDY46, NO PLAY."
400869026,2016,Georgia,home,-1,True,us,us,3,3,4,False,False,False,"Jacob Eason pass incomplete to Michael Chigbu, PENALTY UGA holding (Sony Michel) 10 yards to the UGA27, NO PLAY."
400869035,2016,Georgia,home,-14,False,them,them,2,7,1,False,False,False,"FLORIDA Penalty, False Start (-5 Yards) to the Fla 23"
400869035,2016,Georgia,home,-14,False,us,us,2,0,1,False,False,True,"GEORGIA Penalty, False Start (-5 Yards) to the Fla 7"
400869035,2016,Georgia,home,-14,False,them,them,1,10,1,False,False,False,"FLORIDA Penalty, False Start (-5 Yards) to the Fla 32"
400869035,2016,Georgia,home,-14,False,them,us,1,10,2,False,False,True,"FLORIDA Penalty, Defensive Pass Interference (15 Yards) to the Fla 20 for a 1ST down"
400869035,2016,Georgia,home,-14,False,us,them,1,10,2,False,False,True,"GEORGIA Penalty, Defensive Pass Interference (Malkom Parrish) to the Geo 2 for a 1ST down"
400869035,2016,Georgia,home,-14,False,them,us,1,10,2,False,False,False,"FLORIDA Penalty, Defensive Offside (5 Yards) to the Geo 30"
400869035,2016,Georgia,home,-14,False,them,them,3,25,2,False,False,False,"FLORIDA Penalty, Intentional Grounding ( Yards) to the Fla 19"
400869035,2016,Georgia,home,-14,False,us,them,1,10,3,False,False,False,"GEORGIA Penalty, Defensive Pass Interference (15 Yards) to the Geo 23 for a 1ST down"
400869035,2016,Georgia,home,-14,False,us,us,3,3,4,False,False,False,"GEORGIA Penalty, Illegal Touching ( Yards) to the Geo 47"
400869043,2016,Georgia,away,3,True,us,us,3,18,1,False,False,False,"[SHOT], PENALTY UGA delay of game 5 yards to the UGA27, NO PLAY."
400869043,2016,Georgia,away,3,True,them,us,3,7,2,False,False,True,"[SHOT], PENALTY UK substitution infraction 5 yards to the UK33, NO PLAY."
400869043,2016,Georgia,away,3,True,them,them,3,5,2,False,False,False,"[SHOT], Stephen Johnson pass complete to T. Richardson for 14 yards to the UGA40, PENALTY UK holding (Kyle Meadows) 10 yards to the UK36, NO PLAY, timeout Kentu"
400869043,2016,Georgia,away,3,True,them,them,4,3,3,False,False,False,"A. MacGinnis field goal attempt from 44 GOOD, clock 12:28, PENALTY UK holding (C.J. Conrad) 10 yards to the UGA36, NO PLAY."
400869043,2016,Georgia,away,3,True,them,them,4,13,3,False,False,False,"KENTUCKY Penalty, delay of game (-5 Yards) to the Geo 41"
400869043,2016,Georgia,away,3,True,us,us,4,1,3,False,False,False,"GEORGIA Penalty, false start (Tyler Catalina) to the Geo 43"
400869043,2016,Georgia,away,3,True,them,us,2,8,3,False,False,False,"[SHOT], Jacob Eason pass incomplete to Tyler Simmons, PENALTY UK holding (J.D. Harmon) 10 yards to the UGA49, 1ST DOWN UGA, NO PLAY."
400869043,2016,Georgia,away,3,True,us,us,1,10,3,False,False,False,"[SHOT], Sony Michel rush for 2 yards to the UK35 (Chris Westry), PENALTY UGA holding (Greg Pyke) 10 yards to the UK47, NO PLAY."
400869052,2016,Georgia,home,6,True,us,us,4,15,2,False,False,False,"GEORGIA Penalty, Delay of Game (-5 Yards) to the Aub 40"
400869052,2016,Georgia,home,6,True,us,us,2,10,3,False,False,True,"GEORGIA Penalty, False Start (Lamont Gaillard) to the Aub 40"
400869052,2016,Georgia,home,6,True,us,us,3,8,4,False,False,False,"GEORGIA Penalty, False Start (Greg Pyke) to the Aub 34"
400869059,2016,Georgia,home,14,False,us,us,4,1,2,False,False,False,"GEORGIA Penalty, false start (Deandre Baker) to the Geo 32"
400869070,2016,Georgia,home,-1,True,us,us,2,8,2,False,False,True,"GEORGIA TECH Penalty, Defensive Pass Interference (11 Yards) to the GTech 2 for a 1ST down"
400869070,2016,Georgia,home,-1,True,us,us,2,0,2,False,False,True,"GEORGIA Penalty, Offensive Holding (-10 Yards) to the GTech 12"
400869070,2016,Georgia,home,-1,True,us,them,1,10,2,False,False,False,"GEORGIA TECH Penalty, Illegal Block (-15 Yards) to the GTech 24"
400869070,2016,Georgia,home,-1,True,us,us,3,5,4,False,False,False,"GEORGIA Penalty, False Start (-5 Yards) to the Geo 49"
400869070,2016,Georgia,home,-1,True,us,them,1,10,4,False,False,True,"GEORGIA TECH Penalty, Illegal Formation (-5 Yards) to the GTech 49"
400876103,2016,Georgia,away,8,True,us,us,4,8,2,False,False,False,"GEORGIA Penalty, False Start (Shattle Fenteng) to the Geo 17"
400876103,2016,Georgia,away,8,True,them,us,1,10,2,False,False,True,"Eason, Jacob pass incomplete to Godwin, Terry, PENALTY TCU holding 10 yards to the TCU43, NO PLAY, 1ST DOWN GEORGIA."
400876103,2016,Georgia,away,8,True,us,us,3,8,2,False,False,True,"GEORGIA Penalty, False Start (-5 Yards) to the TCU 33"
400876103,2016,Georgia,away,8,True,us,us,1,10,3,False,False,True,"GEORGIA Penalty, False Start (Greg Pyke) to the Geo 45"
400933831,2017,Georgia,home,21,False,us,us,2,10,1,False,False,False,"GEORGIA Penalty, False Start (-5 Yards) to the Geo 11"
400933831,2017,Georgia,home,21,False,them,them,2,7,1,False,False,False,"APPALACHIAN ST Penalty, False Start (-5 Yards) to the AppSt 6"
400933831,2017,Georgia,home,21,False,us,us,1,10,1,False,False,True,"GEORGIA Penalty, False Start (-5 Yards) to the AppSt 44"
400933831,2017,Georgia,home,21,False,them,them,4,13,2,False,False,False,"APPALACHIAN ST Penalty, Delay of Game (-5 Yards) to the AppSt 43"
400933831,2017,Georgia,home,21,False,them,us,3,7,2,False,False,True,"APPALACHIAN ST Penalty, Defensive Offside (5 Yards) to the Geo 22"
400933831,2017,Georgia,home,21,False,them,us,2,7,2,False,False,True,"APPALACHIAN ST Penalty, Defensive Pass Interference (15 Yards) to the AppSt 6 for a 1ST down"
400933831,2017,Georgia,home,21,False,them,them,3,16,2,False,False,False,"APPALACHIAN ST Penalty, Face Mask (15 yards) (-15 Yards) to the AppSt 30"
400933831,2017,Georgia,home,21,False,them,them,1,10,3,False,False,False,"APPALACHIAN ST Penalty, False Start (-5 Yards) to the AppSt 20"
400933831,2017,Georgia,home,21,False,us,us,1,10,3,False,False,True,"GEORGIA Penalty, False Start (-6 Yards) to the Geo 47"
400933831,2017,Georgia,home,21,False,them,us,3,5,3,False,False,True,"APPALACHIAN ST Penalty, Defensive Pass Interference (15 Yards) to the AppSt 17 for a 1ST down"
400933831,2017,Georgia,home,21,False,us,us,1,10,3,False,False,True,"GEORGIA Penalty, False Start (-5 Yards) to the Geo 29"
400933831,2017,Georgia,home,21,False,us,them,1,10,3,False,False,False,"GEORGIA Penalty, Defensive Offside (5 Yards) to the AppSt 30 for a 1ST down"
400933831,2017,Georgia,home,21,False,them,them,4,8,3,False,False,False,"APPALACHIAN ST Penalty, Illegal Formation (-5 Yards) to the AppSt 27"
400933831,2017,Georgia,home,21,False,us,them,1,10,4,False,False,False,"GEORGIA Penalty, Defensive Offside (5 Yards) to the AppSt 13"
400933831,2017,Georgia,home,21,False,us,us,1,10,4,False,False,False,"GEORGIA Penalty, False Start (-5 Yards) to the Geo 21"
400933831,2017,Georgia,home,21,False,them,us,1,10,4,False,False,False,"APPALACHIAN ST Penalty, Defensive Offside (5 Yards) to the Geo 27 for a 1ST down"
400933831,2017,Georgia,home,21,False,us,us,2,9,4,False,False,False,"GEORGIA Penalty, Offensive Holding (-10 Yards) to the Geo 41"
400933845,2017,Georgia,away,1,True,them,them,4,9,1,False,False,False,"NOTRE DAME Penalty, False Start (Daelin Hayes) to the NDame 49"
400933845,2017,Georgia,away,1,True,them,them,2,10,2,False,False,True,"NOTRE DAME Penalty, False Start (Alex Bars) to the Geo 37"
400933845,2017,Georgia,away,1,True,them,them,2,9,2,False,False,False,"NOTRE DAME Penalty, False Start (Quenton Nelson) to the NDame 43"
400933845,2017,Georgia,away,1,True,us,us,1,10,3,False,False,False,"GEORGIA Penalty, False Start (Tyler Simmons) to the NDame 39"
400933845,2017,Georgia,away,1,True,us,us,2,10,3,False,False,False,"GEORGIA Penalty, False Start (Kendall Baker) to the Geo 42"
400933845,2017,Georgia,away,1,True,us,us,4,11,3,False,False,False,"GEORGIA Penalty, Delay of Game (-5 Yards) to the Geo 41"
400933845,2017,Georgia,away,1,True,them,them,3,4,4,False,False,True,"NOTRE DAME Penalty, False Start (Robert Hainsey) to the Geo 19"
400933857,2017,Georgia,home,28,False,us,us,1,0,1,False,False,True,"GEORGIA Penalty, False Start (Kendall Baker) to the Samf 8"
400933857,2017,Georgia,home,28,False,them,them,1,0,2,False,False,True,"SAMFORD Penalty, False Start (Mike Williams) to the Geo 9"
400933857,2017,Georgia,home,28,False,us,them,1,10,2,False,False,False,"GEORGIA Penalty, Defensive Offside (Davin Bellamy) to the Samf 40"
400933857,2017,Georgia,home,28,False,them,them,1,10,3,False,False,False,"SAMFORD Penalty, Personal Foul (Coutrell Plair) to the Samf 13"
400933865,2017,Georgia,home,28,False,us,us,1,10,2,False,False,False,"GEORGIA Penalty, False Start (Isaiah Wynn) to the Geo 20"
400933865,2017,Georgia,home,28,False,us,us,1,10,3,False,False,True,"GEORGIA Penalty, Offensive Holding (Kendall Baker) to the MisSt 40"
400933878,2017,Georgia,away,41,False,them,them,1,10,1,False,False,False,"TENNESSEE Penalty, false start (Marcus Tatum) to the Tenn 20"
400933878,2017,Georgia,away,41,False,us,us,1,10,1,False,False,False,"GEORGIA Penalty, false start (Solomon Kindley) to the Geo 15"
400933878,2017,Georgia,away,41,False,them,us,2,3,2,False,False,True,"TENNESSEE Penalty, substitution infraction (5 Yards) to the Tenn 14 for a 1ST down"
400933878,2017,Georgia,away,41,False,us,us,1,0,2,False,False,True,"GEORGIA Penalty, false start (Lamont Gaillard) to the Tenn 9"
400933878,2017,Georgia,away,41,False,them,them,3,14,2,False,False,False,"TENNESSEE Penalty, false start (Jashon Robertson) to the Tenn 35"
400933878,2017,Georgia,away,41,False,us,us,3,6,3,False,False,False,"Michel, S. rush for 5 yards to the UT31 (Jumper, C.), PENALTY UGA illegal block 15 yards to the UGA49, NO PLAY."
400933878,2017,Georgia,away,41,False,us,them,3,5,3,False,False,False,"Dormady, Q. pass incomplete to Johnson, B., PENALTY UGA pass interference (McGhee, T.) 15 yards to the UT32, 1ST DOWN UT, NO PLAY."
400933885,2017,Georgia,away,31,False,them,them,1,10,1,False,False,False,"VANDERBILT Penalty, False Start (Saige Young) to the Vandy 35"
400933885,2017,Georgia,away,31,False,them,us,1,10,1,False,False,True,"VANDERBILT Penalty, Defensive Offside (5 Yards) to the Geo 39"
400933885,2017,Georgia,away,31,False,us,them,3,9,1,False,False,False,"GEORGIA Penalty, Defensive Offside (Davin Bellamy) to the Geo 40"
400933885,2017,Georgia,away,31,False,them,them,1,10,1,False,False,False,"VANDERBILT Penalty, False Start (-5 Yards) to the Vandy 29"
400933885,2017,Georgia,away,31,False,us,us,1,10,1,False,False,True,"GEORGIA Penalty, False Start (Andrew Thomas) to the Vandy 18"
400933885,2017,Georgia,away,31,False,them,us,1,10,2,False,False,True,"VANDERBILT Penalty, Substitution Infraction (5 Yards) to the Vandy 41"
400933885,2017,Georgia,away,31,False,us,us,1,10,2,False,False,True,"GEORGIA Penalty, False Start (Solomon Kindley) to the Vandy 30"
400933885,2017,Georgia,away,31,False,us,us,1,10,3,False,False,True,"GEORGIA Penalty, False Start (Solomon Kindley) to the Geo 31"
400933885,2017,Georgia,away,31,False,them,them,1,10,3,False,False,False,"VANDERBILT Penalty, False Start (Devin Cochran) to the Vandy 20"
400933888,2017,Georgia,home,25,False,them,them,1,10,1,False,False,False,"MISSOURI Penalty, False Start (Albert Okwuegbunam) to the Misso 43"
400933888,2017,Georgia,home,25,False,us,us,1,10,1,False,False,True,"GEORGIA Penalty, False Start (Isaiah Wynn) to the Geo 34"
400933888,2017,Georgia,home,25,False,them,them,3,9,1,False,False,False,"MISSOURI Penalty, False Start (Tre'Vour Simms) to the Misso 21"
400933888,2017,Georgia,home,25,False,us,us,3,1,1,False,False,False,"GEORGIA Penalty, False Start (-5 Yards) to the Geo 18"
400933888,2017,Georgia,home,25,False,us,us,1,10,3,False,False,True,"GEORGIA Penalty, Substitution Infraction (-5 Yards) to the Misso 16"
400933888,2017,Georgia,home,25,False,us,us,2,8,3,False,False,False,"GEORGIA Penalty, False Start (-4 Yards) to the Geo 4"
400933888,2017,Georgia,home,25,False,us,us,2,6,3,False,False,False,"GEORGIA Penalty, False Start (-1 Yards) to the Geo 1"
400933898,2017,Georgia,away,35,False,them,them,1,10,1,False,False,False,"FLORIDA Penalty, False Start (-5 Yards) to the Fla 20"
400933898,2017,Georgia,away,35,False,them,them,1,10,1,False,False,False,"FLORIDA Penalty, False Start (-5 Yards) to the Fla 46"
400933898,2017,Georgia,away,35,False,them,us,2,11,2,False,False,False,"FLORIDA Penalty, Defensive Offside (5 Yards) to the Fla 43"
400933898,2017,Georgia,away,35,False,us,us,4,4,2,False,False,False,"GEORGIA Penalty, Delay of Game (-5 Yards) to the Fla 46"
400933898,2017,Georgia,away,35,False,them,them,1,10,2,False,False,False,"FLORIDA Penalty, False Start (-5 Yards) to the Fla 21"
400933898,2017,Georgia,away,35,False,them,them,1,10,2,False,False,False,"FLORIDA Penalty, False Start (-5 Yards) to the Geo 17"
400933898,2017,Georgia,away,35,False,us,us,2,10,2,False,False,False,"GEORGIA Penalty, False Start (-5 Yards) to the Geo 23"
400933898,2017,Georgia,away,35,False,them,them,1,10,3,False,False,False,"FLORIDA Penalty, Illegal Formation (-5 Yards) to the Geo 35"
400933898,2017,Georgia,away,35,False,us,them,2,11,3,False,False,False,"GEORGIA Penalty, 12 Men on the Field (5 Yards) to the Geo 26"
400933898,2017,Georgia,away,35,False,them,them,3,3,3,False,False,False,"FLORIDA Penalty, False Start (-5 Yards) to the Geo 28"
400933898,2017,Georgia,away,35,False,us,us,3,8,3,False,False,False,"GEORGIA Penalty, Delay of Game (-5 Yards) to the Geo 17"
400933898,2017,Georgia,away,35,False,them,them,1,10,4,False,False,False,"FLORIDA Penalty, Personal Foul (McArthur Burnett) to the Fla 11"
400933898,2017,Georgia,away,35,False,them,them,2,10,4,False,False,False,"FLORIDA Penalty, False Start (-5 Yards) to the Fla 6"
400933898,2017,Georgia,away,35,False,us,us,1,10,4,False,False,True,"GEORGIA Penalty, Delay of Game (-5 Yards) to the Fla 39"
400933898,2017,Georgia,away,35,False,us,us,1,15,4,False,False,True,"GEORGIA Penalty, Delay of Game (-5 Yards) to the Fla 44"
400933898,2017,Georgia,away,35,False,them,them,1,10,4,False,False,True,"FLORIDA Penalty, False Start (-5 Yards) to the Geo 48"
400933898,2017,Georgia,away,35,False,them,them,1,15,4,False,False,True,"FLORIDA Penalty, False Start (-5 Yards) to the Fla 47"
400933906,2017,Georgia,home,14,False,them,us,3,10,1,False,False,True,"SOUTH CAROLINA Penalty, Defensive Holding (10 Yards) to the SCaro 20 for a 1ST down"
400933906,2017,Georgia,home,14,False,them,them,4,5,2,False,False,False,"SOUTH CAROLINA Penalty, Delay of Game (-5 Yards) to the Geo 45"
400933906,2017,Georgia,home,14,False,us,us,2,9,3,False,False,True,"GEORGIA Penalty, False Start (Sony Michel) to the SCaro 30"
400933913,2017,Georgia,away,-23,False,us,them,2,6,1,False,False,True,"GEORGIA Penalty, Encroachment (Julian Rochester) to the Geo 40"
400933913,2017,Georgia,away,-23,False,them,them,3,11,1,False,False,True,"AUBURN Penalty, False Start (Darius James) to the Geo 20"
400933913,2017,Georgia,away,-23,False,us,them,4,8,2,False,False,True,"GEORGIA Penalty, Personal Foul (D'Andre Walker) to the Aub 46 for a 1ST down"
400933913,2017,Georgia,away,-23,False,us,us,4,17,3,False,False,False,"GEORGIA Penalty, False Start (-5 Yards) to the Geo 27"
400933913,2017,Georgia,away,-23,False,us,them,1,10,3,False,False,True,"GEORGIA Penalty, Personal Foul (Sony Michel) to the Geo 34 for a 1ST down"
400933913,2017,Georgia,away,-23,False,them,them,3,4,3,False,False,False,"AUBURN Penalty, False Start (Marquel Harrell) to the Aub 26"
400933913,2017,Georgia,away,-23,False,them,them,4,5,4,False,False,True,"AUBURN Penalty, Delay of Game (-5 Yards) to the Geo 20"
400933925,2017,Georgia,home,29,False,us,us,2,7,1,False,False,False,"GEORGIA Penalty, False Start (Andrew Thomas) to the Geo 34"
400933925,2017,Georgia,home,29,False,them,us,4,16,1,False,False,True,"KENTUCKY Penalty, Roughing the Kicker (Lonnie Johnson) to the Geo 34 for a 1ST down"
400933925,2017,Georgia,home,29,False,us,us,1,10,1,False,False,True,"GEORGIA Penalty, False Start (Kendall Baker) to the Kent 43"
400933925,2017,Georgia,home,29,False,us,them,1,10,4,False,False,False,"GEORGIA Penalty, Substitution Infraction (4 Yards) to the Kent 37"
400933934,2017,Georgia,away,31,False,us,us,1,0,1,False,False,True,"GEORGIA Penalty, Offensive Holding (-10 Yards) to the GTech 13"
400933934,2017,Georgia,away,31,False,us,them,1,10,3,False,False,False,"GEORGIA TECH Penalty, Offensive Holding (-10 Yards) to the GTech 25"
400933934,2017,Georgia,away,31,False,us,them,1,10,3,False,False,False,"GEORGIA Penalty, Personal Foul (Riley Ridley) to the GTech 27 for a 1ST down"
400933934,2017,Georgia,away,31,False,us,us,3,3,4,False,False,True,"GEORGIA TECH Penalty, Roughing Passer (Brentavious Glanton) to the 50 yard line"
400955153,2017,Georgia,away,21,False,us,us,3,0,2,False,False,True,"GEORGIA Penalty, Offensive Pass Interference (-15 Yards) to the Aub 17"
400955153,2017,Georgia,away,21,False,us,them,2,5,2,False,False,False,"GEORGIA Penalty, Face Mask (14 yards) (Deandre Baker) to the Geo 43 for a 1ST down"
400955153,2017,Georgia,away,21,False,them,us,4,2,4,False,False,False,"AUBURN Penalty, Substitution Infraction (5 Yards) to the Geo 41 for a 1ST down"
400953412,2017,Georgia,away,6,True,us,us,2,1,1,False,False,False,"GEORGIA Penalty, False Start (Kendall Baker) to the Okla 33"
400953412,2017,Georgia,away,6,True,us,us,4,8,2,False,False,False,"GEORGIA Penalty, Delay of Game (-5 Yards) to the Geo 28"
400953412,2017,Georgia,away,6,True,us,them,3,5,6,False,False,False,"GEORGIA Penalty, Defensive Offside (5 Yards) to the Geo 15 for a 1ST down"
401012250,2018,Georgia,home,45,False,them,them,1,10,1,False,False,False,"AUSTINPEAY Penalty, Delay of Game (-5 Yards) to the APeay 20"
401012268,2018,Georgia,away,24,False,us,us,1,10,1,False,False,False,"GEORGIA Penalty, Delay of Game (Jake Fromm) to the Geo 20"
401012275,2018,Georgia,home,42,False,us,them,1,10,2,False,False,False,"GEORGIA Penalty, Defensive Offside (5 Yards) to the MTnSt 30"
401012275,2018,Georgia,home,42,False,us,us,1,10,2,False,False,True,"GEORGIA Penalty, False Start (Isaac Nauta) to the Geo 21"
401012275,2018,Georgia,home,42,False,us,them,1,10,3,False,False,False,"GEORGIA Penalty, Defensive Offside (5 Yards) to the MTnSt 30"
401012289,2018,Georgia,away,14,False,us,us,3,4,1,False,False,False,"GEORGIA Penalty, False Start (Tyler Simmons) to the Geo 24"
401012289,2018,Georgia,away,14,False,us,us,4,9,1,False,False,False,"GEORGIA Penalty, False Start (Tyler Simmons) to the Geo 19"
401012289,2018,Georgia,away,14,False,them,them,1,10,2,False,False,False,"MISSOURI Penalty, False Start (Paul Adams) to the Misso 35"
401012289,2018,Georgia,away,14,False,them,us,4,6,2,False,False,False,"MISSOURI Penalty, Defensive Offside (Tre Williams) to the Misso 31"
401012289,2018,Georgia,away,14,False,them,them,3,16,2,False,False,False,"MISSOURI Penalty, Delay of Game (Drew Lock) to the Misso 20"
401012289,2018,Georgia,away,14,False,them,them,2,0,3,False,False,True,"MISSOURI Penalty, Delay of Game (Drew Lock) to the Geo 8"
401012295,2018,Georgia,home,26,False,them,them,4,1,1,False,False,False,"TENNESSEE Penalty, Illegal Formation (-5 Yards) to the Tenn 29"
401012295,2018,Georgia,home,26,False,us,us,4,7,1,False,False,False,"GEORGIA Penalty, Delay of Game (-5 Yards) to the Geo 35"
401012295,2018,Georgia,home,26,False,us,us,3,1,2,False,False,True,"GEORGIA Penalty, False Start (-5 Yards) to the Tenn 16"
401012295,2018,Georgia,home,26,False,them,them,1,10,2,False,False,False,"TENNESSEE Penalty, False Start (Drew Richmond) to the Tenn 37"
401012295,2018,Georgia,home,26,False,us,them,4,17,2,False,False,False,"GEORGIA Penalty, Running Into Kicker (Eric Stokes) to the Tenn 28"
401012295,2018,Georgia,home,26,False,us,us,1,10,2,False,False,True,"GEORGIA Penalty, Illegal Formation (-5 Yards) to the Tenn 46"
401012295,2018,Georgia,home,26,False,them,us,3,6,2,False,False,True,"TENNESSEE Penalty, Defensive Offside (5 Yards) to the Tenn 32"
401012302,2018,Georgia,home,28,False,them,us,1,10,1,False,False,False,"VANDERBILT Penalty, Roughing Passer (Dayo Odeyingbo) to the Geo 45 for a 1ST down"
401012302,2018,Georgia,home,28,False,us,us,3,1,1,False,False,False,"GEORGIA Penalty, False Start (Riley Ridley) to the Vandy 36"
401012302,2018,Georgia,home,28,False,us,us,3,6,1,False,False,False,"GEORGIA Penalty, Face Mask (14 yards) (Andrew Thomas) to the 50 yard line"
401012302,2018,Georgia,home,28,False,them,them,1,10,2,False,False,False,"VANDERBILT Penalty, Illegal Formation (-5 Yards) to the Geo 38"
401012302,2018,Georgia,home,28,False,us,them,1,15,2,False,False,False,"GEORGIA Penalty, Unnecessary Roughness (Tyson Campbell) to the Geo 23 for a 1ST down"
401012302,2018,Georgia,home,28,False,them,them,1,10,2,False,False,False,"VANDERBILT Penalty, False Start (-5 Yards) to the Geo 28"
401012302,2018,Georgia,home,28,False,them,us,3,5,2,False,False,True,"VANDERBILT Penalty, Defensive Pass Interference (Randall Haynie) to the Vandy 28 for a 1ST down"
401012302,2018,Georgia,home,28,False,them,them,1,10,2,False,False,True,"VANDERBILT Penalty, Illegal Formation (-5 Yards) to the Vandy 20"
401012302,2018,Georgia,home,28,False,us,us,2,1,3,False,False,True,"GEORGIA Penalty, Unsportsmanlike Conduct (Lamont Gaillard) to the Geo 30"
401012302,2018,Georgia,home,28,False,them,them,1,10,3,False,False,False,"VANDERBILT Penalty, Illegal Formation (-5 Yards) to the Vandy 33"
401012302,2018,Georgia,home,28,False,them,them,1,15,3,False,False,False,"VANDERBILT Penalty, Illegal Formation (-5 Yards) to the Vandy 28"
401012302,2018,Georgia,home,28,False,us,us,1,10,3,False,False,True,"GEORGIA Penalty, Unsportsmanlike Conduct (Cade Mays) to the Geo 27"
401012302,2018,Georgia,home,28,False,them,them,1,10,3,False,False,False,"VANDERBILT Penalty, Delay of Game (Kyle Shurmur) to the Vandy 20"
401012302,2018,Georgia,home,28,False,us,us,1,10,3,False,False,True,"GEORGIA Penalty, False Start (Isaiah Wilson) to the Vandy 8"
401012302,2018,Georgia,home,28,False,us,them,1,10,4,False,False,True,"GEORGIA Penalty, Defensive Offside (Malik Herring) to the Geo 48"
401012302,2018,Georgia,home,28,False,us,them,1,10,4,False,False,True,"GEORGIA Penalty, Defensive Pass Interference (DeAngelo Gibbs) to the Geo 28 for a 1ST down"
401012302,2018,Georgia,home,28,False,us,them,1,0,4,False,False,True,"GEORGIA Penalty, Defensive Pass Interference (William Poole) to the Geo 2 for a 1ST down"
401012310,2018,Georgia,away,-20,False,us,us,1,10,1,False,False,False,"GEORGIA Penalty, Offensive Holding (Isaiah Wilson) to the Geo 15"
401012310,2018,Georgia,away,-20,False,them,them,1,10,3,False,False,False,"LSU Penalty, False Start (Saahdiq Charles) to the LSU 20"
401012310,2018,Georgia,away,-20,False,us,them,3,2,3,False,False,False,"GEORGIA Penalty, Substitution Infraction (5 Yards) to the LSU 48 for a 1ST down"
401012310,2018,Georgia,away,-20,False,them,us,1,10,3,False,False,True,"LSU Penalty, Defensive Pass Interference (Greedy Williams) to the LSU 35 for a 1ST down"
401012310,2018,Georgia,away,-20,False,us,us,4,15,4,False,False,False,"GEORGIA Penalty, Delay of Game (-5 Yards) to the LSU 48"
401012320,2018,Georgia,home,19,False,them,us,3,3,1,False,False,True,"FLORIDA Penalty, Delay of Game (5 Yards) to the Fla 7 for a 1ST down"
401012320,2018,Georgia,home,19,False,them,them,2,10,2,False,False,True,"FLORIDA Penalty, False Start (Moral Stephens) to the Geo 37"
401012320,2018,Georgia,home,19,False,us,us,2,3,3,False,False,False,"GEORGIA Penalty, Offensive Pass Interference (Isaac Nauta) to the Fla 46"
401012320,2018,Georgia,home,19,False,them,us,1,0,3,False,False,True,"FLORIDA Penalty, Unsportsmanlike Conduct ( Yards) to the Fla 1"
401012320,2018,Georgia,home,19,False,us,them,4,3,4,False,False,True,"GEORGIA Penalty, Unsportsmanlike Conduct (Tyler Clark) to the 50 yard line"
401012320,2018,Georgia,home,19,False,them,them,3,10,4,False,False,False,"FLORIDA Penalty, False Start (Jawaan Taylor) to the Fla 20"
401012326,2018,Georgia,away,17,False,them,them,3,4,2,False,False,True,"KENTUCKY Penalty, False Start (Luke Fortner) to the Geo 11"
401012326,2018,Georgia,away,17,False,them,them,2,5,3,False,False,True,"KENTUCKY Penalty, Unsportsmanlike Conduct (Bunchy Stallings) to the Kent 20"
401012326,2018,Georgia,away,17,False,us,us,4,0,4,False,False,True,"GEORGIA Penalty, False Start (Jamaree Salyer) to the Kent 5"
401012334,2018,Georgia,home,17,False,us,us,2,0,2,False,False,True,"GEORGIA Penalty, False Start (Isaiah Wilson) to the Aub 6"
401012334,2018,Georgia,home,17,False,us,them,1,10,2,False,False,True,"GEORGIA Penalty, Substitution Infraction (5 Yards) to the Geo 26"
401012334,2018,Georgia,home,17,False,them,them,4,0,2,False,False,True,"AUBURN Penalty, False Start (Bailey Sharp) to the Geo 9"
401012334,2018,Georgia,home,17,False,them,us,4,0,2,False,False,True,"AUBURN Penalty, Defensive Offside (2 Yards) to the Aub 1"
401012334,2018,Georgia,home,17,False,us,us,4,3,3,False,False,False,"GEORGIA Penalty, False Start (-5 Yards) to the Geo 27"
401012334,2018,Georgia,home,17,False,us,us,3,11,3,False,False,False,"GEORGIA Penalty, Substitution Infraction (-5 Yards) to the Geo 20"
401012334,2018,Georgia,home,17,False,us,us,3,2,3,False,False,False,"GEORGIA Penalty, False Start (James Cook) to the Aub 45"
401012334,2018,Georgia,home,17,False,us,us,2,5,3,False,False,False,"GEORGIA Penalty, Substitution Infraction (-5 Yards) to the Geo 20"
401012334,2018,Georgia,home,17,False,us,us,2,7,4,False,False,True,"GEORGIA Penalty, False Start (Lamont Gaillard) to the Geo 23"
401012334,2018,Georgia,home,17,False,us,us,3,0,4,False,False,False,"GEORGIA Penalty, Delay of Game (-5 Yards) to the Aub 18"
401012334,2018,Georgia,home,17,False,us,us,4,0,4,False,False,False,"GEORGIA Penalty, Delay of Game (-5 Yards) to the Aub 14"
401012341,2018,Georgia,home,39,False,them,them,2,9,1,False,False,False,"MASSACHUSETTS Penalty, Illegal Motion (-5 Yards) to the UMass 21"
401012341,2018,Georgia,home,39,False,them,them,2,4,1,False,False,True,"MASSACHUSETTS Penalty, Illegal Formation (-5 Yards) to the Geo 15"
401012341,2018,Georgia,home,39,False,them,them,1,0,1,False,False,True,"MASSACHUSETTS Penalty, False Start (-5 Yards) to the Geo 8"
401012341,2018,Georgia,home,39,False,them,them,2,6,2,False,False,False,"MASSACHUSETTS Penalty, Offensive Holding (-10 Yards) to the UMass 40"
401012341,2018,Georgia,home,39,False,them,them,1,10,3,False,False,False,"MASSACHUSETTS Penalty, Offensive Holding (-10 Yards) to the Geo 48"
401012341,2018,Georgia,home,39,False,us,us,2,0,3,False,False,True,"GEORGIA Penalty, False Start (-5 Yards) to the UMass 6"
401012341,2018,Georgia,home,39,False,us,them,1,10,4,False,False,True,"GEORGIA Penalty, Defensive Pass Interference (15 Yards) to the UMass 40 for a 1ST down"
401012341,2018,Georgia,home,39,False,them,us,1,10,4,False,False,False,"MASSACHUSETTS Penalty, Personal Foul (15 Yards) to the Geo 40 for a 1ST down"
401012352,2018,Georgia,home,24,False,us,them,4,1,1,False,False,False,"GEORGIA TECH Penalty, False Start (-5 Yards) to the 50 yard line"
401012352,2018,Georgia,home,24,False,us,them,1,10,2,False,False,False,"GEORGIA Penalty, Defensive Offside (5 Yards) to the GTech 30"
401012352,2018,Georgia,home,24,False,us,us,4,5,4,False,False,False,"GEORGIA Penalty, False Start (-5 Yards) to the Geo 39"
401032086,2018,Georgia,home,-7,True,them,them,2,6,1,False,False,False,"TEXAS Penalty, False Start (-5 Yards) to the Geo 37"
401032086,2018,Georgia,home,-7,True,them,them,4,12,1,False,False,False,"TEXAS Penalty, Delay of Game (-5 Yards) to the Geo 43"
401032086,2018,Georgia,home,-7,True,us,us,1,10,3,False,False,False,"GEORGIA Penalty, Unsportsmanlike Conduct (15 Yards) to the 50 yard line"
401032086,2018,Georgia,home,-7,True,them,them,1,10,4,False,False,True,"TEXAS Penalty, False Start (-5 Yards) to the Geo 16"
401032086,2018,Georgia,home,-7,True,them,us,1,10,4,False,False,True,"TEXAS Penalty, Unsportsmanlike Conduct (15 Yards) to the Texas 39 for a 1ST down; Anthony Cook ejected for Targeting. "
401032086,2018,Georgia,home,-7,True,us,us,2,10,4,False,False,True,"GEORGIA Penalty, Offensive Holding (-10 Yards) to the Texas 44"
401110732,2019,Georgia,away,24,False,them,them,1,10,1,False,False,False,"VANDERBILT Penalty, Delay of Game (-5 Yards) to the Vandy 30"
401110732,2019,Georgia,away,24,False,us,us,1,10,1,False,False,True,"GEORGIA Penalty, Offensive Holding (-10 Yards) to the Geo 25"
401110732,2019,Georgia,away,24,False,them,them,2,10,2,False,False,False,"VANDERBILT Penalty, Offensive Holding (-10 Yards) to the Vandy 49"
401110732,2019,Georgia,away,24,False,them,us,1,0,2,False,False,True,"VANDERBILT Penalty, Defensive Pass Interference (3 Yards) to the Vandy 2 for a 1ST down"
401110732,2019,Georgia,away,24,False,them,them,1,10,2,False,False,True,"VANDERBILT Penalty, False Start (-6 Yards) to the Vandy 41"
401110732,2019,Georgia,away,24,False,them,them,1,16,2,False,False,True,"VANDERBILT Penalty, False Start (-5 Yards) to the Vandy 36"
401110732,2019,Georgia,away,24,False,us,them,2,6,2,False,False,True,"GEORGIA Penalty, Defensive Offside (5 Yards) to the Geo 28"
401110732,2019,Georgia,away,24,False,us,us,1,10,3,False,False,True,"GEORGIA Penalty, Offensive Holding (-10 Yards) to the Vandy 48"
401110732,2019,Georgia,away,24,False,them,us,1,20,3,False,False,True,"VANDERBILT Penalty, Substitution Infraction (4 Yards) to the Vandy 44"
401110732,2019,Georgia,away,24,False,them,them,2,7,3,False,False,False,"VANDERBILT Penalty, False Start (-5 Yards) to the Vandy 23"
401110732,2019,Georgia,away,24,False,us,us,1,10,3,False,False,False,"GEORGIA Penalty, Offensive Holding (-10 Yards) to the Geo 38"
401110776,2019,Georgia,home,46,False,them,them,3,5,1,False,False,False,"MURRAY ST Penalty, False Start (Armani Hayes) to the Geo 45"
401110776,2019,Georgia,home,46,False,us,us,1,10,2,False,False,True,"GEORGIA Penalty, Illegal Formation (-5 Yards) to the MurrS 46"
401110776,2019,Georgia,home,46,False,them,them,3,2,2,False,False,False,"MURRAY ST Penalty, False Start (-5 Yards) to the MurrS 28"
401110776,2019,Georgia,home,46,False,us,us,2,1,3,False,False,True,"GEORGIA Penalty, Illegal Formation (-5 Yards) to the Geo 28"
401110776,2019,Georgia,home,46,False,them,us,2,5,4,False,False,True,"MURRAY ST Penalty, Horse Collar Tackle (15 Yards) to the 50 yard line"
401110788,2019,Georgia,home,55,False,us,them,3,10,2,False,False,False,"GEORGIA Penalty, Defensive Offside (5 Yards) to the Geo 42"
401110788,2019,Georgia,home,55,False,us,us,3,4,3,False,False,False,"GEORGIA Penalty, Offensive Holding (-10 Yards) to the Geo 34"
401110788,2019,Georgia,home,55,False,us,them,2,7,4,False,False,False,"GEORGIA Penalty, Defensive Pass Interference (3 Yards) to the Geo 44 for a 1ST down"
401110800,2019,Georgia,home,6,True,them,them,1,10,1,False,False,False,"NOTRE DAME Penalty, Personal Foul (Liam Eichenberg) to the NDame 26"
401110800,2019,Georgia,home,6,True,them,them,1,10,1,False,False,False,"NOTRE DAME Penalty, False Start (Liam Eichenberg) to the NDame 21"
401110800,2019,Georgia,home,6,True,us,us,4,13,1,False,False,False,"GEORGIA Penalty, False Start (Warren McClendon) to the Geo 15"
401110800,2019,Georgia,home,6,True,them,them,2,9,1,False,False,False,"NOTRE DAME Penalty, False Start (Robert Hainsey) to the Geo 44"
401110800,2019,Georgia,home,6,True,them,them,3,6,2,False,False,False,"NOTRE DAME Penalty, False Start (Cole Kmet) to the NDame 41"
401110800,2019,Georgia,home,6,True,us,us,1,10,2,False,False,True,"GEORGIA Penalty, False Start (Cade Mays) to the NDame 29"
401110800,2019,Georgia,home,6,True,them,them,1,10,2,False,False,True,"NOTRE DAME Penalty, False Start (Liam Eichenberg) to the Geo 17"
401110800,2019,Georgia,home,6,True,them,them,3,2,3,False,False,False,"NOTRE DAME Penalty, False Start (Cole Kmet) to the NDame 29"
401110800,2019,Georgia,home,6,True,them,them,4,7,3,False,False,False,"NOTRE DAME Penalty, False Start (Jordan Genmark Heath) to the NDame 24"
401110816,2019,Georgia,away,29,False,them,them,2,2,2,False,False,False,"TENNESSEE Penalty, False Start (Riley Locklear) to the Tenn 28"
401110816,2019,Georgia,away,29,False,us,us,3,5,3,False,False,False,"GEORGIA Penalty, False Start (Andrew Thomas) to the Geo 25"
401110816,2019,Georgia,away,29,False,us,us,4,1,3,False,False,False,"GEORGIA Penalty, Delay of Game (-4 Yards) to the Geo 30"
401110816,2019,Georgia,away,29,False,us,us,2,16,3,False,False,True,"GEORGIA Penalty, False Start (George Pickens) to the Tenn 25"
401110816,2019,Georgia,away,29,False,them,them,2,7,3,False,False,False,"TENNESSEE Penalty, False Start (Trey Smith) to the Tenn 43"
401110816,2019,Georgia,away,29,False,them,them,2,10,4,False,False,True,"TENNESSEE Penalty, False Start (Darnell Wright) to the Geo 30"
401110817,2019,Georgia,home,-3,True,them,them,1,10,1,False,False,True,"SOUTH CAROLINA Penalty, False Start (Kyle Markway) to the Geo 46"
401110817,2019,Georgia,home,-3,True,them,them,4,1,2,False,False,False,"SOUTH CAROLINA Penalty, False Start (Jordan Rhodes) to the Geo 45"
401110817,2019,Georgia,home,-3,True,them,them,1,10,3,False,False,False,"SOUTH CAROLINA Penalty, False Start (Kyle Markway) to the SCaro 15"
401110817,2019,Georgia,home,-3,True,them,them,2,10,3,False,False,False,"SOUTH CAROLINA Penalty, False Start (Sadarius Hutcherson) to the SCaro 26"
401110817,2019,Georgia,home,-3,True,them,them,2,8,4,False,False,False,"SOUTH CAROLINA Penalty, False Start (-5 Yards) to the SCaro 39"
401110817,2019,Georgia,home,-3,True,them,them,1,10,4,False,False,False,"SOUTH CAROLINA Penalty, False Start (Kingsley Enagbare) to the SCaro 30"
401110817,2019,Georgia,home,-3,True,them,us,3,1,4,False,False,True,"SOUTH CAROLINA Penalty, Defensive Offside (Javon Kinlaw) to the Geo 19 for a 1ST down"
401110826,2019,Georgia,home,21,False,them,them,2,10,1,False,False,False,"KENTUCKY Penalty, False Start (Justin Rigg) to the Kent 25"
401110826,2019,Georgia,home,21,False,them,them,4,2,1,False,False,False,"KENTUCKY Penalty, False Start (Logan Stenberg) to the Geo 43"
401110826,2019,Georgia,home,21,False,them,them,4,7,1,False,False,False,"KENTUCKY Penalty, Illegal Formation (-5 Yards) to the Geo 48"
401110826,2019,Georgia,home,21,False,us,us,2,6,4,False,False,True,"GEORGIA Penalty, Substitution Infraction (-5 Yards) to the Kent 36"
401110838,2019,Georgia,away,7,True,them,them,3,1,1,False,False,False,"FLORIDA Penalty, False Start (Dante Lang) to the Geo 45"
401110838,2019,Georgia,away,7,True,them,them,2,10,1,False,False,False,"FLORIDA Penalty, Substitution Infraction (-5 Yards) to the Fla 44"
401110838,2019,Georgia,away,7,True,us,us,3,1,2,False,False,True,"GEORGIA Penalty, False Start (George Pickens) to the Fla 22"
401110838,2019,Georgia,away,7,True,them,us,3,11,2,False,False,True,"FLORIDA Penalty, Defensive Offside (Jabari Zuniga) to the Fla 20"
401110838,2019,Georgia,away,7,True,us,us,1,10,3,False,False,True,"GEORGIA Penalty, False Start (Trey Hill) to the Geo 39"
401110838,2019,Georgia,away,7,True,them,them,2,29,3,False,False,False,"FLORIDA Penalty, Delay of Game (-5 Yards) to the Fla 38"
401110838,2019,Georgia,away,7,True,us,us,4,9,3,False,False,False,"GEORGIA Penalty, False Start (-5 Yards) to the Fla 41"
401110838,2019,Georgia,away,7,True,us,them,1,10,4,False,False,True,"GEORGIA Penalty, Substitution Infraction (5 Yards) to the Fla 47"
401110838,2019,Georgia,away,7,True,us,us,1,10,4,False,False,False,"GEORGIA Penalty, Delay of Game (-5 Yards) to the Geo 27"
401110845,2019,Georgia,home,27,False,them,us,4,2,1,False,False,True,"MISSOURI Penalty, Roughing Passer (10 Yards) to the Misso 11 for a 1ST down"
401110845,2019,Georgia,home,27,False,us,us,3,22,2,False,False,True,"GEORGIA Penalty, Delay of Game (-5 Yards) to the Misso 35"
401110845,2019,Georgia,home,27,False,them,them,3,6,2,False,False,False,"MISSOURI Penalty, False Start (Tre'Vour Wallace-Simms) to the Misso 24"
401110845,2019,Georgia,home,27,False,them,them,2,7,2,False,False,False,"MISSOURI Penalty, False Start (Albert Okwuegbunam) to the Misso 10"
401110845,2019,Georgia,home,27,False,us,them,3,4,2,False,False,False,"GEORGIA Penalty, Defensive Offside (5 Yards) to the Misso 23 for a 1ST down"
401110845,2019,Georgia,home,27,False,them,us,1,10,4,False,False,True,"MISSOURI Penalty, Defensive Pass Interference (15 Yards) to the Misso 18 for a 1ST down"
401110845,2019,Georgia,home,27,False,us,us,3,11,4,False,False,False,"GEORGIA Penalty, Illegal Formation (-5 Yards) to the Geo 27"
401110849,2019,Georgia,away,7,True,us,us,4,20,1,False,False,False,"GEORGIA Penalty, Delay of Game (-5 Yards) to the Geo 33"
401110849,2019,Georgia,away,7,True,us,us,4,5,2,False,False,False,"GEORGIA Penalty, False Start (-5 Yards) to the Geo 37"
401110849,2019,Georgia,away,7,True,us,us,4,10,2,False,False,False,"GEORGIA Penalty, Delay of Game (-5 Yards) to the Geo 32"
401110849,2019,Georgia,away,7,True,us,them,1,10,3,False,False,False,"GEORGIA Penalty, Personal Foul (15 Yards) to the Geo 43 for a 1ST down"
401110849,2019,Georgia,away,7,True,them,them,1,10,4,False,False,True,"AUBURN Penalty, Illegal Block (Anthony Schwartz) to the Aub 30"
401110849,2019,Georgia,away,7,True,us,us,4,9,4,False,False,False,"GEORGIA Penalty, False Start (Channing Tindall) to the Geo 16"
401110857,2019,Georgia,home,6,True,them,them,2,13,1,False,False,False,"TEXAS A&M Penalty, False Start (Carson Green) to the TexAM 7"
401110857,2019,Georgia,home,6,True,them,them,3,5,2,False,False,True,"TEXAS A&M Penalty, Delay of Game (Kellen Mond) to the Geo 20"
401110857,2019,Georgia,home,6,True,them,them,1,10,2,False,False,False,"TEXAS A&M Penalty, Delay of Game (Kellen Mond) to the TexAM 20"
401110857,2019,Georgia,home,6,True,them,them,3,1,3,False,False,False,"TEXAS A&M Penalty, False Start (Jalen Wydermyer) to the TexAM 18"
401110857,2019,Georgia,home,6,True,them,them,3,10,3,False,False,True,"TEXAS A&M Penalty, False Start (Kenyon Green) to the Geo 17"
401110857,2019,Georgia,home,6,True,them,them,3,10,4,False,False,True,"TEXAS A&M Penalty, False Start (Dan Moore Jr.) to the TexAM 33"
401110867,2019,Georgia,away,45,False,us,them,4,8,1,False,False,False,"GEORGIA TECH Penalty, False Start (Tyler Cooksey) to the GTech 23"
401132981,2019,Georgia,away,-27,False,them,us,3,7,1,False,False,False,"Fromm, Jake pass sacked for loss of 10 yards to the GEORGIA18 (Clark, Damone), PENALTY LSU face mask (Clark, Damone) 15 yards to the GEORGIA43, NO PLAY, 1ST DOW"
401132981,2019,Georgia,away,-27,False,them,them,1,10,1,False,False,False,"LSU Penalty, False Start (Saahdiq Charles) to the LSU 15"
401132981,2019,Georgia,away,-27,False,us,them,1,10,1,False,False,True,"GEORGIA Penalty, Defensive Offside (5 Yards) to the Geo 6"
401132981,2019,Georgia,away,-27,False,them,them,1,10,3,False,False,True,"LSU Penalty, Personal Foul, Targeting (Tory Carter Ejected) to the LSU 12"
401132981,2019,Georgia,away,-27,False,them,us,2,5,3,False,False,True,"Fromm, Jake pass incomplete to Pickens, George, PENALTY LSU holding (Stingley Jr., Derek) 10 yards to the GEORGIA40, NO PLAY, 1ST DOWN GEORGIA."
401132981,2019,Georgia,away,-27,False,them,us,2,2,4,False,False,True,"LSU Penalty, Defensive Pass Interference (3 Yards) to the LSU 2 for a 1ST down"
401135289,2019,Georgia,away,12,False,them,us,1,10,2,False,False,True,"BAYLOR Penalty, Neutral Zone Infraction (Gabe Hall) to the Geo 48"
401135289,2019,Georgia,away,12,False,them,them,1,10,2,False,False,False,"BAYLOR Penalty, False Start (Khalil Keith) to the Bayl 20"
401135289,2019,Georgia,away,12,False,them,them,3,10,2,False,False,False,"BAYLOR Penalty, Personal Foul (Blake Bedier) to the Bayl 15"
401135289,2019,Georgia,away,12,False,us,them,1,10,3,False,False,False,"GEORGIA Penalty, Personal Foul (Malik Herring) to the Bayl 48 for a 1ST down"
401135289,2019,Georgia,away,12,False,them,them,1,10,3,False,False,True,"BAYLOR Penalty, Personal Foul (-15 Yards) to the Geo 31"
401135289,2019,Georgia,away,12,False,us,them,1,10,3,False,False,True,"GEORGIA Penalty, Defensive Pass Interference (Mark Webb) to the Geo 2 for a 1ST down"
401135289,2019,Georgia,away,12,False,them,us,2,7,4,False,False,False,"BAYLOR Penalty, Defensive Offside (James Lynch) to the Geo 40"
401135289,2019,Georgia,away,12,False,them,them,3,7,4,False,False,False,"BAYLOR Penalty, False Start (Sam Tecklenburg) to the Bayl 19"
401135289,2019,Georgia,away,12,False,us,us,2,6,4,False,False,False,"GEORGIA Penalty, Offensive Holding (Warren Ericson) to the Geo 45"
401237033,2020,Georgia,away,27,False,us,us,2,8,1,False,False,False,"D'Wan Mathis rush for 16 yards to the AR48 (Dorian Gerald;Montaric Brown), PENALTY UGA holding 10 yards to the UGA26, NO PLAY."
401237033,2020,Georgia,away,27,False,us,us,3,4,1,False,False,False,"GEORGIA Penalty, false start (-5 Yards) to the Geo 48"
401237033,2020,Georgia,away,27,False,us,them,3,6,1,False,False,True,"Feleipe Franks pass incomplete to Tyson Morris, PENALTY UGA pass interference (Eric Stokes) 12 yards to the AR25, 1ST DOWN AR, NO PLAY."
401237033,2020,Georgia,away,27,False,them,them,1,10,1,False,False,True,"ARKANSAS Penalty, false start (-5 Yards) to the Geo 49"
401237033,2020,Georgia,away,27,False,us,us,4,12,1,False,False,False,"Jake Camarda punt 47 yards to the AR5, downed, PENALTY UGA illegal formation 5 yards to the UGA43, NO PLAY."
401237033,2020,Georgia,away,27,False,us,them,1,10,1,False,False,False,"Rakeem Boyd rush for loss of 4 yards to the AR3 (Monty Rice), PENALTY UGA face mask (Monty Rice) 15 yards to the AR22, 1ST DOWN AR, NO PLAY."
401237033,2020,Georgia,away,27,False,them,them,1,10,1,False,False,False,"ARKANSAS Penalty, false start (-2 Yards) to the Ark 3"
401237033,2020,Georgia,away,27,False,us,us,3,7,1,False,False,False,"GEORGIA Penalty, false start (-5 Yards) to the Ark 47"
401237033,2020,Georgia,away,27,False,them,them,1,10,1,False,False,True,"ARKANSAS Penalty, false start ( Yards) to the Ark 1"
401237033,2020,Georgia,away,27,False,us,us,1,10,2,False,False,False,"James Cook rush for 9 yards to the UGA48 (Jalen Catalon), PENALTY UGA illegal formation 5 yards to the UGA34, NO PLAY."
401237033,2020,Georgia,away,27,False,them,them,3,18,2,False,False,False,"ARKANSAS Penalty, false start (Myron Cunningham) to the Ark 47"
401237033,2020,Georgia,away,27,False,us,them,4,12,2,False,False,False,"George Caratan punt 20 yards to the UGA22, out-of-bounds, PENALTY UGA roughing the kicker 5 yards to the UGA37, NO PLAY."
401237033,2020,Georgia,away,27,False,them,them,4,7,2,False,False,False,"ARKANSAS Penalty, delay of game (-5 Yards) to the Geo 42"
401237033,2020,Georgia,away,27,False,us,them,3,10,4,False,False,False,"Feleipe Franks pass complete to DeVion Warren for 13 yards to the AR38, PENALTY UGA roughing passer off-setting, PENALTY AR illegal touching off-setting, NO PLA"
401237033,2020,Georgia,away,27,False,us,us,3,3,4,False,False,False,"D'Wan Mathis pass complete to Kenny McIntosh for 28 yards to the AR28 (Jalen Catalon), PENALTY UGA holding (Xavier Truss) 10 yards to the UGA34, NO PLAY."
401237033,2020,Georgia,away,27,False,them,them,1,10,4,False,False,False,"ARKANSAS Penalty, false start (-5 Yards) to the Geo 36"
401237095,2020,Georgia,home,21,False,us,us,4,5,1,False,False,False,"GEORGIA Penalty, False Start (Channing Tindall) to the Geo 43"
401237095,2020,Georgia,home,21,False,us,us,4,10,1,False,False,False,"GEORGIA Penalty, False Start (Quay Walker) to the Geo 37"
401237095,2020,Georgia,home,21,False,them,them,1,10,1,False,False,False,"AUBURN Penalty, False Start (Nick Brahms) to the Aub 15"
401237095,2020,Georgia,home,21,False,them,them,1,15,1,False,False,False,"AUBURN Penalty, False Start (Brodarious Hamm) to the Aub 10"
401237095,2020,Georgia,home,21,False,them,them,4,3,1,False,False,False,"AUBURN Penalty, Delay of Game (-5 Yards) to the Aub 47"
401237095,2020,Georgia,home,21,False,us,us,1,10,2,False,False,True,"GEORGIA Penalty, False Start (George Pickens) to the Geo 39"
401237095,2020,Georgia,home,21,False,them,them,3,8,4,False,False,False,"AUBURN Penalty, False Start (Tashawn Manning) to the Aub 22"
401237103,2020,Georgia,home,23,False,them,them,1,10,1,False,False,False,"TENNESSEE Penalty, False Start (Cade Mays) to the Tenn 41"
401237103,2020,Georgia,home,23,False,them,them,3,6,1,False,False,False,"TENNESSEE Penalty, Offensive Holding (Wanya Morris) to the Tenn 40"
401237103,2020,Georgia,home,23,False,them,us,2,7,1,False,False,True,"TENNESSEE Penalty, Defensive Offside (Kurott Garland) to the Tenn 47"
401237103,2020,Georgia,home,23,False,them,them,2,3,2,False,False,False,"TENNESSEE Penalty, False Start (-5 Yards) to the Tenn 27"
401237103,2020,Georgia,home,23,False,them,them,2,9,3,False,False,False,"TENNESSEE Penalty, False Start (Darnell Wright) to the Tenn 21"
401237103,2020,Georgia,home,23,False,them,them,2,15,3,False,False,False,"TENNESSEE Penalty, False Start (-5 Yards) to the Tenn 26"
401237103,2020,Georgia,home,23,False,us,us,3,4,4,False,False,True,"GEORGIA Penalty, Unsportsmanlike Conduct (-15 Yards) to the Geo 20"
401237117,2020,Georgia,away,11,False,them,them,1,10,2,False,False,True,"KENTUCKY Penalty, Illegal Shift (-5 Yards) to the Geo 34"
401237117,2020,Georgia,away,11,False,them,us,2,10,2,False,False,False,"KENTUCKY Penalty, Defensive Offside (5 Yards) to the Kent 35"
401237117,2020,Georgia,away,11,False,us,them,4,17,4,False,False,False,"GEORGIA Penalty, Defensive Pass Interference (9 Yards) to the Kent 25 for a 1ST down"
401237117,2020,Georgia,away,11,False,them,them,1,10,4,False,False,False,"KENTUCKY Penalty, Offensive Holding (-10 Yards) to the Kent 15"
401237117,2020,Georgia,away,11,False,them,them,2,15,4,False,False,False,"KENTUCKY Penalty, Offensive Holding (-10 Yards) to the Kent 10"
401237125,2020,Georgia,home,-16,False,us,them,2,9,2,False,False,True,"GEORGIA Penalty, Personal Foul (Lewis Cine) to the Geo 28 for a 1ST down"
401237125,2020,Georgia,home,-16,False,them,them,1,10,2,False,False,True,"FLORIDA Penalty, False Start (Jean Delance) to the Fla 45"
401237125,2020,Georgia,home,-16,False,us,them,1,10,2,False,False,True,"GEORGIA Penalty, Face Mask (15 yards) (Monty Rice) to the Geo 22 for a 1ST down"
401237125,2020,Georgia,home,-16,False,them,us,1,10,3,False,False,True,"FLORIDA Penalty, Defensive Offside (Brenton Cox Jr.) to the Geo 47"
401237125,2020,Georgia,home,-16,False,us,us,1,10,3,False,False,True,"GEORGIA Penalty, False Start (Justin Shaffer) to the Fla 39"
401237125,2020,Georgia,home,-16,False,them,them,4,4,4,False,False,True,"FLORIDA Penalty, Delay of Game (-5 Yards) to the Geo 15"
401237139,2020,Georgia,home,7,True,us,us,1,10,2,False,False,True,"GEORGIA Penalty, Offensive Holding (-10 Yards) to the Geo 20"
401237139,2020,Georgia,home,7,True,us,us,3,10,4,False,False,True,"GEORGIA Penalty, Offensive Holding (Warren McClendon) to the MisSt 40"
401237139,2020,Georgia,home,7,True,us,us,2,4,4,False,False,False,"GEORGIA Penalty, Personal Foul (Darnell Washington) to the Geo 40"
401237145,2020,Georgia,away,29,False,us,us,3,6,1,False,False,True,"GEORGIA Penalty, Offensive Offside (-5 Yards) to the Geo 30"
401237145,2020,Georgia,away,29,False,us,them,2,6,2,False,False,True,"GEORGIA Penalty, Defensive Pass Interference (Lewis Cine) to the SCaro 40 for a 1ST down"
401237145,2020,Georgia,away,29,False,them,them,2,10,2,False,False,True,"SOUTH CAROLINA Penalty, False Start (-5 Yards) to the Geo 40"
401237145,2020,Georgia,away,29,False,them,them,4,1,2,False,False,False,"SOUTH CAROLINA Penalty, False Start (-5 Yards) to the Geo 35"
401237145,2020,Georgia,away,29,False,us,us,1,10,3,False,False,True,"GEORGIA Penalty, Illegal Formation (-5 Yards) to the SCaro 20"
401237145,2020,Georgia,away,29,False,us,us,1,10,3,False,False,True,"GEORGIA Penalty, Offensive Holding (-10 Yards) to the SCaro 31"
401237145,2020,Georgia,away,29,False,us,us,1,0,4,False,False,True,"GEORGIA Penalty, Delay of Game (-5 Yards) to the SCaro 8"
401267161,2020,Georgia,away,35,False,them,them,2,1,2,False,False,False,"MISSOURI Penalty, False Start (-5 Yards) to the Misso 24"
401267161,2020,Georgia,away,35,False,us,them,3,5,2,False,False,False,"GEORGIA Penalty, Defensive Pass Interference (9 Yards) to the Misso 34 for a 1ST down"
401267161,2020,Georgia,away,35,False,them,them,3,10,3,False,False,False,"MISSOURI Penalty, Offensive Holding (-5 Yards) to the Geo 47"
401267161,2020,Georgia,away,35,False,them,them,2,3,3,False,False,False,"MISSOURI Penalty, False Start (-5 Yards) to the Misso 27"
401256108,2020,Georgia,away,3,True,them,them,3,1,2,False,False,True,"CINCINNATI Penalty, False Start (Jakari Robinson) to the Cincy 30"
401256108,2020,Georgia,away,3,True,them,us,3,1,3,False,False,False,"CINCINNATI Penalty, Defensive Offside (6 Yards) to the Cincy 34 for a 1ST down"
401256108,2020,Georgia,away,3,True,them,them,3,2,3,False,False,False,"CINCINNATI Penalty, False Start (Lorenz Metz) to the Cincy 28"
401256108,2020,Georgia,away,3,True,them,them,1,10,4,False,False,False,"CINCINNATI Penalty, False Start (Lorenz Metz) to the Cincy 33"
401256108,2020,Georgia,away,3,True,them,them,3,2,4,False,False,False,"CINCINNATI Penalty, False Start (Lorenz Metz) to the Cincy 28"
401256108,2020,Georgia,away,3,True,us,us,4,6,4,False,False,True,"GEORGIA Penalty, Unsportsmanlike Conduct (-15 Yards) to the Geo 20"
401281946,2021,Clemson,home,-7,True,them,them,2,3,1,False,False,False,"GEORGIA Penalty, False Start (Justin Shaffer) to the Geo 27"
401281946,2021,Clemson,home,-7,True,us,them,2,7,1,False,False,False,"CLEMSON Penalty, Delay of Game (5 Yards) to the Geo 44"
401281946,2021,Clemson,home,-7,True,them,them,4,3,1,False,False,False,"GEORGIA Penalty, Delay of Game (-5 Yards) to the Clem 47"
401281946,2021,Clemson,home,-7,True,them,them,3,2,1,False,False,False,"GEORGIA Penalty, False Start (Xavier Truss) to the Geo 40"
401281946,2021,Clemson,home,-7,True,us,us,4,10,2,False,False,False,"CLEMSON Penalty, Delay of Game (-5 Yards) to the Geo 42"
401281946,2021,Clemson,home,-7,True,us,us,3,4,4,False,False,True,"CLEMSON Penalty, False Start (Jordan McFadden) to the Clem 14"
401282060,2021,Georgia,home,49,False,them,them,3,9,1,False,False,False,"UAB Penalty, False Start (-5 Yards) to the UAB 21"
401282060,2021,Georgia,home,49,False,them,them,3,14,1,False,False,False,"UAB Penalty, Personal Foul (-10 Yards) to the UAB 11"
401282060,2021,Georgia,home,49,False,them,us,2,3,1,False,False,True,"UAB Penalty, Defensive Offside (5 Yards) to the UAB 18 for a 1ST down"
401282060,2021,Georgia,home,49,False,them,them,3,4,2,False,False,False,"UAB Penalty, False Start (-5 Yards) to the Geo 41"
401282060,2021,Georgia,home,49,False,them,them,1,10,2,False,False,False,"UAB Penalty, False Start (-5 Yards) to the UAB 13"
401282060,2021,Georgia,home,49,False,them,them,1,10,2,False,False,False,"UAB Penalty, False Start (-3 Yards) to the UAB 4"
401282060,2021,Georgia,home,49,False,them,them,2,1,2,False,False,False,"UAB Penalty, False Start (-5 Yards) to the UAB 11"
401282060,2021,Georgia,home,49,False,them,them,4,3,3,False,False,False,"UAB Penalty, False Start (-5 Yards) to the UAB 27"
401282060,2021,Georgia,home,49,False,them,them,1,10,3,False,False,False,"UAB Penalty, False Start (-5 Yards) to the UAB 32"
401282060,2021,Georgia,home,49,False,them,us,2,9,3,False,False,True,"Beck, Carson pass incomplete, PENALTY UAB pass interference 15 yards to the UAB12, NO PLAY, 1ST DOWN GEORGIA."
401282072,2021,Georgia,home,27,False,them,them,2,8,1,False,False,True,"SOUTH CAROLINA Penalty, False Start (Dylan Wonnum) to the SCaro 22"
401282072,2021,Georgia,home,27,False,us,them,1,10,1,False,False,False,"GEORGIA Penalty, Delay of Game (5 Yards) to the SCaro 28"
401282072,2021,Georgia,home,27,False,them,them,2,7,1,False,False,True,"SOUTH CAROLINA Penalty, 12 Men on the Field (-5 Yards) to the Geo 14"
401282072,2021,Georgia,home,27,False,them,us,1,10,2,False,False,True,"SOUTH CAROLINA Penalty, Defensive Holding (Jahmar Brown) to the SCaro 38 for a 1ST down"
401282072,2021,Georgia,home,27,False,them,them,2,10,2,False,False,False,"SOUTH CAROLINA Penalty, False Start (Josh Vann) to the SCaro 20"
401282072,2021,Georgia,home,27,False,them,them,3,14,2,False,False,False,"SOUTH CAROLINA Penalty, Offensive Holding (Eric Douglas) to the SCaro 29"
401282072,2021,Georgia,home,27,False,them,them,3,3,3,False,False,False,"SOUTH CAROLINA Penalty, False Start (Jovaughn Gwyn) to the SCaro 27"
401282072,2021,Georgia,home,27,False,them,us,2,1,3,False,False,True,"SOUTH CAROLINA Penalty, Defensive Offside (5 Yards) to the SCaro 8 for a 1ST down"
401282072,2021,Georgia,home,27,False,us,them,3,7,3,False,False,False,"GEORGIA Penalty, Face Mask (15 yards) (Quay Walker) to the SCaro 43 for a 1ST down"
401282072,2021,Georgia,home,27,False,us,us,1,10,3,False,False,False,"GEORGIA Penalty, False Start (-5 Yards) to the Geo 45"
401282072,2021,Georgia,home,27,False,us,them,2,0,4,False,False,True,"GEORGIA Penalty, Defensive Offside (1 Yards) to the Geo 2"
401282072,2021,Georgia,home,27,False,us,us,4,2,4,False,False,False,"GEORGIA Penalty, False Start (Nakobe Dean) to the Geo 31"
401282072,2021,Georgia,home,27,False,them,them,1,0,4,False,False,False,"SOUTH CAROLINA Penalty, Offensive Holding (-10 Yards) to the Geo 20"
401282088,2021,Georgia,away,62,False,them,them,2,10,1,False,False,False,"VANDERBILT Penalty, False Start (-5 Yards) to the Vandy 12"
401282088,2021,Georgia,away,62,False,them,them,4,5,2,False,False,False,"VANDERBILT Penalty, False Start (-4 Yards) to the Vandy 4"
401282088,2021,Georgia,away,62,False,them,us,4,1,4,False,False,True,"VANDERBILT Penalty, Defensive Offside (5 Yards) to the Vandy 23 for a 1ST down"
401282088,2021,Georgia,away,62,False,us,us,1,10,4,False,False,False,"GEORGIA Penalty, False Start ( Yards) to the Geo 1"
401282088,2021,Georgia,away,62,False,us,us,3,8,4,False,False,False,"GEORGIA Penalty, False Start (-1 Yards) to the Geo 2"
401282088,2021,Georgia,away,62,False,us,us,3,9,4,False,False,False,"GEORGIA Penalty, False Start (-1 Yards) to the Geo 1"
401282090,2021,Georgia,home,37,False,them,them,1,10,1,False,False,False,"ARKANSAS Penalty, False Start (Dalton Wagner) to the Ark 12"
401282090,2021,Georgia,home,37,False,them,them,1,15,1,False,False,False,"ARKANSAS Penalty, False Start (Brady Latham) to the Ark 7"
401282090,2021,Georgia,home,37,False,us,us,1,10,2,False,False,True,"GEORGIA Penalty, False Start (Warren McClendon) to the Geo 27"
401282090,2021,Georgia,home,37,False,them,us,3,10,2,False,False,True,"ARKANSAS Penalty, Defensive Offside (Tre Williams) to the Ark 29"
401282090,2021,Georgia,home,37,False,them,them,3,2,2,False,False,False,"ARKANSAS Penalty, False Start (Dalton Wagner) to the Ark 28"
401282090,2021,Georgia,home,37,False,us,us,2,9,2,False,False,False,"GEORGIA Penalty, False Start (Zamir White) to the Geo 8"
401282090,2021,Georgia,home,37,False,them,them,1,10,3,False,False,False,"ARKANSAS Penalty, False Start (Dalton Wagner) to the Ark 20"
401282090,2021,Georgia,home,37,False,them,them,3,15,3,False,False,False,"ARKANSAS Penalty, Illegal Procedure (Ricky Stromberg) to the Ark 15"
401282097,2021,Georgia,away,24,False,them,them,4,4,1,False,False,False,"AUBURN Penalty, Illegal Formation (-5 Yards) to the Aub 26"
401282097,2021,Georgia,away,24,False,us,us,4,12,2,False,False,False,"GEORGIA Penalty, False Start (-5 Yards) to the Geo 23"
401282097,2021,Georgia,away,24,False,us,them,4,0,2,False,False,False,"GEORGIA Penalty, Defensive Offside (4 Yards) to the Geo 3"
401282105,2021,Georgia,home,17,False,them,them,2,9,1,False,False,False,"KENTUCKY Penalty, Illegal Formation (-5 Yards) to the Kent 47"
401282105,2021,Georgia,home,17,False,us,us,2,8,1,False,False,True,"GEORGIA Penalty, Ineligible Downfield on Pass (-5 Yards) to the Kent 28"
401282105,2021,Georgia,home,17,False,us,them,2,1,2,False,False,True,"GEORGIA Penalty, Defensive Pass Interference (2 Yards) to the Geo 17 for a 1ST down"
401282105,2021,Georgia,home,17,False,them,them,1,10,4,False,False,True,"KENTUCKY Penalty, False Start (Kenneth Horsey) to the Kent 36"
401282105,2021,Georgia,home,17,False,us,them,3,10,4,False,False,True,"GEORGIA Penalty, Sideline Interference (15 Yards) to the 50 yard line"
401282117,2021,Georgia,away,27,False,them,us,1,10,1,False,False,False,"FLORIDA Penalty, Defensive Offside (Brenton Cox Jr.) to the 50 yard line"
401282117,2021,Georgia,away,27,False,us,us,3,8,1,False,False,False,"GEORGIA Penalty, False Start (Adonai Mitchell) to the Fla 46"
401282117,2021,Georgia,away,27,False,us,us,2,10,2,False,False,True,"GEORGIA Penalty, Offensive Holding (Sedrick Van Pran) to the Geo 38"
401282117,2021,Georgia,away,27,False,them,us,2,20,2,False,False,True,"FLORIDA Penalty, Defensive Holding (Kaiir Elam) to the Geo 48 for a 1ST down"
401282117,2021,Georgia,away,27,False,them,them,3,21,2,False,False,False,"FLORIDA Penalty, False Start (-5 Yards) to the Geo 47"
401282117,2021,Georgia,away,27,False,them,them,1,10,2,False,False,False,"FLORIDA Penalty, False Start (Michael Tarquin) to the Fla 20"
401282117,2021,Georgia,away,27,False,them,them,3,1,3,False,False,False,"FLORIDA Penalty, False Start (Josh Braun) to the Fla 29"
401282117,2021,Georgia,away,27,False,us,us,4,1,3,False,False,True,"GEORGIA Penalty, False Start (Warren McClendon) to the Fla 25"
401282117,2021,Georgia,away,27,False,them,them,4,2,4,False,False,False,"FLORIDA Penalty, False Start (-5 Yards) to the Geo 25"
401282117,2021,Georgia,away,27,False,us,them,1,19,4,False,False,True,"GEORGIA Penalty, Defensive Offside (5 Yards) to the Geo 30"
401282117,2021,Georgia,away,27,False,us,them,1,10,4,False,False,True,"GEORGIA Penalty, Defensive Pass Interference (Lewis Cine) to the Geo 2 for a 1ST down"
401282122,2021,Georgia,home,37,False,them,them,1,10,1,False,False,False,"MISSOURI Penalty, False Start (Michael Maietti) to the Misso 39"
401282122,2021,Georgia,home,37,False,us,us,1,10,1,False,False,True,"GEORGIA Penalty, False Start (Warren Ericson) to the Geo 20"
401282122,2021,Georgia,home,37,False,them,them,3,2,2,False,False,True,"MISSOURI Penalty, False Start (Luke Griffin) to the Misso 28"
401282133,2021,Georgia,away,24,False,us,them,1,10,1,False,False,True,"GEORGIA Penalty, Defensive Pass Interference (Kelee Ringo) to the Geo 16 for a 1ST down"
401282133,2021,Georgia,away,24,False,them,them,2,7,1,False,False,True,"TENNESSEE Penalty, Offensive Holding (Jerome Carvin) to the Geo 48"
401282133,2021,Georgia,away,24,False,us,us,2,10,2,False,False,True,"GEORGIA Penalty, Offensive Holding (Brock Bowers) to the Tenn 47"
401282133,2021,Georgia,away,24,False,us,us,1,10,3,False,False,False,"GEORGIA Penalty, Offensive Holding (Warren McClendon) to the Geo 20"
401282133,2021,Georgia,away,24,False,them,them,1,10,3,False,False,False,"TENNESSEE Penalty, False Start (-5 Yards) to the Geo 46"
401282133,2021,Georgia,away,24,False,us,them,3,7,3,False,False,False,"GEORGIA Penalty, Defensive Pass Interference (Christopher Smith) to the Geo 23 for a 1ST down"
401282133,2021,Georgia,away,24,False,them,them,1,10,4,False,False,True,"TENNESSEE Penalty, Delay of Game (-5 Yards) to the Tenn 20"
401282133,2021,Georgia,away,24,False,us,them,3,11,4,False,False,True,"GEORGIA Penalty, Substitution Infraction (5 Yards) to the Geo 12"
401282133,2021,Georgia,away,24,False,them,them,2,10,4,False,False,False,"TENNESSEE Penalty, Offensive Holding (Dayne Davis) to the Geo 47"
401282136,2021,Georgia,home,49,False,us,them,2,18,1,False,False,False,"GEORGIA Penalty, Defensive Holding (Latavious Brini) to the ChaSo 27 for a 1ST down"
401282136,2021,Georgia,home,49,False,us,them,4,14,4,False,False,False,"GEORGIA Penalty, Defensive Pass Interference (Lovasea Carroll) to the Geo 17 for a 1ST down"
401282148,2021,Georgia,away,45,False,us,them,4,9,3,False,False,False,"GEORGIA TECH Penalty, False Start (Ryan Johnson) to the Geo 33"
401403858,2022,Georgia,home,46,False,them,them,3,3,1,False,False,False,"OREGON Penalty, False Start (-5 Yards) to the Oregn 16"
401403858,2022,Georgia,home,46,False,us,us,1,10,2,False,False,True,"GEORGIA Penalty, Face Mask (15 yards) (-15 Yards) to the Geo 29"
401403858,2022,Georgia,home,46,False,them,them,3,11,2,False,False,True,"OREGON Penalty, False Start (-5 Yards) to the Geo 17"
401403858,2022,Georgia,home,46,False,us,us,1,10,2,False,False,True,"GEORGIA Penalty, False Start (-5 Yards) to the Geo 37"
401403858,2022,Georgia,home,46,False,them,them,2,10,3,False,False,False,"OREGON Penalty, False Start (-5 Yards) to the Oregn 35"
401403858,2022,Georgia,home,46,False,us,us,1,10,4,False,False,False,"GEORGIA Penalty, Offensive Holding (-10 Yards) to the Geo 19"
401403858,2022,Georgia,home,46,False,them,them,2,0,4,False,False,False,"OREGON Penalty, Delay of Game (-5 Yards) to the Geo 17"
401403872,2022,Georgia,home,33,False,us,us,4,2,1,False,False,True,"GEORGIA Penalty, Delay of Game (-5 Yards) to the Samf 9"
401403872,2022,Georgia,home,33,False,them,us,1,10,1,False,False,True,"SAMFORD Penalty, 12 Men on the Field (5 Yards) to the Samf 23"
401403872,2022,Georgia,home,33,False,them,them,2,3,2,False,False,False,"SAMFORD Penalty, Offensive Holding (-10 Yards) to the Samf 22"
401403872,2022,Georgia,home,33,False,them,us,2,5,2,False,False,True,"SAMFORD Penalty, Unnecessary Roughness (11 Yards) to the Samf 10 for a 1ST down"
401403872,2022,Georgia,home,33,False,us,us,1,10,2,False,False,True,"GEORGIA Penalty, False Start (-5 Yards) to the Samf 28"
401403872,2022,Georgia,home,33,False,us,us,4,1,3,False,False,False,"GEORGIA Penalty, False Start (-5 Yards) to the Samf 43"
401403872,2022,Georgia,home,33,False,them,them,1,10,3,False,False,False,"SAMFORD Penalty, False Start (Austin Guyse) to the Samf 18"
401403872,2022,Georgia,home,33,False,them,them,1,10,4,False,False,False,"SAMFORD Penalty, False Start (Jocquet Jiles) to the Geo 36"
401403888,2022,Georgia,away,41,False,them,us,1,10,2,False,False,True,"SOUTH CAROLINA Penalty, Defensive Pass Interference (15 Yards) to the SCaro 37 for a 1ST down"
401403888,2022,Georgia,away,41,False,them,them,2,9,2,False,False,False,"SOUTH CAROLINA Penalty, False Start (Dylan Wonnum) to the SCaro 45"
401403888,2022,Georgia,away,41,False,us,them,3,10,2,False,False,False,"GEORGIA Penalty, Defensive Pass Interference (Kamari Lassiter) to the SCaro 30 for a 1ST down"
401403888,2022,Georgia,away,41,False,them,us,1,10,3,False,False,True,"SOUTH CAROLINA Penalty, Defensive Pass Interference (15 Yards) to the SCaro 39 for a 1ST down"
401403888,2022,Georgia,away,41,False,them,them,4,3,3,False,False,False,"SOUTH CAROLINA Penalty, Illegal Block (-15 Yards) to the SCaro 37"
401403895,2022,Georgia,home,17,False,them,them,2,6,1,False,False,True,"KENT ST Penalty, False Start (Devontez Walker) to the KntSt 5"
401403895,2022,Georgia,home,17,False,them,them,3,0,3,False,False,True,"KENT ST Penalty, False Start (-5 Yards) to the Geo 6"
401403907,2022,Georgia,away,4,True,them,them,1,10,1,False,False,True,"MISSOURI Penalty, Offensive Holding (-10 Yards) to the Misso 49"
401403907,2022,Georgia,away,4,True,them,them,1,10,1,False,False,True,"MISSOURI Penalty, False Start (-5 Yards) to the Geo 29"
401403907,2022,Georgia,away,4,True,us,them,1,10,2,False,False,True,"GEORGIA Penalty, Defensive Pass Interference (15 Yards) to the Geo 14 for a 1ST down"
401403907,2022,Georgia,away,4,True,them,them,1,0,2,False,False,True,"MISSOURI Penalty, False Start (-5 Yards) to the Geo 6"
401403907,2022,Georgia,away,4,True,us,us,1,10,2,False,False,True,"GEORGIA Penalty, False Start (-5 Yards) to the Geo 25"
401403907,2022,Georgia,away,4,True,them,us,2,10,2,False,False,True,"MISSOURI Penalty, Defensive Holding (10 Yards) to the Misso 12 for a 1ST down"
401403907,2022,Georgia,away,4,True,us,us,2,10,2,False,False,True,"GEORGIA Penalty, Personal Foul (-15 Yards) to the Misso 27"
401403907,2022,Georgia,away,4,True,us,us,1,10,3,False,False,True,"GEORGIA Penalty, False Start (-5 Yards) to the Misso 20"
401403907,2022,Georgia,away,4,True,them,them,3,7,4,False,False,False,"MISSOURI Penalty, Personal Foul (-15 Yards) to the Misso 38"
401403911,2022,Georgia,home,32,False,them,them,2,10,1,False,False,False,"AUBURN Penalty, False Start (Ja'Varrius Johnson) to the Aub 30"
401403911,2022,Georgia,home,32,False,them,them,3,10,1,False,False,False,"AUBURN Penalty, False Start (Brandon Council) to the Aub 10"
401403911,2022,Georgia,home,32,False,them,them,4,10,1,False,False,False,"AUBURN Penalty, False Start (Cam Riley) to the Aub 24"
401403911,2022,Georgia,home,32,False,them,them,1,10,2,False,False,False,"AUBURN Penalty, False Start (-5 Yards) to the Aub 20"
401403911,2022,Georgia,home,32,False,them,them,2,1,2,False,False,False,"AUBURN Penalty, False Start (Brenden Coffey) to the Aub 18"
401403911,2022,Georgia,home,32,False,them,them,1,10,3,False,False,False,"AUBURN Penalty, False Start (Camden Brown) to the Aub 33"
401403911,2022,Georgia,home,32,False,us,us,2,9,3,False,False,False,"GEORGIA Penalty, False Start (Ladd McConkey) to the Geo 40"
401403911,2022,Georgia,home,32,False,them,us,1,10,4,False,False,True,"AUBURN Penalty, Defensive Offside (5 Yards) to the Aub 7"
401403918,2022,Georgia,home,55,False,them,them,2,10,1,False,False,False,"VANDERBILT Penalty, Offensive Pass Interference (-15 Yards) to the Vandy 23"
401403918,2022,Georgia,home,55,False,them,them,3,22,1,False,False,False,"VANDERBILT Penalty, Unsportsmanlike Conduct (-13 Yards) to the Vandy 13"
401403918,2022,Georgia,home,55,False,us,them,1,10,1,False,False,False,"GEORGIA Penalty, Defensive Pass Interference (4 Yards) to the Vandy 29 for a 1ST down"
401403918,2022,Georgia,home,55,False,them,us,4,1,2,False,False,True,"VANDERBILT Penalty, Substitution Infraction (5 Yards) to the Vandy 4 for a 1ST down"
401403918,2022,Georgia,home,55,False,us,them,1,10,2,False,False,False,"GEORGIA Penalty, Personal Foul (16 Yards) to the Geo 17 for a 1ST down"
401403918,2022,Georgia,home,55,False,them,us,3,10,4,False,False,True,"VANDERBILT Penalty, Defensive Pass Interference (9 Yards) to the Vandy 2 for a 1ST down"
401403928,2022,Georgia,home,22,False,us,us,1,20,1,False,False,False,"GEORGIA Penalty, False Start (Warren McClendon) to the Geo 21"
401403928,2022,Georgia,home,22,False,them,them,3,11,1,False,False,False,"FLORIDA Penalty, False Start (Kingsley Eguakun) to the Fla 30"
401403928,2022,Georgia,home,22,False,them,them,3,7,2,False,False,False,"FLORIDA Penalty, False Start (Kingsley Eguakun) to the Fla 39"
401403928,2022,Georgia,home,22,False,us,them,4,4,3,False,False,True,"GEORGIA Penalty, Unnecessary Roughness (Bear Alexander) to the Geo 31 for a 1ST down"
401403933,2022,Georgia,home,14,False,them,them,1,10,1,False,False,True,"TENNESSEE Penalty, False Start (Gerald Mincey) to the Geo 40"
401403933,2022,Georgia,home,14,False,them,them,1,10,1,False,False,False,"TENNESSEE Penalty, False Start (Gerald Mincey) to the Tenn 32"
401403933,2022,Georgia,home,14,False,them,them,3,2,2,False,False,True,"TENNESSEE Penalty, False Start (Jeremiah Crawford) to the Geo 14"
401403933,2022,Georgia,home,14,False,them,them,3,7,2,False,False,True,"TENNESSEE Penalty, False Start (Jaylen Wright) to the Geo 19"
401403933,2022,Georgia,home,14,False,us,us,3,9,2,False,False,False,"GEORGIA Penalty, False Start (Brock Bowers) to the Geo 34"
401403933,2022,Georgia,home,14,False,them,them,3,12,4,False,False,False,"TENNESSEE Penalty, False Start (Jeremiah Crawford) to the Geo 27"
401403933,2022,Georgia,home,14,False,them,them,4,23,4,False,False,False,"TENNESSEE Penalty, False Start (Darnell Wright) to the Geo 38"
401403944,2022,Georgia,away,26,False,us,us,1,10,1,False,False,True,"GEORGIA Penalty, False Start (-5 Yards) to the Geo 22"
401403944,2022,Georgia,away,26,False,us,them,2,9,2,False,False,True,"GEORGIA Penalty, Defensive Pass Interference (12 Yards) to the Geo 5 for a 1ST down"
401403944,2022,Georgia,away,26,False,us,them,3,8,3,False,False,False,"GEORGIA Penalty, Defensive Pass Interference (9 Yards) to the MisSt 40 for a 1ST down"
401403944,2022,Georgia,away,26,False,us,them,4,17,4,False,False,False,"GEORGIA Penalty, Roughing the Kicker (15 Yards) to the MisSt 33 for a 1ST down"
401403944,2022,Georgia,away,26,False,us,them,2,3,4,False,False,False,"GEORGIA Penalty, Face Mask (15 yards) (15 Yards) to the MisSt 45 for a 1ST down"
401403949,2022,Georgia,away,10,False,them,them,3,9,1,False,False,False,"KENTUCKY Penalty, False Start (Deondre Buford) to the Kent 3"
401403949,2022,Georgia,away,10,False,them,them,1,10,2,False,False,False,"KENTUCKY Penalty, False Start (Deondre Buford) to the Geo 21"
401403949,2022,Georgia,away,10,False,them,them,2,7,3,False,False,False,"KENTUCKY Penalty, False Start (Dane Key) to the Kent 9"
401403959,2022,Georgia,home,23,False,us,us,3,0,1,False,False,True,"GEORGIA Penalty, False Start (Darnell Washington) to the GTech 12"
401403959,2022,Georgia,home,23,False,us,them,2,9,2,False,False,False,"GEORGIA TECH Penalty, False Start (Dylan Leonard) to the GTech 21"
401403959,2022,Georgia,home,23,False,us,them,3,12,2,False,False,False,"GEORGIA Penalty, Defensive Pass Interference (Kelee Ringo) to the 50 yard line for a 1ST down"
401403959,2022,Georgia,home,23,False,us,us,2,5,3,False,False,True,"GEORGIA Penalty, Personal Foul (Warren McClendon) to the GTech 43"
401403959,2022,Georgia,home,23,False,us,us,3,15,3,False,False,True,"GEORGIA TECH Penalty, Defensive Offside (Kyle Kennard) to the GTech 33"
401403959,2022,Georgia,home,23,False,us,us,1,10,4,False,False,True,"GEORGIA Penalty, Personal Foul (Broderick Jones) to the Geo 20"
401403959,2022,Georgia,home,23,False,us,them,2,10,4,False,False,True,"GEORGIA TECH Penalty, Ineligible Downfield on Pass (-5 Yards) to the Geo 38"
401437036,2022,Georgia,home,20,False,us,us,1,10,2,False,False,True,"GEORGIA Penalty, False Start (-5 Yards) to the Geo 19"
401437036,2022,Georgia,home,20,False,them,us,2,11,2,False,False,True,"Bennett, Stetson pass incomplete to Rosemy-Jacksaint, Marcus, PENALTY LSU roughing passer 15 yards to the GEORGIA38, NO PLAY, 1ST DOWN GEORGIA."
401437036,2022,Georgia,home,20,False,them,us,1,10,3,False,False,False,"LSU Penalty, Defensive Offside (5 Yards) to the LSU 45"
401442010,2022,Georgia,home,58,False,them,them,1,10,1,False,False,False,"TCU Penalty, False Start (Steve Avila) to the TCU 20"
401442010,2022,Georgia,home,58,False,us,us,1,10,1,False,False,True,"GEORGIA Penalty, False Start (Xavier Truss) to the Geo 38"
401442010,2022,Georgia,home,58,False,us,us,1,10,1,False,False,True,"GEORGIA Penalty, Illegal Shift (Arian Smith) to the TCU 39"
401442010,2022,Georgia,home,58,False,us,them,3,14,1,False,False,False,"GEORGIA Penalty, Defensive Holding (Javon Bullard) to the TCU 31 for a 1ST down"
401442010,2022,Georgia,home,58,False,us,us,1,10,2,False,False,True,"GEORGIA Penalty, Offensive Holding (Darnell Washington) to the TCU 41"
401442010,2022,Georgia,home,58,False,them,us,2,10,3,False,False,True,"TCU Penalty, Defensive Pass Interference (15 Yards) to the TCU 43 for a 1ST down"
401520154,2023,Georgia,home,41,False,them,them,2,10,1,False,False,False,"UT Martin Penalty, False Start (Drake Carroll) to the UTM 15"
401520154,2023,Georgia,home,41,False,them,them,3,8,2,False,False,False,"UT Martin Penalty, Delay of Game (-5 Yards) to the UTM 9"
401520154,2023,Georgia,home,41,False,them,them,3,2,2,False,False,False,"UT Martin Penalty, False Start (Trevonte Rucker) to the UTM 28"
401520154,2023,Georgia,home,41,False,us,us,4,1,3,False,False,False,"Georgia Penalty, False Start (Oscar Delp) to the UGA 35"
401520154,2023,Georgia,home,41,False,them,them,4,11,3,False,False,False,"UT Martin Penalty, Delay of Game (-5 Yards) to the UGA 44"
401520154,2023,Georgia,home,41,False,them,them,2,8,4,False,False,False,"UT Martin Penalty, Delay of Game (-5 Yards) to the UTM 22"
401520191,2023,Georgia,home,42,False,them,them,2,9,4,False,False,False,"Ball State Penalty, False Start (Cole Mosier) to the BALL 36"
401520225,2023,Georgia,home,10,False,them,them,2,10,1,False,False,True,"South Carolina Penalty, False Start (-5 Yards) to the UGA 16"
401520225,2023,Georgia,home,10,False,us,us,4,4,1,False,False,True,"Georgia Penalty, Delay Of Game (-5 Yards) to the SC 13"
401520225,2023,Georgia,home,10,False,them,us,2,7,2,False,False,False,"South Carolina Penalty, Personal Foul (Stone Blanton) to the SC 10 for a 1ST down"
401520225,2023,Georgia,home,10,False,us,us,3,13,2,False,False,False,"Georgia Penalty, False Start (Brock Bowers) to the SC 18"
401520225,2023,Georgia,home,10,False,them,us,1,10,2,False,False,False,"South Carolina Penalty, False Start (O'Mega Blake) to the SC 15"
401520225,2023,Georgia,home,10,False,us,them,2,6,2,False,False,True,"JOYNER, Dakereon rush up the middle for no gain to the USC24 (DUMAS-JOHNSON, Jamon). PENALTY UGA Face mask on BRINSON, Warren enforced 15 yards from the USC24 t"
401520225,2023,Georgia,home,10,False,them,them,1,10,2,False,False,True,"South Carolina Penalty, False Start (-5 Yards) to the UGA 20"
401520225,2023,Georgia,home,10,False,us,us,0,0,3,False,False,True,"Georgia Penalty, Delay Of Game (Carson Beck) to the SC 8"
401520225,2023,Georgia,home,10,False,them,them,4,15,3,False,False,False,"South Carolina Penalty, Delay Of Game (Debo Williams) to the UGA 44"
401520225,2023,Georgia,home,10,False,them,them,2,10,4,False,False,False,"South Carolina Penalty, False Start (Nick Gargiulo) to the SC 46"
401520225,2023,Georgia,home,10,False,them,them,3,10,4,False,False,False,"South Carolina Penalty, False Start (Sidney Fugar) to the SC 15"
401520225,2023,Georgia,home,10,False,us,us,4,1,4,False,False,False,"Georgia Penalty, False Start (Earnest Greene III) to the UGA 43"
401520252,2023,Georgia,home,28,False,us,us,1,10,1,False,False,True,"EDWARDS, Daijun rush up the middle for a gain of 8 yards to the UAB15 (EASON JR., Nikia). PENALTY UGA Holding on DELP, Oscar enforced 10 yards from the UAB23 to"
401520252,2023,Georgia,home,28,False,them,us,3,13,1,False,False,True,"BECK, Carson pass deep to the right incomplete intended for LOVETT, Dominic thrown to the UAB0. PENALTY UAB Pass Interference on SWOOPES, Keondre enforced half "
401520252,2023,Georgia,home,28,False,us,them,1,10,2,False,False,False,"Georgia Penalty, Delay Of Game (5 Yards) to the UAB 40"
401520252,2023,Georgia,home,28,False,them,them,3,4,2,False,False,False,"UAB Penalty, False Start (-5 Yards) to the UAB 48"
401520252,2023,Georgia,home,28,False,them,them,4,8,3,False,False,False,"UAB Penalty, Delay Of Game (Keondre Swoopes) to the UAB 39"
401520252,2023,Georgia,home,28,False,us,them,3,10,4,False,False,False,"Georgia Penalty, Illegal Substitution (TEAM) to the UGA 35"
401520252,2023,Georgia,home,28,False,them,us,3,4,4,False,False,False,"UAB Penalty, Offsides (TEAM) to the UGA 26 for a 1ST down"
401520280,2023,Georgia,away,7,True,us,them,2,9,1,False,False,True,"THORNE, Payton pass deep to the right incomplete intended for HOOKS, Shane thrown to the UGA10. PENALTY UGA Pass Interference on EVERETTE, Daylen enforced 15 ya"
401520280,2023,Georgia,away,7,True,us,us,1,10,4,False,False,True,"BECK, Carson pass up the middle complete for 15 yards to BOWERS, Brock caught at the AU11 and advanced to the AU10 (WOODEN, Caleb). PENALTY UGA Illegal Touch-Pa"
401520280,2023,Georgia,away,7,True,us,them,1,10,4,False,False,True,"THORNE, Payton pass deep to the left incomplete intended for FAIR, Jay thrown to the UGA30. PENALTY UGA Pass Interference on SMITH, Tykee enforced 15 yards to t"
401520300,2023,Georgia,home,38,False,them,them,3,21,1,False,False,False,"Kentucky Penalty, False Start (-5 Yards) to the UK 48"
401520300,2023,Georgia,home,38,False,us,us,1,10,1,False,False,True,"Georgia Penalty, Offensive Holding (-8 Yards) to the UGA 9"
401520300,2023,Georgia,home,38,False,us,them,4,8,2,False,False,True,"Georgia Penalty, Delay of Game (5 Yards) to the UGA 27"
401520300,2023,Georgia,home,38,False,them,us,1,10,2,False,False,True,"Kentucky Penalty, Defensive Pass Interference (15 Yards) to the UK 47 for a 1ST down"
401520327,2023,Georgia,away,17,False,them,them,1,10,1,False,False,False,"Vanderbilt Penalty, Offensive Holding (-10 Yards) to the VAN 18"
401520327,2023,Georgia,away,17,False,them,them,3,13,2,False,False,False,"Vanderbilt Penalty, False Start (TEAM) to the VAN 12"
401520327,2023,Georgia,away,17,False,us,us,1,10,2,False,False,True,"Georgia Penalty, Offensive Holding (Carson Beck) to the VAN 31"
401520327,2023,Georgia,away,17,False,us,them,3,5,3,False,False,True,"SEALS, Ken pass short to the left incomplete intended for MCGOWAN, Jayden thrown to the UGA45; QB hurried by WALKER, Jalon. PENALTY UGA Holding on STARKS, Malak"
401520327,2023,Georgia,away,17,False,them,them,2,6,3,False,False,True,"Vanderbilt Penalty, Illegal Snap on HERNANDEZ, Julian enforced (Julian Hernandez) to the UGA 38"
401520327,2023,Georgia,away,17,False,them,them,1,1,3,False,False,True,"Vanderbilt Penalty, False Start (Kamrean Johnson) to the UGA 6"
401520327,2023,Georgia,away,17,False,them,us,3,1,4,False,False,True,"Vanderbilt Penalty, False Start PRAN, Sedrick enforced (5 Yards) to the VAN 43"
401520327,2023,Georgia,away,17,False,them,them,3,2,4,False,False,False,"Vanderbilt Penalty, False Start (Delfin Xavier Castillo) to the VAN 28"
401520352,2023,Georgia,away,23,False,them,them,1,10,1,False,False,False,"Florida Penalty, Illegal Use of Hands (-12 Yards) to the FLA 13"
401520352,2023,Georgia,away,23,False,us,us,4,5,2,False,False,False,"Georgia Penalty, Delay of Game (-5 Yards) to the UGA 42"
401520352,2023,Georgia,away,23,False,us,us,4,7,2,False,False,False,"Georgia Penalty, Delay of Game (-5 Yards) to the FLA 40"
401520352,2023,Georgia,away,23,False,them,them,2,3,3,False,False,False,"Florida Penalty, False Start (-5 Yards) to the UGA 30"
401520364,2023,Georgia,home,9,False,them,us,1,10,2,False,False,False,"Missouri Penalty, False Start (-5 Yards) to the MIZ 15"
401520364,2023,Georgia,home,9,False,us,them,2,13,2,False,False,True,"COOK, Brady pass deep to the right incomplete intended for BURDEN, Luther thrown to the MIZ48. PENALTY UGA Pass Interference on HUMPHREY, Julian enforced 15 yar"
401520364,2023,Georgia,home,9,False,them,them,1,10,2,False,False,True,"Missouri Penalty, False Start (-5 Yards) to the MIZ 27"
401520364,2023,Georgia,home,9,False,them,them,1,10,3,False,False,True,"Missouri Penalty, False Start (TEAM) to the UGA 23"
401520364,2023,Georgia,home,9,False,them,us,2,6,3,False,False,True,"Missouri Penalty, Delay Of Game (Ty'Ron Hopper) to the MIZ 33"
401520364,2023,Georgia,home,9,False,them,us,3,7,3,False,False,True,"BECK, Carson pass to the right incomplete intended for THOMAS, Rara thrown to the MIZ32. PENALTY MIZ Pass Interference on NORWOOD, Dreyden enforced at the spot "
401520364,2023,Georgia,home,9,False,them,us,2,9,4,False,False,True,"BECK, Carson pass deep to the right incomplete intended for DELP, Oscar thrown to the MIZ0. PENALTY MIZ Pass Interference on HOPPER, Ty'Ron enforced 14 yards to"
401520364,2023,Georgia,home,9,False,us,them,1,10,4,False,False,False,"Brady Cook pass intercepted by UGA Nazir Stackhouse, returned to the MIZ 5, Georgia Penalty, Chop Block (Smael Mondon Jr.) to the UGA 30 for a 1ST down"
401520382,2023,Georgia,home,35,False,them,them,1,10,1,False,False,True,"Ole Miss Penalty, False Start (-5 Yards) to the MISS 20"
401520382,2023,Georgia,home,35,False,us,them,2,9,1,False,False,True,"DART, Jaxson pass deep to the left incomplete intended for WADE, Dayton thrown to the UGA1. PENALTY UGA Pass Interference on HUMPHREY, Julian enforced 15 yards "
401520382,2023,Georgia,home,35,False,us,us,1,10,2,False,False,True,"Georgia Penalty, False Start (TEAM) to the MISS 48"
401520382,2023,Georgia,home,35,False,us,us,2,7,2,False,False,False,"BECK, Carson pass to the left complete for 11 yards to EDWARDS, Daijun caught at the OLM48 and advanced to the OLM31 (WASHINGTON, Trey). PENALTY UGA Holding on "
401520382,2023,Georgia,home,35,False,them,them,4,13,3,False,False,False,"Ole Miss Penalty, Personal Foul (Tre Harris) to the MISS 35 for a 1ST down"
401520382,2023,Georgia,home,35,False,them,them,4,2,3,False,False,False,"Ole Miss Penalty, Illegal Snap on WARREN, Caleb enforced (Caleb Warren) to the MISS 28"
401520382,2023,Georgia,home,35,False,us,us,1,10,3,False,False,True,"BECK, Carson pass short to the left complete for 17 yards to EDWARDS, Daijun caught at the UGA41 and advanced to the OLM44 (TENNISON, Ladarius). PENALTY UGA Pas"
401520382,2023,Georgia,home,35,False,them,us,2,16,3,False,False,True,"Ole Miss Penalty, Personal Foul (Daijahn Anthony) to the MISS 12 for a 1ST down"
401520382,2023,Georgia,home,35,False,them,them,3,1,3,False,False,False,"Ole Miss Penalty, False Start (-5 Yards) to the MISS 31"
401520419,2023,Georgia,away,28,False,them,us,1,10,1,False,False,False,"(02:11) Shotgun Beck,Carson pass intercepted by Slaughter,Doneiko at TENN47 Slaughter,Doneiko return 32 yards to the UGA21 (Fairchild,Dylan) PENALTY TENN Holdin"
401520419,2023,Georgia,away,28,False,us,us,3,8,1,False,False,False,"PENALTY UGA False Start (Van Pran,Sedrick) 5 yards from UGA39 to UGA34. NO PLAY."
401520419,2023,Georgia,away,28,False,them,them,3,7,2,True,False,False,"Tennessee Penalty, Ineligible Downfield on Pass (Yards) declined"
401520419,2023,Georgia,away,28,False,us,us,2,11,2,False,False,True,"No Huddle-Shotgun Beck,Carson pass complete short middle to Bell,Dillon for 18 yards to the UGA46 (Slaughter,Doneiko) PENALTY UGA Holding (Truss,Xavier) 10 yard"
401520419,2023,Georgia,away,28,False,them,them,2,10,3,False,False,False,"PENALTY TENN False Start (Nimrod,Chas) 5 yards from TENN41 to TENN36. NO PLAY."
401520419,2023,Georgia,away,28,False,them,them,1,10,4,False,False,False,"PENALTY TENN False Start (Crawford,Jeremiah) 5 yards from UGA34 to UGA39. NO PLAY."
401520430,2023,Georgia,away,8,True,them,them,2,6,1,False,False,False,"KING, Haynes pass deep to the right complete for 31 yards to SINGLETON, JR., Eric caught at the UGA43 and advanced to the UGA40 (STARKS, Malaki). PENALTY GT Ill"
401520430,2023,Georgia,away,8,True,us,them,3,2,2,False,False,True,"Georgia Tech Penalty, Offensive Holding (-10 Yards) to the UGA 27"
401520430,2023,Georgia,away,8,True,us,them,4,9,3,False,False,False,"Georgia Tech Penalty, False Start (Chad Alexander) to the GT 40"
401520430,2023,Georgia,away,8,True,us,them,2,10,3,False,False,False,"Georgia Penalty, Personal Foul (Tyrion Ingram-Dawkins) to the UGA 48 for a 1ST down"
401520430,2023,Georgia,away,8,True,us,us,1,10,4,False,False,False,"BECK, Carson pass to the left complete for 5 yards to DELP, Oscar caught at the GT11 and advanced to the GT6 (KING, Jaylon). PENALTY UGA Holding on FAIRCHILD, D"
401520430,2023,Georgia,away,8,True,us,us,2,15,4,False,False,False,"BECK, Carson pass to the right complete for 16 yards to BELL, Dillon caught at the GT1 and advanced to the GT0, TOUCHDOWN UGA, score nullified by penalty, clock"
401551773,2023,Georgia,away,60,False,us,us,2,8,4,False,False,True,"Georgia Penalty, Unsportsmanlike Conduct (Anthony Evans III) to the UGA 20"
401551773,2023,Georgia,away,60,False,us,them,2,7,4,False,False,False,"Georgia Penalty, Defensive Offside (5 Yards) to the FSU 19"
401628323,2024,Clemson,away,-31,False,us,us,2,10,1,False,False,False,"Clemson Penalty, Illegal Motion (-5 Yards) to the CLEM 20"
401628323,2024,Clemson,away,-31,False,them,us,3,15,1,False,False,False,"Georgia Penalty, Defensive Offside (Mykel Williams) to the CLEM 25"
401628323,2024,Clemson,away,-31,False,us,us,3,9,1,False,False,False,"Clemson Penalty, Illegal Formation (-5 Yards) to the CLEM 47"
401628323,2024,Clemson,away,-31,False,them,them,2,11,2,False,False,True,"Georgia Penalty, False Start (Ben Yurosek) to the CLEM 37"
401628323,2024,Clemson,away,-31,False,us,them,1,10,2,False,False,False,"Clemson Penalty, Defensive Offside (Payton Page) to the UGA 47"
401628323,2024,Clemson,away,-31,False,them,them,1,5,2,False,False,False,"Georgia Penalty, Offensive Pass Interference (Arian Smith) to the UGA 32"
401628323,2024,Clemson,away,-31,False,them,them,2,0,3,False,False,True,"Georgia Penalty, False Start (Dominic Lovett) to the CLEM 8"
401628323,2024,Clemson,away,-31,False,them,us,1,10,3,False,False,True,"Georgia Penalty, Roughing Passer (Damon Wilson II) to the UGA 36 for a 1ST down"
401628323,2024,Clemson,away,-31,False,them,us,2,10,4,False,False,False,"Georgia Penalty, Defensive Pass Interference (Ellis Robinson IV) to the UGA 44 for a 1ST down"
401628323,2024,Clemson,away,-31,False,them,us,1,10,4,False,False,False,"Georgia Penalty, Defensive Holding (JaCorey Thomas) to the UGA 23 for a 1ST down"
401628339,2024,Georgia,home,45,False,us,them,1,10,1,False,False,False,"(10:21) ETIENNE, Trevor rush up the middle for a gain of 5 yards to the UGA47 (PHILYAW, Omari), clock 10:15. PENALTY UGA Holding on RATLEDGE, Tate enforced 10 y"
401628339,2024,Georgia,home,45,False,us,us,4,3,2,False,False,True,"Georgia Penalty, Delay Of Game (-5 Yards) to the TNTC 9"
401628339,2024,Georgia,home,45,False,them,them,3,4,2,False,False,False,"Tennessee Tech Penalty, Illegal Substitution (Jay Parker) to the TNTC 26"
401628339,2024,Georgia,home,45,False,us,them,1,10,2,False,False,False,"Georgia Penalty, False Start (-5 Yards) to the UGA 35"
401628339,2024,Georgia,home,45,False,us,them,1,10,3,True,False,False,"ROBINSON, Branson rush to the left for a gain of 24 yards to the TTU3 (DANLEY, Trace), out of bounds. PENALTY UGA Holding on JACKSON III, Michael declined UGA H"
401628339,2024,Georgia,home,45,False,us,us,0,0,3,False,False,True,"Georgia Penalty, Delay Of Game (-5 Yards) to the TNTC 8"
401628339,2024,Georgia,home,45,False,us,them,2,10,3,False,False,False,"Georgia Penalty, Face mask (15 yards) (Justyn Rhett) to the TNTC 49 for a 1ST down"
401628339,2024,Georgia,home,45,False,us,us,2,17,4,False,False,False,"BOWENS, Chauncey rush up the middle for a gain of 9 yards to the UGA29 (GARCIA, Angel). PENALTY UGA Holding on CALHOUN, Daniel enforced 10 yards from the UGA20 "
401628339,2024,Georgia,home,45,False,them,us,1,10,4,False,False,True,"Tennessee Tech Penalty, Personal Foul (Omari Philyaw) to the TNTC 26 for a 1ST down"
401628339,2024,Georgia,home,45,False,us,us,2,6,4,False,False,True,"QB Keeper STOCKTON, Gunner rush to the left for no gain to the TTU11 (BOLTON, Toby). PENALTY UGA Holding on JACKSON, Jahzare enforced 10 yards from the TTU11 to"
401628339,2024,Georgia,home,45,False,us,them,2,3,4,False,False,True,"Georgia Penalty, Face mask (15 yards) (Justyn Rhett) to the UGA 27 for a 1ST down"
401628354,2024,Georgia,away,1,True,us,them,3,1,1,False,False,False,"Vandagriff, Brock pass sacked for loss of 2 yards to the UK29 (Stackhouse, Nazir), PENALTY UGA holding (Wilson II, Damon) 10 yards to the UK41, NO PLAY, 1ST DOW"
401628354,2024,Georgia,away,1,True,them,them,1,10,1,False,False,True,"Wilcox, Jamarion rush for 4 yards to the UGA29, PENALTY UK face mask (Dingle, Jordan) 15 yards to the UGA48, NO PLAY."
401628354,2024,Georgia,away,1,True,us,us,4,1,2,False,False,False,"Georgia Penalty, Delay of Game (-5 Yards) to the UGA 42"
401628354,2024,Georgia,away,1,True,us,them,3,4,2,False,False,False,"Vandagriff, Brock pass incomplete to Key, Dane, PENALTY UGA roughing passer (Walker, Jalon) 15 yards to the UK29, NO PLAY, 1ST DOWN UK."
401628354,2024,Georgia,away,1,True,us,them,1,10,2,False,False,False,"Vandagriff, Brock pass incomplete to Farrier II, Fred, PENALTY UGA personal foul (Jarrett, Jamaal) 15 yards to the UK44, NO PLAY, 1ST DOWN UK."
401628354,2024,Georgia,away,1,True,us,us,2,15,3,False,False,True,"Georgia Penalty, False Start (Dylan Fairchild) to the UGA 48"
401628354,2024,Georgia,away,1,True,us,them,4,10,4,False,False,True,"Laros, Aidan kickoff 65 yards to the UGA0, Evans III, Anthony return 36 yards to the UGA36, PENALTY UGA holding 10 yards to the UK45, NO PLAY."
401628354,2024,Georgia,away,1,True,us,them,3,6,4,False,False,False,"Vandagriff, Brock pass incomplete to Sumo-Karngbaye, Demie, PENALTY UGA holding (Starks, Malaki) 10 yards to the UK30, NO PLAY, 1ST DOWN UK."
401628354,2024,Georgia,away,1,True,them,them,4,8,4,False,False,False,"Kentucky Penalty, False Start (Antwan Smith) to the UK 48"
401628354,2024,Georgia,away,1,True,us,us,4,4,4,False,False,False,"Georgia Penalty, Delay of Game (-5 Yards) to the UK 40"
401628381,2024,Georgia,home,18,False,them,us,3,5,1,False,False,True,"Auburn Penalty, Substitution Infraction (5 Yards) to the UGA 35 for a 1ST down"
401628381,2024,Georgia,home,18,False,them,them,3,3,2,False,False,False,"Auburn Penalty, False Start (-5 Yards) to the AUB 41"
401628381,2024,Georgia,home,18,False,us,us,4,13,2,False,False,False,"Georgia Penalty, Delay of Game (-5 Yards) to the AUB 43"
401628381,2024,Georgia,home,18,False,them,them,2,5,2,False,False,False,"Auburn Penalty, False Start (-4 Yards) to the AUB 4"
401628381,2024,Georgia,home,18,False,us,them,1,10,2,False,False,False,"Georgia Penalty, Face Mask (15 yards) (15 Yards) to the AUB 40 for a 1ST down"
401628381,2024,Georgia,home,18,False,them,us,1,10,4,False,False,True,"Auburn Penalty, Roughing Passer (6 Yards) to the AUB 5 for a 1ST down"
401628381,2024,Georgia,home,18,False,us,them,1,10,4,False,False,True,"Georgia Penalty, Defensive Pass Interference (15 Yards) to the UGA 44 for a 1ST down"
401628381,2024,Georgia,home,18,False,us,us,1,10,4,False,False,True,"Frazier, Nate rush for 11 yards to the AUB12, PENALTY UGA personal foul 15 yards to the UGA47, NO PLAY."
401628386,2024,Georgia,home,10,False,them,us,2,10,1,False,False,True,"Mississippi State Penalty, Face mask (15 yards) (Corey Ellington) to the UGA 39 for a 1ST down"
401628386,2024,Georgia,home,10,False,them,them,3,9,1,False,False,False,"Mississippi State Penalty, Illegal Snap on MINER, Ethan enforced (-5 Yards) to the MSST 21"
401628386,2024,Georgia,home,10,False,us,us,2,3,2,False,False,True,"ETIENNE, Trevor rush to the right for a gain of 20 yards to the MSU0, TOUCHDOWN UGA, score nullified by penalty, clock 14:06 (Play was confirmed after review). "
401628386,2024,Georgia,home,10,False,them,them,2,19,2,False,False,True,"Mississippi State Penalty, False Start (-5 Yards) to the UGA 24"
401628386,2024,Georgia,home,10,False,us,them,3,10,2,False,False,False,"VAN BUREN JR., Michael pass to the right incomplete dropped by BOOTH, Davon thrown to the MSU24. PENALTY UGA Roughing the Passer on WILSON II, Damon enforced 15"
401628386,2024,Georgia,home,10,False,us,them,3,8,3,False,False,True,"VAN BUREN JR., Michael pass to the right incomplete intended for TRAORE, Seydou thrown to the MSU35. PENALTY UGA Pass Interference on COLE, Chris enforced at th"
401628386,2024,Georgia,home,10,False,them,them,3,5,3,False,False,True,"Mississippi State Penalty, Delay Of Game (Michael Van Buren Jr.) to the UGA 45"
401628386,2024,Georgia,home,10,False,us,them,3,10,3,False,False,True,"VAN BUREN JR., Michael sacked for a loss of 7 yards at the MSU48 (CHAMBLISS, Chaz). PENALTY UGA Face mask on CHAMBLISS, Chaz enforced 15 yards from the UGA45 to"
401628386,2024,Georgia,home,10,False,them,them,1,10,4,False,False,False,"Mississippi State Penalty, False Start (Luke Work) to the MSST 49"
401628386,2024,Georgia,home,10,False,them,them,2,8,4,False,False,False,"Mississippi State Penalty, Offensive Holding (Grant Jackson) to the MSST 48"
401628398,2024,Georgia,away,15,False,us,them,3,9,1,False,False,False,"Georgia Penalty, Defensive Offside (Tyrion Ingram-Dawkins) to the UGA 36"
401628398,2024,Georgia,away,15,False,them,them,3,4,1,False,False,False,"Texas Penalty, False Start (Matthew Golden) to the UGA 41"
401628398,2024,Georgia,away,15,False,us,them,2,7,1,False,False,False,"Ewers, Quinn pass incomplete to Wingo, Ryan, PENALTY UGA pass interference (Everette, Daylen) 15 yards to the TEX23, NO PLAY, 1ST DOWN TEX."
401628398,2024,Georgia,away,15,False,them,them,4,16,2,False,False,False,"Texas Penalty, Substitution Infraction (-1 Yards) to the TEX 1"
401628398,2024,Georgia,away,15,False,them,them,2,10,2,False,False,False,"Texas Penalty, False Start (Cameron Williams) to the TEX 40"
401628398,2024,Georgia,away,15,False,us,them,1,10,3,False,False,True,"Wisner, Quintrevion rush for loss of 1 yard to the UGA16, PENALTY UGA face mask (Wilson II, Damon) 8 yards to the UGA7, NO PLAY, 1ST DOWN TEX."
401628398,2024,Georgia,away,15,False,us,them,3,0,3,False,False,True,"Ewers, Quinn pass incomplete to Golden, Matthew, PENALTY UGA pass interference (Bolden, KJ) 5 yards to the UGA2, NO PLAY, 1ST DOWN TEX."
401628398,2024,Georgia,away,15,False,them,them,4,1,4,False,False,False,"Texas Penalty, False Start (Gunnar Helm) to the UGA 42"
401628398,2024,Georgia,away,15,False,them,them,1,10,4,False,False,False,"Texas Penalty, False Start (Cameron Williams) to the UGA 32"
401628408,2024,Georgia,home,14,False,us,us,4,4,1,False,False,False,"Georgia Penalty, Delay of Game (-5 Yards) to the FLA 48"
401628408,2024,Georgia,home,14,False,us,us,1,10,1,False,False,True,"Georgia Penalty, Offensive Holding (-10 Yards) to the FLA 49"
401628408,2024,Georgia,home,14,False,them,us,1,10,1,False,False,True,"Florida Penalty, Substitution Infraction (5 Yards) to the FLA 15"
401628408,2024,Georgia,home,14,False,them,them,3,1,1,False,False,False,"Florida Penalty, False Start (-5 Yards) to the FLA 29"
401628408,2024,Georgia,home,14,False,them,us,2,12,2,False,False,False,"Beck, Carson pass complete to Lovett, Dominic for no gain to the FLA46, PENALTY FLA face mask 15 yards to the FLA31, NO PLAY, 1ST DOWN UGA."
401628408,2024,Georgia,home,14,False,us,us,1,10,3,False,False,True,"Georgia Penalty, False Start (-5 Yards) to the FLA 20"
401628408,2024,Georgia,home,14,False,us,us,1,10,3,False,False,True,"Georgia Penalty, Unsportsmanlike Conduct (-15 Yards) to the UGA 20 for a 1ST down"
401628408,2024,Georgia,home,14,False,them,them,1,10,4,False,False,True,"Jackson, Ja'Kobi rush for 4 yards to the UGA9, PENALTY FLA holding (Crenshaw-Dickson, Brandon) 10 yards to the UGA23, NO PLAY."
401628414,2024,Georgia,away,-18,False,us,us,1,10,1,False,False,False,"Etienne, Trevor rush for 11 yards to the UGA25, PENALTY UGA illegal formation 5 yards to the UGA9, NO PLAY."
401628414,2024,Georgia,away,-18,False,them,us,3,18,2,False,False,False,"Beck, Carson pass incomplete to Smith, Arian, PENALTY MISS holding (Saunders Jr., John) 10 yards to the MISS49, NO PLAY, 1ST DOWN UGA."
401628414,2024,Georgia,away,-18,False,us,us,1,10,3,False,False,True,"Beck, Carson pass complete to Humphreys, London for 16 yards to the UGA41, PENALTY UGA ineligible downfield on pass (Yurosek, Ben) 5 yards to the UGA20, NO PLAY"
401628414,2024,Georgia,away,-18,False,us,us,1,10,3,False,False,True,"Georgia Penalty, False Start (Monroe Freeling) to the UGA 33"
401628414,2024,Georgia,away,-18,False,them,us,3,3,4,False,False,False,"Beck, Carson pass sacked for loss of 8 yards to the UGA32 (Umanmielen, Princely), fumble forced by Umanmielen, Princely, fumble by Beck, Carson recovered by UGA"
401628414,2024,Georgia,away,-18,False,them,us,2,17,4,False,False,False,"Ole Miss Penalty, Delay of Game (5 Yards) to the MISS 47"
401628414,2024,Georgia,away,-18,False,us,us,4,15,4,False,False,False,"Georgia Penalty, Delay of Game (Carson Beck) to the UGA 15"
401628421,2024,Georgia,home,14,False,us,them,1,10,1,False,False,True,"Georgia Penalty, Defensive Pass Interference (Julian Humphrey) to the UGA 31 for a 1ST down"
401628421,2024,Georgia,home,14,False,them,them,2,2,1,False,False,False,"Tennessee Penalty, Offensive Holding (Dayne Davis) to the TENN 16"
401628421,2024,Georgia,home,14,False,them,them,3,3,2,False,False,False,"Tennessee Penalty, False Start (John Campbell Jr.) to the TENN 39"
401628421,2024,Georgia,home,14,False,them,us,2,0,2,False,False,True,"Bell, Dillon rush for 5 yards to the TENN2, PENALTY TENN offside 3 yards to the TENN4, NO PLAY."
401628421,2024,Georgia,home,14,False,us,us,1,10,2,False,False,True,"Beck, Carson pass complete to Jones, Cash for loss of 1 yard to the TENN25, PENALTY UGA holding 10 yards to the TENN34, NO PLAY."
401628421,2024,Georgia,home,14,False,them,us,2,14,2,False,False,True,"Tennessee Penalty, Defensive Pass Interference (Jermod McCoy) to the TENN 13 for a 1ST down"
401628421,2024,Georgia,home,14,False,us,us,3,10,2,False,False,True,"Georgia Penalty, Delay of Game (-5 Yards) to the TENN 18"
401628421,2024,Georgia,home,14,False,them,them,4,6,3,False,False,False,"Tennessee Penalty, Delay of Game (-5 Yards) to the UGA 41"
401628421,2024,Georgia,home,14,False,us,us,1,10,3,False,False,True,"Beck, Carson pass complete to Smith, Arian for 40 yards to the TENN31, PENALTY UGA pass interference (Smith, Arian) 14 yards to the UGA15, NO PLAY."
401628421,2024,Georgia,home,14,False,them,us,2,7,3,False,False,True,"Tennessee Penalty, Substitution Infraction (5 Yards) to the TENN 15"
401628421,2024,Georgia,home,14,False,us,us,4,4,3,False,False,False,"Georgia Penalty, Delay of Game (-5 Yards) to the TENN 48"
401628421,2024,Georgia,home,14,False,them,them,4,5,4,False,False,False,"Tennessee Penalty, False Start (Lance Heard) to the UGA 46"
401628421,2024,Georgia,home,14,False,us,us,2,8,4,False,False,True,"Georgia Penalty, Substitution Infraction (-5 Yards) to the TENN 18"
401628430,2024,Georgia,home,38,False,them,us,1,10,2,False,False,True,"Massachusetts Penalty, Roughing the Passer on HARRELL, Jalen enforced (Jalen Harrell) to the MASS 14 for a 1ST down"
401628430,2024,Georgia,home,38,False,us,us,1,10,2,False,False,True,"Georgia Penalty, False Start (-5 Yards) to the MASS 19"
401628439,2024,Georgia,home,2,True,us,them,1,10,3,False,False,True,"Georgia Tech Penalty, Offensive Holding (-2 Yards) to the GT 2"
401628439,2024,Georgia,home,2,True,us,them,1,10,4,False,False,False,"Georgia Tech Penalty, False Start (-5 Yards) to the GT 17"
401628439,2024,Georgia,home,2,True,us,us,2,7,4,False,False,True,"Georgia Tech Penalty, Defensive Pass Interference (15 Yards) to the GT 14 for a 1ST down"
401628439,2024,Georgia,home,2,True,us,them,1,0,5,False,False,False,"Georgia Penalty, Defensive Pass Interference (1 Yards) to the UGA 2"
401673469,2024,Georgia,away,3,True,us,us,4,1,1,False,False,False,"Georgia Penalty, Delay of Game (-4 Yards) to the UGA 38"
401673469,2024,Georgia,away,3,True,them,them,1,10,1,False,False,True,"Ewers, Quinn pass incomplete to Helm, Gunnar, PENALTY TEX pass interference (Bond, Isaiah) 15 yards to the UGA36, NO PLAY."
401673469,2024,Georgia,away,3,True,them,us,2,11,1,False,False,False,"Beck, Carson pass incomplete to Smith, Arian, PENALTY TEX pass interference (Muhammad, Malik) 15 yards to the UGA39, NO PLAY, 1ST DOWN UGA."
401673469,2024,Georgia,away,3,True,them,us,2,8,2,False,False,True,"Etienne, Trevor rush for 2 yards to the UGA29, PENALTY TEX offside (Burke, Ethan) 5 yards to the UGA32, NO PLAY."
401673469,2024,Georgia,away,3,True,them,them,4,5,2,False,False,False,"Texas Penalty, False Start (Freddie Dubose) to the UGA 24"
401673469,2024,Georgia,away,3,True,them,them,2,12,2,False,False,False,"Ewers, Quinn rush for 5 yards to the TEX46, PENALTY TEX holding (Williams, Cameron) 10 yards to the TEX31, NO PLAY."
401673469,2024,Georgia,away,3,True,them,us,1,10,2,False,False,False,"Beck, Carson pass pass intended for Evans III, Anthony intercepted by Mukuba, Andrew at the TEX25, Mukuba, Andrew return 38 yards to the UGA37, PENALTY TEX pass"
401673469,2024,Georgia,away,3,True,them,us,1,10,2,False,False,False,"Beck, Carson pass pass intended for Lovett, Dominic intercepted by Hill Jr., Anthony at the TEX35, Hill Jr., Anthony return 14 yards to the TEX49, PENALTY TEX o"
401673469,2024,Georgia,away,3,True,them,them,4,15,3,False,False,False,"Texas Penalty, False Start (-5 Yards) to the TEX 28"
401673469,2024,Georgia,away,3,True,us,us,4,26,3,False,False,False,"Georgia Penalty, Delay of Game (-5 Yards) to the UGA 12"
401673469,2024,Georgia,away,3,True,us,us,2,8,4,False,False,False,"Stockton, Gunner pass complete to Etienne, Trevor for 5 yards to the TEX21, PENALTY UGA holding (Wilson, Jared) 10 yards to the TEX36, NO PLAY."
401673469,2024,Georgia,away,3,True,them,them,2,8,4,False,False,True,"Texas Penalty, False Start (Cameron Williams) to the TEX 42"
401673469,2024,Georgia,away,3,True,us,them,1,10,4,False,False,True,"Ewers, Quinn pass incomplete to Wingo, Ryan, PENALTY UGA pass interference (Everette, Daylen) 15 yards to the UGA14, NO PLAY, 1ST DOWN TEX."
401677184,2024,Georgia,home,-13,False,them,them,1,10,1,False,False,False,"Notre Dame Penalty, Illegal Forward Pass (Riley Leonard) to the ND 23"
401677184,2024,Georgia,home,-13,False,us,us,3,1,1,False,False,False,"PENALTY UGA False Start (Ratledge,Tate) 5 yards from UND27 to UND32. NO PLAY."
401677184,2024,Georgia,home,-13,False,them,them,1,10,3,False,False,False,"Notre Dame Penalty, Offensive Holding (-10 Yards) to the ND 36"
401677184,2024,Georgia,home,-13,False,us,us,4,2,3,False,False,False,"(03:45) PENALTY UGA False Start (Fairchild,Dylan) 5 yards from UND42 to UND47. NO PLAY."
401677184,2024,Georgia,home,-13,False,us,them,4,1,4,False,False,False,"(07:17) No Huddle-Shotgun Leonard,Riley pass incomplete deep left to Collins,Beaux thrown to UGA50 PENALTY UGA Offside (Walker,Jalon) 6 yards from UND18 to UND2"
401677184,2024,Georgia,home,-13,False,us,us,1,10,4,False,False,False,"(01:48) PENALTY UGA False Start (Smith,Arian) 5 yards from UGA20 to UGA15. NO PLAY."
401752669,2025,Georgia,home,38,False,us,us,4,4,2,False,False,False,PENALTY UGA Delay Of Game 5 yards from MAR47 to UGA48. NO PLAY.
401752669,2025,Georgia,home,38,False,them,them,3,8,2,True,False,False,"Marshall Penalty, Illegal Formation (Yards) declined"
401752685,2025,Georgia,home,22,False,us,us,1,10,1,False,False,True,PENALTY UGA Illegal Substitution 5 yards from UGA20 to UGA15. NO PLAY.
401752685,2025,Georgia,home,22,False,us,us,2,1,3,False,False,False,"(05:11) Phillips Jr.,Dwight rush left for 7 yards gain to the UGA26 (Creary,Deandre) PENALTY UGA Holding (Freeling,Monroe) 9 yards from UGA19 to UGA10. NO PLAY."
401752705,2025,Georgia,away,3,True,them,us,4,8,1,False,False,False,"Tennessee Penalty, Substitution Infraction (5 Yards) to the UGA 32"
401752705,2025,Georgia,away,3,True,us,them,3,13,1,False,False,True,"Georgia Penalty, Defensive Pass Interference (9 Yards) to the UGA 39 for a 1ST down"
401752705,2025,Georgia,away,3,True,them,us,3,2,1,False,False,True,"Tennessee Penalty, Defensive Offside (5 Yards) to the UGA 41 for a 1ST down"
401752705,2025,Georgia,away,3,True,us,them,3,4,2,False,False,False,"Georgia Penalty, Substitution Infraction (5 Yards) to the TENN 36 for a 1ST down"
401752705,2025,Georgia,away,3,True,us,them,2,14,2,False,False,False,"Georgia Penalty, Defensive Offside (5 Yards) to the TENN 42"
401752705,2025,Georgia,away,3,True,them,us,3,10,2,False,False,True,"Tennessee Penalty, Defensive Pass Interference (12 Yards) to the UGA 22 for a 1ST down"
401752705,2025,Georgia,away,3,True,them,us,3,5,2,False,False,True,"Tennessee Penalty, Defensive Pass Interference (15 Yards) to the UGA 42 for a 1ST down"
401752705,2025,Georgia,away,3,True,us,us,1,10,2,False,False,False,"Georgia Penalty, Offensive Holding (-10 Yards) to the UGA 33"
401752705,2025,Georgia,away,3,True,them,us,2,13,2,False,False,False,"Tennessee Penalty, Defensive Holding (10 Yards) to the 50 yard line for a 1ST down"
401752705,2025,Georgia,away,3,True,them,them,1,10,3,False,False,False,"Tennessee Penalty, Offensive Holding (-10 Yards) to the TENN 15"
401752705,2025,Georgia,away,3,True,them,them,1,10,4,False,False,True,"Tennessee Penalty, False Start (-5 Yards) to the UGA 39"
401752705,2025,Georgia,away,3,True,them,us,1,10,4,False,False,True,"Tennessee Penalty, Defensive Pass Interference (15 Yards) to the UGA 40 for a 1ST down"
401752705,2025,Georgia,away,3,True,them,them,3,5,4,False,False,False,"Tennessee Penalty, False Start (-5 Yards) to the UGA 25"
401752728,2025,Georgia,home,21,False,them,them,1,10,1,False,False,False,"Boley, Cutter pass complete to Kattus, Josh for 11 yards to the UK48, PENALTY UK ineligible downfield on pass 5 yards to the UK32, NO PLAY."
401752728,2025,Georgia,home,21,False,them,us,2,5,2,False,False,False,"Kentucky Penalty, Defensive Holding (10 Yards) to the UK 39 for a 1ST down"
401752728,2025,Georgia,home,21,False,them,us,3,1,2,False,False,True,"Kentucky Penalty, Defensive Holding (10 Yards) to the UK 21 for a 1ST down"
401752728,2025,Georgia,home,21,False,us,us,3,0,3,False,False,True,"Georgia Penalty, False Start (-5 Yards) to the UK 16"
401752728,2025,Georgia,home,21,False,us,them,3,13,3,False,False,False,"Georgia Penalty, Defensive Holding (10 Yards) to the UK 21 for a 1ST down"
401752728,2025,Georgia,home,21,False,them,them,1,10,4,False,False,False,"Kentucky Penalty, Ineligible Downfield on Pass (-5 Yards) to the UK 19"
401752728,2025,Georgia,home,21,False,us,them,3,17,4,False,False,False,"Georgia Penalty, Defensive Pass Interference (13 Yards) to the UK 30 for a 1ST down"
401752728,2025,Georgia,home,21,False,us,them,3,14,4,False,False,False,"Georgia Penalty, Defensive Holding (10 Yards) to the UGA 47 for a 1ST down"
401752728,2025,Georgia,home,21,False,us,them,1,0,4,False,False,True,"Georgia Penalty, Defensive Pass Interference (5 Yards) to the UGA 5 for a 1ST down"
401752728,2025,Georgia,home,21,False,us,us,1,10,4,False,False,False,"Georgia Penalty, False Start (-5 Yards) to the UGA 20"
401752731,2025,Georgia,away,10,False,us,them,1,0,1,False,False,True,"Arnold, Jackson pass incomplete to Coleman, Cam, PENALTY UGA pass interference (Everette, Daylen) 5 yards to the UGA2, NO PLAY, 1ST DOWN AUB."
401752731,2025,Georgia,away,10,False,us,them,2,1,1,False,False,True,"Arnold, Jackson pass incomplete to Singleton Jr., Eric, PENALTY UGA pass interference (Jones, Demello) 15 yards to the AUB47, NO PLAY, 1ST DOWN AUB."
401752731,2025,Georgia,away,10,False,them,them,1,12,1,False,False,True,"Auburn Penalty, False Start (Xavier Chaplin) to the UGA 32"
401752731,2025,Georgia,away,10,False,them,them,1,10,2,False,False,False,"Auburn Penalty, Delay of Game (Jackson Arnold) to the AUB 15"
401752731,2025,Georgia,away,10,False,them,them,2,9,2,False,False,False,"Arnold, Jackson rush for 8 yards to the UGA18, PENALTY AUB holding (Miller, Izavion) 10 yards to the UGA36, NO PLAY."
401752731,2025,Georgia,away,10,False,them,us,2,10,2,False,False,True,"Stockton, Gunner pass incomplete to Branch, Zachariah, PENALTY AUB roughing passer (Williams, Amaris) 15 yards to the AUB27, NO PLAY, 1ST DOWN UGA."
401752731,2025,Georgia,away,10,False,them,us,2,10,2,False,False,True,"Stockton, Gunner pass complete to Branch, Zachariah for 1 yard to the AUB26, PENALTY AUB offside (Atkins, Xavier) 5 yards to the AUB22, NO PLAY."
401752731,2025,Georgia,away,10,False,us,us,3,0,2,False,False,True,"Georgia Penalty, Delay of Game (Gunner Stockton) to the AUB 11"
401752731,2025,Georgia,away,10,False,them,us,3,7,3,False,False,False,"Stockton, Gunner pass incomplete to Thomas, Noah, PENALTY AUB pass interference (Pleasant, Rayshawn) 10 yards to the UGA49, NO PLAY, 1ST DOWN UGA."
401752731,2025,Georgia,away,10,False,us,them,2,12,3,False,False,False,"Arnold, Jackson rush for 1 yard to the AUB45, PENALTY UGA holding (Everette, Daylen) 10 yards to the UGA46, NO PLAY, 1ST DOWN AUB."
401752731,2025,Georgia,away,10,False,them,us,2,10,3,False,False,True,"Stockton, Gunner pass incomplete to Frazier, Nate, PENALTY AUB holding (Strader, Raion) 10 yards to the AUB32, NO PLAY, 1ST DOWN UGA."
401752731,2025,Georgia,away,10,False,us,us,1,10,4,False,False,True,"Frazier, Nate rush for 7 yards to the AUB40, PENALTY UGA holding (Morris, Micah) 10 yards to the UGA43, NO PLAY."
401752742,2025,Georgia,home,8,True,us,us,2,9,1,False,False,True,"Georgia Penalty, Offensive Pass Interference (Noah Thomas) to the MISS 39"
401752742,2025,Georgia,home,8,True,us,them,1,10,2,False,False,True,"Georgia Penalty, Defensive Pass Interference (Ellis Robinson IV) to the UGA 15 for a 1ST down"
401752742,2025,Georgia,home,8,True,us,them,3,4,2,False,False,True,"Georgia Penalty, Defensive Holding (Ellis Robinson IV) to the UGA 2 for a 1ST down"
401752742,2025,Georgia,home,8,True,them,us,1,10,3,False,False,True,"Ole Miss Penalty, Defensive Pass Interference (Sage Ryan) to the MISS 38 for a 1ST down"
401752742,2025,Georgia,home,8,True,them,them,1,10,3,False,False,True,"Ole Miss Penalty, False Start (Cooper Johnson) to the MISS 30"
401752742,2025,Georgia,home,8,True,them,us,3,1,4,False,False,True,"Ole Miss Penalty, Defensive Offside (6 Yards) to the MISS 13 for a 1ST down"
401752755,2025,Georgia,away,4,True,them,us,2,10,1,False,False,True,(12:48) No Huddle-Shotgun #14 G.Stockton pass incomplete deep right to #32 C.Jones thrown to FLA30 PENALTY FLA Pass Interference (#5 M.Graham) 15 yards from UGA
401752755,2025,Georgia,away,4,True,us,us,3,8,1,False,False,False,PENALTY UGA False Start (#63 D.Glover) 5 yards from UGA17 to UGA12. NO PLAY
401752755,2025,Georgia,away,4,True,us,us,3,5,2,False,False,False,"(07:43) Shotgun #14 G.Stockton pass complete short right to #32 C.Jones caught at FLA39, for 15 yards to the FLA18 (#0 S.Denson), out of bounds PENALTY UGA Hold"
401752755,2025,Georgia,away,4,True,us,us,4,8,2,False,False,False,PENALTY UGA False Start (#14 G.Stockton) 5 yards from FLA36 to FLA41. NO PLAY
401752755,2025,Georgia,away,4,True,them,them,3,10,2,False,False,False,PENALTY FLA False Start (#71 R.Kearney) 5 yards from FLA33 to FLA28. NO PLAY
401752755,2025,Georgia,away,4,True,them,them,2,10,3,False,False,True,"(08:20) No Huddle-Shotgun #2 D.Lagway pass complete short right to #13 J.Baugh caught at FLA49, for 11 yards to the UGA44 (#6 D.Everette) PENALTY FLA Holding (#"
401752755,2025,Georgia,away,4,True,us,them,1,10,3,False,False,True,(05:05) No Huddle-Shotgun #2 D.Lagway pass incomplete deep left to #13 J.Baugh thrown to UGA02 PENALTY UGA Pass Interference (#5 R.Wilson) 15 yards from UGA28 t
401752755,2025,Georgia,away,4,True,us,them,3,4,3,False,False,True,(03:43) No Huddle-Shotgun #2 D.Lagway pass incomplete short middle to #4 T.Abrams thrown to UGA00 PENALTY UGA Pass Interference (#2 Z.Branch) 5 yards from UGA07
401752755,2025,Georgia,away,4,True,them,us,3,6,4,False,False,False,PENALTY FLA Offside (#33 B.Taylor Jr.) 5 yards from FLA10 to FLA05. NO PLAY
401752762,2025,Georgia,away,20,False,us,them,2,8,1,False,False,False,(02:41) No Huddle-Shotgun #2 B.Shapen pass incomplete deep left to #3 A.Evans III thrown to MSU40 PENALTY UGA Holding (#4 K.Bolden) 10 yards from MSU05 to MSU15
401752762,2025,Georgia,away,20,False,us,us,2,4,2,False,False,True,PENALTY UGA False Start (#74 D.Bobo) 5 yards from UGA29 to UGA24. NO PLAY
401752762,2025,Georgia,away,20,False,us,them,1,10,3,False,False,True,(08:31) No Huddle-Shotgun #1 K.Taylor pass incomplete deep right to #3 A.Evans III thrown to UGA15 PENALTY UGA Pass Interference (#8 J.Aguero) 15 yards from UGA
401752762,2025,Georgia,away,20,False,us,us,4,4,3,False,False,False,PENALTY UGA Delay Of Game  5 yards from MSU44 to MSU49. NO PLAY
401752762,2025,Georgia,away,20,False,us,us,1,10,4,False,False,True,(13:45) No Huddle-Shotgun #2 J.McCray rush middle for 3 yards gain to the MSU22 (#42 D.Reed; #92 J.Bledsoe) PENALTY UGA Holding (#56 M.Morris) 10 yards from MSU
401752762,2025,Georgia,away,20,False,us,them,3,10,4,False,False,False,PENALTY UGA Offside (#52 C.Miller) 5 yards from MSU25 to MSU30. NO PLAY
401752766,2025,Georgia,home,25,False,them,them,1,10,1,False,False,True,PENALTY TEX False Start (#54 C.Hutson) 5 yards from UGA18 to UGA23. NO PLAY
401752766,2025,Georgia,home,25,False,them,them,4,4,1,False,False,False,(02:37) PENALTY TEX False Start (#26 T.Smith) 5 yards from TEX31 to TEX26. NO PLAY
401752766,2025,Georgia,home,25,False,them,us,1,8,2,False,False,True,"No Huddle-Shotgun #14 G.Stockton pass incomplete short left to #7 L.Luckie thrown to TEX00 PENALTY TEX Holding (#0 A.Hill Jr.) 4 yards from TEX08 to TEX04, 1ST "
401752766,2025,Georgia,home,25,False,them,them,1,10,2,False,False,False,(12:40) No Huddle-Shotgun #5 Q.Wisner rush right for 8 yards gain to the TEX17 (#6 D.Everette; #4 K.Bolden) PENALTY TEX Holding (#54 C.Hutson) 5 yards from TEX0
401752766,2025,Georgia,home,25,False,them,them,4,7,2,False,False,False,(03:17) #19 J.Bouwmeester punt 38 yards to the UGA05 PENALTY TEX Illegal Shift 5 yards from UGA43 to UGA48. NO PLAY
401752766,2025,Georgia,home,25,False,them,them,2,7,3,False,False,False,"(10:39) No Huddle-Shotgun #16 A.Manning pass complete short left to #21 R.Niblett caught at TEX47, for 2 yards loss to the UGA50 (#9 C.Cole) PENALTY TEX Holding"
401752766,2025,Georgia,home,25,False,us,them,3,13,3,False,False,True,"(05:38) No Huddle-Shotgun #16 A.Manning pass incomplete deep middle to #21 R.Niblett thrown to UGA00, 1ST DOWN, PENALTY UGA Pass Interference (#2 Z.Branch) 15 y"
401752766,2025,Georgia,home,25,False,them,us,4,5,3,False,False,True,"No Huddle-Shotgun #14 G.Stockton pass incomplete deep right to #5 N.Thomas thrown to TEX20 PENALTY TEX Offside (#1 C.Simmons) 5 yards from TEX49 to TEX44, 1ST D"
401752776,2025,Georgia,home,32,False,them,them,1,10,2,False,False,False,PENALTY CLT False Start (#74 T.Gibson) 5 yards from CLT37 to CLT32. NO PLAY
401752776,2025,Georgia,home,32,False,them,them,3,4,3,False,False,False,PENALTY CLT False Start (#74 T.Gibson) 5 yards from CLT44 to CLT39. NO PLAY
401752776,2025,Georgia,home,32,False,them,them,1,10,3,False,False,False,(05:06) PENALTY CLT Illegal Snap (#70 D.Shirley) 5 yards from CLT44 to CLT39. NO PLAY
401752776,2025,Georgia,home,32,False,them,them,1,10,4,False,False,False,PENALTY CLT Illegal Substitution  5 yards from CLT26 to CLT21. NO PLAY
401752776,2025,Georgia,home,32,False,us,us,1,10,4,False,False,False,(10:34) PENALTY UGA False Start (#82 C.Heinrich) 5 yards from CLT38 to CLT43. NO PLAY
401752786,2025,Georgia,away,7,True,them,them,2,6,1,False,False,True,PENALTY GT False Start (#72 M.Carney) 5 yards from UGA33 to UGA38. NO PLAY
401752786,2025,Georgia,away,7,True,them,us,2,14,2,False,False,True,"(07:43) No Huddle-Shotgun #14 G.Stockton pass incomplete deep middle to #86 D.Bell thrown to GT15 PENALTY GT Holding (#6 R.Shelley) 10 yards from UGA41 to GT49,"
401752786,2025,Georgia,away,7,True,them,us,3,4,2,False,False,True,"(00:19) Shotgun #14 G.Stockton sacked for loss of 4 yards to the GT28 (#98 A.Bradford, #24 R.Triplette) PENALTY GT Personal Foul (#24 R.Triplette) 12 yards from"
401752786,2025,Georgia,away,7,True,us,us,4,9,3,False,False,False,PENALTY UGA False Start (#4 K.Bolden) 5 yards from UGA26 to UGA21. NO PLAY
401752786,2025,Georgia,away,7,True,us,us,2,7,3,False,False,False,PENALTY UGA Illegal Substitution  5 yards from UGA21 to UGA16. NO PLAY
401752786,2025,Georgia,away,7,True,us,us,3,12,3,False,False,False,(08:21) PENALTY UGA False Start (#56 M.Morris) 5 yards from UGA16 to UGA11. NO PLAY
401752786,2025,Georgia,away,7,True,them,us,2,10,3,False,False,True,(01:09) No Huddle-Shotgun #3 N.Frazier rush middle for 1 yard loss to the UGA46 (#2 E.Lightsey; #24 R.Triplette) PENALTY GT Face Mask 15 yards from UGA47 to GT3
401752786,2025,Georgia,away,7,True,them,them,3,2,4,False,False,False,PENALTY GT Personal Foul (#77 K.Rutledge) 15 yards from UGA31 to UGA46. NO PLAY
401752786,2025,Georgia,away,7,True,us,them,1,10,4,False,False,True,(04:51) No Huddle-Shotgun #10 H.King pass incomplete deep right to #85 J.Allen thrown to UGA04 PENALTY UGA Pass Interference (#8 J.Aguero) 15 yards from UGA39 t
401769073,2025,Georgia,home,-5,True,us,them,1,10,2,False,False,True,"Georgia Penalty, Delay of Game (-5 Yards) to the MISS 8"
401769073,2025,Georgia,home,-5,True,them,us,3,9,3,False,False,False,"Ole Miss Penalty, Defensive Pass Interference (Antonio Kite) to the MISS 39 for a 1ST down"
401769073,2025,Georgia,home,-5,True,them,us,1,10,4,False,False,True,"Stockton, Gunner pass incomplete to Taylor, Talyn, PENALTY MISS pass interference (Braxton, Jaylon) 15 yards to the UGA40, NO PLAY, 1ST DOWN UGA."
401769073,2025,Georgia,home,-5,True,us,us,1,10,4,False,False,True,"Georgia Penalty, Offensive Holding (Earnest Greene III) to the MISS 46"
401769073,2025,Georgia,home,-5,True,them,us,3,9,4,False,False,True,"Stockton, Gunner pass incomplete to Luckie, Lawson, PENALTY MISS pass interference (Gushiken, Kapena) 15 yards to the MISS20, NO PLAY, 1ST DOWN UGA."
401769073,2025,Georgia,home,-5,True,them,us,2,7,4,False,False,True,"Stockton, Gunner pass incomplete to Young, Colbie, PENALTY MISS holding (Gushiken, Kapena) 9 yards to the MISS8, NO PLAY, 1ST DOWN UGA."
400868971,2016,Clemson,away,6,True,us,us,1,10,1,False,False,False,"CLEMSON Penalty, False Start (-5 Yards) to the Clem 20"
400868971,2016,Clemson,away,6,True,them,them,2,9,1,False,False,False,"AUBURN Penalty, False Start (Austin Golson) to the Aub 28"
400868971,2016,Clemson,away,6,True,them,them,2,11,1,False,False,True,"AUBURN Penalty, Delay of Game (Jeremy Johnson) to the Aub 25"
400868971,2016,Clemson,away,6,True,them,them,4,4,2,False,False,False,"AUBURN Penalty, False Start (Greg Hall Jr.) to the Aub 35"
400868971,2016,Clemson,away,6,True,us,us,3,1,2,False,False,True,"CLEMSON Penalty, False Start (Jordan Leggett) to the Clem 27"
400868971,2016,Clemson,away,6,True,them,them,1,10,3,False,False,False,"AUBURN Penalty, False Start (Austin Golson) to the Clem 30"
400869430,2016,Clemson,home,6,True,them,them,4,1,1,False,False,False,"TROY Penalty, False Start (Deontae Crumitie) to the Troy 29"
400869430,2016,Clemson,home,6,True,us,us,3,2,1,False,False,False,"CLEMSON Penalty, Offensive Holding (Mitch Hyatt) to the Clem 10"
400869430,2016,Clemson,home,6,True,us,them,1,10,1,False,False,False,"CLEMSON Penalty, Defensive Offside (5 Yards) to the Clem 46"
400869430,2016,Clemson,home,6,True,them,them,4,7,1,False,False,False,"TROY Penalty, Delay of Game (-5 Yards) to the Troy 47"
400869430,2016,Clemson,home,6,True,them,them,4,1,2,False,False,True,"TROY Penalty, Unsportsmanlike Conduct (Jabir Frye) to the Troy 20"
400869430,2016,Clemson,home,6,True,them,them,2,10,2,False,False,False,"TROY Penalty, False Start (Steven Rowzee) to the Troy 41"
400869430,2016,Clemson,home,6,True,them,us,2,3,3,False,False,False,"Watson, Deshaun pass incomplete to Williams, Mike, PENALTY TROY roughing passer (Dillard, Rashad) 15 yards to the CLEMSON44, NO PLAY, 1ST DOWN CLEMSON."
400869430,2016,Clemson,home,6,True,them,them,4,10,3,False,False,False,"TROY Penalty, Delay of Game (-5 Yards) to the Clem 43"
400869430,2016,Clemson,home,6,True,them,us,2,6,3,False,False,False,"TROY Penalty, Face Mask (15 yards) (Jack Swinney) to the Clem 39 for a 1ST down"
400869430,2016,Clemson,home,6,True,them,them,3,7,3,False,False,False,"TROY Penalty, False Start (Tristan Crowder) to the Troy 35"
400869430,2016,Clemson,home,6,True,them,them,4,9,3,False,False,False,"TROY Penalty, Delay of Game (-5 Yards) to the Troy 33"
400869430,2016,Clemson,home,6,True,them,them,2,5,4,False,False,True,"TROY Penalty, False Start (Steven Rowzee) to the Clem 49"
400869430,2016,Clemson,home,6,True,us,them,3,10,4,False,False,True,"CLEMSON Penalty, Defensive Pass Interference (Mark Fields) to the Clem 34 for a 1ST down"
400869430,2016,Clemson,home,6,True,us,them,3,8,4,False,False,True,"CLEMSON Penalty, Defensive Pass Interference (Cordrea Tankersley) to the Clem 6 for a 1ST down"
400869430,2016,Clemson,home,6,True,them,them,2,0,4,False,False,True,"TROY Penalty, Unsportsmanlike Conduct (Deondre Douglas) to the Troy 20"
400869438,2016,Clemson,home,59,False,us,us,3,13,2,False,False,False,"CLEMSON Penalty, Offensive Holding (-10 Yards) to the SCSt 38"
400869438,2016,Clemson,home,59,False,us,them,2,12,2,False,False,False,"CLEMSON Penalty, Defensive Offside (5 Yards) to the SCSt 41"
400869438,2016,Clemson,home,59,False,us,them,2,7,2,False,False,False,"CLEMSON Penalty, Defensive Pass Interference (4 Yards) to the SCSt 45 for a 1ST down"
400869438,2016,Clemson,home,59,False,us,us,3,12,3,False,False,True,"CLEMSON Penalty, Illegal Formation (-5 Yards) to the Clem 49"
400869438,2016,Clemson,home,59,False,us,us,1,2,3,False,False,True,"CLEMSON Penalty, False Start (-5 Yards) to the SCSt 7"
400869446,2016,Clemson,away,19,False,them,them,3,11,1,False,False,False,"GEORGIA TECH Penalty, False Start (Will Bryan) to the GTech 19"
400869446,2016,Clemson,away,19,False,us,us,1,10,2,False,False,True,"CLEMSON Penalty, False Start (Jake Fruhmorgen) to the GTech 16"
400869446,2016,Clemson,away,19,False,us,us,3,4,2,False,False,True,"CLEMSON Penalty, False Start (Jake Fruhmorgen) to the GTech 9"
400869446,2016,Clemson,away,19,False,us,them,3,12,3,False,False,False,"CLEMSON Penalty, Defensive Offside (Scott Pagano) to the GTech 28"
400869446,2016,Clemson,away,19,False,us,them,4,1,4,False,False,True,"CLEMSON Penalty, Defensive Offside (Carlos Watkins) to the Clem 40 for a 1ST down"
400869453,2016,Clemson,home,6,True,them,them,1,10,1,False,False,False,"LOUISVILLE Penalty, False Start (-5 Yards) to the Lvile 18"
400869453,2016,Clemson,home,6,True,them,them,1,15,1,False,False,False,"LOUISVILLE Penalty, False Start (-5 Yards) to the Lvile 13"
400869453,2016,Clemson,home,6,True,them,them,3,17,1,False,False,False,"LOUISVILLE Penalty, False Start (-5 Yards) to the Lvile 23"
400869453,2016,Clemson,home,6,True,us,us,3,5,2,False,False,False,"CLEMSON Penalty, False Start (-5 Yards) to the Clem 20"
400869453,2016,Clemson,home,6,True,them,us,1,10,2,False,False,True,"LOUISVILLE Penalty, Defensive Pass Interference (14 Yards) to the Lvile 24 for a 1ST down"
400869453,2016,Clemson,home,6,True,them,them,1,10,2,False,False,False,"LOUISVILLE Penalty, Delay of Game (-5 Yards) to the Lvile 20"
400869453,2016,Clemson,home,6,True,them,them,4,2,2,False,False,False,"LOUISVILLE Penalty, Unsportsmanlike Conduct (-15 Yards) to the Lvile 18"
400869453,2016,Clemson,home,6,True,them,them,1,10,2,False,False,True,"LOUISVILLE Penalty, Personal Foul (-15 Yards) to the Clem 38"
400869453,2016,Clemson,home,6,True,them,us,1,10,2,False,False,True,"LOUISVILLE Penalty, Defensive Pass Interference (15 Yards) to the Lvile 35 for a 1ST down"
400869453,2016,Clemson,home,6,True,us,them,2,13,3,False,False,True,"CLEMSON Penalty, Defensive Holding (10 Yards) to the Lvile 39 for a 1ST down"
400869453,2016,Clemson,home,6,True,us,them,1,10,4,False,False,True,"CLEMSON Penalty, Defensive Holding (10 Yards) to the Clem 20 for a 1ST down"
400869453,2016,Clemson,home,6,True,them,them,1,10,4,False,False,True,"LOUISVILLE Penalty, False Start (-5 Yards) to the Clem 25"
400869453,2016,Clemson,home,6,True,them,them,4,7,4,False,False,False,"LOUISVILLE Penalty, False Start (-5 Yards) to the Clem 14"
400869457,2016,Clemson,away,46,False,them,them,2,2,1,False,False,False,"BOSTON COLLEGE Penalty, False Start (Jimmy Lowery) to the BC 28"
400869457,2016,Clemson,away,46,False,them,them,1,10,1,False,False,False,"BOSTON COLLEGE Penalty, False Start (Elijah Robinson) to the BC 30"
400869457,2016,Clemson,away,46,False,us,us,4,10,4,False,False,False,"CLEMSON Penalty, Delay of Game (-5 Yards) to the BC 41"
400869462,2016,Clemson,home,7,True,them,them,2,6,1,False,False,False,"NC STATE Penalty, False Start (-5 Yards) to the Clem 34"
400869462,2016,Clemson,home,7,True,them,them,1,10,1,False,False,False,"NC STATE Penalty, False Start (Will Richardson) to the Clem 27"
400869462,2016,Clemson,home,7,True,them,them,2,15,1,False,False,False,"NC STATE Penalty, False Start (Will Richardson) to the Clem 32"
400869462,2016,Clemson,home,7,True,them,them,1,10,1,False,False,False,"NC STATE Penalty, Offensive Holding (Clark Eyers) to the Clem 29"
400869462,2016,Clemson,home,7,True,them,them,2,20,1,False,False,False,"NC STATE Penalty, Personal Foul (Joe Scelfo) to the Clem 44"
400869462,2016,Clemson,home,7,True,them,us,3,2,1,False,False,True,"NC STATE Penalty, Defensive Pass Interference (Mike Stevens) to the NCSt 36 for a 1ST down"
400869462,2016,Clemson,home,7,True,them,them,1,10,1,False,False,False,"NC STATE Penalty, False Start (-5 Yards) to the NCSt 37"
400869462,2016,Clemson,home,7,True,them,them,3,14,2,False,False,True,"NC STATE Penalty, Offensive Holding (-10 Yards) to the Clem 29"
400869462,2016,Clemson,home,7,True,them,them,1,10,3,False,False,False,"NC STATE Penalty, False Start (Garrett Bradbury) to the NCSt 3"
400869462,2016,Clemson,home,7,True,them,them,2,11,3,False,False,False,"NC STATE Penalty, False Start (Thaddeus Moss) to the NCSt 2"
400869462,2016,Clemson,home,7,True,them,us,1,10,3,False,False,True,"NC STATE Penalty, Defensive Pass Interference (Jack Tocho) to the NCSt 40 for a 1ST down"
400869462,2016,Clemson,home,7,True,us,them,4,6,4,False,False,True,"CLEMSON Penalty, Defensive Pass Interference (4 Yards) to the Clem 25 for a 1ST down"
400869462,2016,Clemson,home,7,True,us,us,2,12,4,False,False,False,"CLEMSON Penalty, Offensive Holding (Jordan Leggett) to the NCSt 37"
400869462,2016,Clemson,home,7,True,us,us,2,23,4,False,False,False,"CLEMSON Penalty, Offensive Holding (Jake Fruhmorgen) to the NCSt 47"
400869462,2016,Clemson,home,7,True,us,them,3,6,4,False,False,False,"CLEMSON Penalty, Defensive Holding (Cordrea Tankersley) to the NCSt 43 for a 1ST down"
400869462,2016,Clemson,home,7,True,us,us,1,10,5,False,False,True,"CLEMSON Penalty, False Start (-5 Yards) to the NCSt 30"
400869473,2016,Clemson,away,3,True,us,us,1,10,2,False,False,True,"CLEMSON Penalty, False Start (Taylor Hearn) to the FlaSt 36"
400869473,2016,Clemson,away,3,True,us,us,2,10,3,False,False,True,"CLEMSON Penalty, False Start (Artavis Scott) to the FlaSt 18"
400869473,2016,Clemson,away,3,True,us,us,2,15,3,False,False,False,"CLEMSON Penalty, Illegal Motion (-5 Yards) to the Clem 19"
400869477,2016,Clemson,home,54,False,them,them,1,20,1,False,False,False,"SYRACUSE Penalty, Delay of Game (Eric Dungey) to the Syrac 36"
400869477,2016,Clemson,home,54,False,them,them,1,10,1,False,False,False,"SYRACUSE Penalty, Illegal Formation (-5 Yards) to the Clem 35"
400869477,2016,Clemson,home,54,False,them,them,1,15,1,False,False,False,"SYRACUSE Penalty, False Start (Juwan Dowels) to the Clem 40"
400869477,2016,Clemson,home,54,False,them,them,4,8,3,False,False,False,"SYRACUSE Penalty, Delay of Game (-5 Yards) to the Syrac 48"
400869477,2016,Clemson,home,54,False,them,them,2,8,4,False,False,True,"SYRACUSE Penalty, False Start (Evan Adams) to the Syrac 14"
400869477,2016,Clemson,home,54,False,them,them,2,6,4,False,False,True,"SYRACUSE Penalty, False Start (Ervin Philips) to the Syrac 26"
400869491,2016,Clemson,away,22,False,us,them,2,6,1,False,False,False,"CLEMSON Penalty, Defensive Offside (4 Yards) to the WFrst 33"
400869491,2016,Clemson,away,22,False,us,them,4,1,1,False,False,False,"CLEMSON Penalty, Roughing the Kicker (5 Yards) to the WFrst 39 for a 1ST down"
400869491,2016,Clemson,away,22,False,them,them,3,9,1,False,False,False,"WAKE FOREST Penalty, False Start (-5 Yards) to the WFrst 35"
400869491,2016,Clemson,away,22,False,us,them,3,9,1,False,False,False,"CLEMSON Penalty, Offensive Offside (-5 Yards) to the Clem 30"
400869491,2016,Clemson,away,22,False,them,us,3,2,2,False,False,False,"WAKE FOREST Penalty, Defensive Pass Interference (14 Yards) to the Clem 47 for a 1ST down"
400869491,2016,Clemson,away,22,False,us,us,1,10,2,False,False,False,"CLEMSON Penalty, Offensive Holding (-9 Yards) to the Clem 9"
400869491,2016,Clemson,away,22,False,them,them,2,8,3,False,False,False,"WAKE FOREST Penalty, Offensive Holding (-10 Yards) to the WFrst 25"
400869491,2016,Clemson,away,22,False,us,us,3,3,4,False,False,False,"CLEMSON Penalty, False Start (-5 Yards) to the Clem 48"
400869491,2016,Clemson,away,22,False,us,us,4,2,4,False,False,False,"CLEMSON Penalty, Delay of Game (-5 Yards) to the Clem 49"
400869074,2016,Clemson,home,49,False,them,them,3,6,1,False,False,False,"SOUTH CAROLINA Penalty, False Start (Malik Young) to the SCaro 13"
400869074,2016,Clemson,home,49,False,us,them,1,10,4,False,False,False,"CLEMSON Penalty, Defensive Offside (5 Yards) to the SCaro 21"
400869074,2016,Clemson,home,49,False,us,them,1,5,4,False,False,False,"CLEMSON Penalty, 12 Men on the Field (5 Yards) to the SCaro 26 for a 1ST down"
400926944,2016,Clemson,away,7,True,them,them,3,12,1,False,False,False,"VIRGINIA TECH Penalty, Delay of Game (Jonathan McLaughlin) to the VTech 20"
400926944,2016,Clemson,away,7,True,us,us,2,4,1,False,False,True,"CLEMSON Penalty, False Start (Mitch Hyatt) to the Clem 35"
400926944,2016,Clemson,away,7,True,them,them,2,6,2,False,False,True,"VIRGINIA TECH Penalty, Delay of Game (-5 Yards) to the Clem 11"
400926944,2016,Clemson,away,7,True,them,them,3,4,3,False,False,True,"VIRGINIA TECH Penalty, False Start (Augie Conte) to the VTech 26"
400926944,2016,Clemson,away,7,True,us,us,1,10,4,False,False,True,"CLEMSON Penalty, False Start (Mike Williams) to the Clem 20"
400926944,2016,Clemson,away,7,True,us,us,2,4,4,False,False,True,"CLEMSON Penalty, False Start (Mitch Hyatt) to the VTech 40"
400926944,2016,Clemson,away,7,True,us,us,2,9,4,False,False,True,"CLEMSON Penalty, False Start (Jordan Leggett) to the VTech 45"
400926944,2016,Clemson,away,7,True,us,us,1,10,4,False,False,False,"CLEMSON Penalty, False Start (Mitch Hyatt) to the Clem 20"
400937447,2017,Clemson,home,53,False,them,them,3,13,1,False,False,False,"KENT ST Penalty, Delay of Game (-5 Yards) to the KntSt 17"
400937447,2017,Clemson,home,53,False,them,them,3,18,1,False,False,False,"KENT ST Penalty, False Start (Bryce Gibbs) to the KntSt 12"
400937447,2017,Clemson,home,53,False,them,them,3,23,1,False,False,False,"KENT ST Penalty, False Start (Nathan Puthoff) to the KntSt 7"
400937447,2017,Clemson,home,53,False,them,them,4,26,1,False,False,False,"KENT ST Penalty, Delay of Game (-4 Yards) to the KntSt 5"
400937447,2017,Clemson,home,53,False,them,us,4,1,1,False,False,True,"KENT ST Penalty, Substitution Infraction (4 Yards) to the KntSt 3 for a 1ST down"
400937447,2017,Clemson,home,53,False,us,us,1,9,2,False,False,False,"CLEMSON Penalty, Offensive Pass Interference (Tee Higgins) to the KntSt 24"
400937447,2017,Clemson,home,53,False,them,them,4,9,3,False,False,False,"KENT ST Penalty, Delay of Game (-5 Yards) to the KntSt 18"
400937447,2017,Clemson,home,53,False,them,them,3,4,3,False,False,False,"KENT ST Penalty, Delay of Game (-5 Yards) to the KntSt 41"
400937447,2017,Clemson,home,53,False,them,us,4,2,3,False,False,True,"KENT ST Penalty, Substitution Infraction (5 Yards) to the KntSt 40 for a 1ST down"
400937447,2017,Clemson,home,53,False,us,us,1,10,4,False,False,False,"CLEMSON Penalty, Ineligible Downfield on Pass (-5 Yards) to the Clem 36"
400933843,2017,Clemson,home,8,True,us,them,3,6,1,False,False,True,"CLEMSON Penalty, Defensive Pass Interference (Marcus Edmond) to the Clem 37 for a 1ST down"
400933843,2017,Clemson,home,8,True,us,them,1,10,1,False,False,True,"CLEMSON Penalty, Substitution Infraction (5 Yards) to the Clem 32"
400933843,2017,Clemson,home,8,True,them,them,4,1,1,False,False,True,"AUBURN Penalty, Delay of Game (-5 Yards) to the Clem 6"
400933843,2017,Clemson,home,8,True,them,them,1,10,1,False,False,False,"AUBURN Penalty, Illegal Motion (-5 Yards) to the Aub 12"
400933843,2017,Clemson,home,8,True,us,them,1,15,1,False,False,False,"CLEMSON Penalty, Defensive Pass Interference (Mark Fields) to the Aub 27 for a 1ST down"
400933843,2017,Clemson,home,8,True,us,us,1,10,3,False,False,True,"CLEMSON Penalty, False Start (Maverick Morris) to the Aub 27"
400933843,2017,Clemson,home,8,True,them,us,3,4,3,False,False,False,"AUBURN Penalty, Defensive Pass Interference (Carlton Davis) to the Aub 29 for a 1ST down"
400933843,2017,Clemson,home,8,True,us,them,3,6,3,False,False,False,"CLEMSON Penalty, Defensive Offside (Clelin Ferrell) to the Clem 47"
400933843,2017,Clemson,home,8,True,us,us,3,12,3,False,False,False,"CLEMSON Penalty, Offensive Holding (Mitch Hyatt) to the Clem 49"
400933843,2017,Clemson,home,8,True,us,us,4,9,4,False,False,False,"CLEMSON Penalty, Delay of Game (Kelly Bryant) to the Aub 38"
400937461,2017,Clemson,away,26,False,them,us,4,9,2,False,False,False,"LOUISVILLE Penalty, Defensive Offside (5 Yards) to the Lvile 24"
400937461,2017,Clemson,away,26,False,them,them,1,10,3,False,False,True,"LOUISVILLE Penalty, Personal Foul (Charles Standberry) to the Lvile 22"
400937461,2017,Clemson,away,26,False,us,us,2,6,4,False,False,True,"CLEMSON Penalty, False Start (Sean Pollard) to the Clem 24"
400937461,2017,Clemson,away,26,False,us,us,2,11,4,False,False,True,"CLEMSON Penalty, False Start (Taylor Hearn) to the Clem 19"
400937470,2017,Clemson,home,27,False,us,them,3,5,1,False,False,False,"CLEMSON Penalty, Defensive Offside (5 Yards) to the BC 35 for a 1ST down"
400937470,2017,Clemson,home,27,False,us,us,1,10,2,False,False,True,"CLEMSON Penalty, False Start (Tremayne Anchrum) to the Clem 25"
400937470,2017,Clemson,home,27,False,them,them,3,10,2,False,False,False,"BOSTON COLLEGE Penalty, Unsportsmanlike Conduct (TEAM) to the BC 34"
400937470,2017,Clemson,home,27,False,them,them,3,6,4,False,False,False,"BOSTON COLLEGE Penalty, False Start (Marcell Lazard) to the BC 36"
400937481,2017,Clemson,away,14,False,us,us,3,1,1,False,False,True,"CLEMSON Penalty, False Start (Christian Wilkins) to the VTech 6"
400937481,2017,Clemson,away,14,False,us,us,1,10,1,False,False,False,"CLEMSON Penalty, False Start (Taylor Hearn) to the Clem 15"
400937481,2017,Clemson,away,14,False,us,us,1,15,1,False,False,False,"CLEMSON Penalty, Illegal Procedure (Justin Falcinelli) to the Clem 10"
400937481,2017,Clemson,away,14,False,them,them,2,10,2,False,False,False,"VIRGINIA TECH Penalty, False Start (Eric Gallo) to the VTech 3"
400937481,2017,Clemson,away,14,False,us,us,2,5,3,False,False,True,"CLEMSON Penalty, False Start (Mitch Hyatt) to the Clem 49"
400937489,2017,Clemson,home,14,False,them,them,1,10,2,False,False,False,"WAKE FOREST Penalty, Offensive Holding (Jake Benzinger) to the 50 yard line"
400937489,2017,Clemson,home,14,False,them,them,4,8,2,False,False,False,"WAKE FOREST Penalty, False Start (Alex Bachman) to the Clem 43"
400937489,2017,Clemson,home,14,False,us,them,3,10,2,False,False,False,"CLEMSON Penalty, Defensive Offside (Austin Bryant) to the WFrst 22"
400937489,2017,Clemson,home,14,False,us,us,3,4,2,False,False,False,"CLEMSON Penalty, Offensive Pass Interference (-15 Yards) to the Clem 42"
400937489,2017,Clemson,home,14,False,them,them,3,7,2,False,False,False,"WAKE FOREST Penalty, False Start (Jake Benzinger) to the WFrst 43"
400937489,2017,Clemson,home,14,False,us,us,1,10,3,False,False,False,"CLEMSON Penalty, False Start (Deon Cain) to the Clem 36"
400937489,2017,Clemson,home,14,False,us,us,1,10,4,False,False,True,"CLEMSON Penalty, False Start (-5 Yards) to the WFrst 37"
400937489,2017,Clemson,home,14,False,us,them,2,12,4,False,False,True,"CLEMSON Penalty, 12 Men on the Field (5 Yards) to the Clem 14"
400937489,2017,Clemson,home,14,False,them,them,3,0,4,False,False,True,"WAKE FOREST Penalty, False Start (Jake Benzinger) to the Clem 11"
400937493,2017,Clemson,away,-3,True,them,them,1,10,1,False,False,True,"SYRACUSE Penalty, Delay of Game (-5 Yards) to the Syrac 23"
400937493,2017,Clemson,away,-3,True,them,them,3,15,1,False,False,True,"SYRACUSE Penalty, Unsportsmanlike Conduct (Dontae Strickland) to the Syrac 20"
400937493,2017,Clemson,away,-3,True,them,us,1,10,1,False,False,True,"SYRACUSE Penalty, Defensive Offside (5 Yards) to the Syrac 37"
400937493,2017,Clemson,away,-3,True,them,them,2,6,2,False,False,True,"SYRACUSE Penalty, False Start (Evan Adams) to the Clem 25"
400937493,2017,Clemson,away,-3,True,them,them,3,16,2,False,False,True,"SYRACUSE Penalty, Offensive Pass Interference (Steve Ishmael) to the Clem 45"
400937493,2017,Clemson,away,-3,True,us,them,1,10,2,False,False,True,"CLEMSON Penalty, Unsportsmanlike Conduct (Tanner Muse) to the Clem 20"
400937493,2017,Clemson,away,-3,True,them,them,3,9,2,False,False,True,"SYRACUSE Penalty, False Start (-6 Yards) to the Syrac 46"
400937493,2017,Clemson,away,-3,True,us,them,3,15,2,False,False,True,"CLEMSON Penalty, Defensive Offside (Christian Wilkins) to the Clem 49"
400937493,2017,Clemson,away,-3,True,them,them,1,10,2,False,False,False,"SYRACUSE Penalty, False Start (Jamar McGloster) to the Syrac 16"
400937493,2017,Clemson,away,-3,True,us,them,3,9,4,False,False,True,"CLEMSON Penalty, Defensive Pass Interference (Trayvon Mullen) to the Clem 41 for a 1ST down"
400937493,2017,Clemson,away,-3,True,us,them,3,7,4,False,False,True,"CLEMSON Penalty, Defensive Offside (Austin Bryant) to the Clem 22"
400937493,2017,Clemson,away,-3,True,them,them,2,7,4,False,False,True,"SYRACUSE Penalty, False Start (-5 Yards) to the Clem 20"
400937493,2017,Clemson,away,-3,True,them,them,3,3,4,False,False,False,"SYRACUSE Penalty, Delay of Game (-5 Yards) to the Clem 34"
400937505,2017,Clemson,home,14,False,them,them,2,8,2,False,False,False,"GEORGIA TECH Penalty, False Start (-5 Yards) to the GTech 40"
400937505,2017,Clemson,home,14,False,us,us,2,7,2,False,False,False,"CLEMSON Penalty, False Start (Deon Cain) to the GTech 48"
400937505,2017,Clemson,home,14,False,us,us,3,27,4,False,False,False,"CLEMSON Penalty, Delay of Game (-5 Yards) to the GTech 49"
400937510,2017,Clemson,away,7,True,us,us,3,4,1,False,False,False,"CLEMSON Penalty, False Start (-5 Yards) to the NCSt 48"
400937510,2017,Clemson,away,7,True,them,us,3,1,2,False,False,False,"NC STATE Penalty, Defensive Pass Interference (10 Yards) to the NCSt 38 for a 1ST down"
400937510,2017,Clemson,away,7,True,us,us,1,7,3,False,False,True,"CLEMSON Penalty, Illegal Block (Tyrone Crowder) to the NCSt 21"
400937510,2017,Clemson,away,7,True,them,them,4,10,4,False,False,False,"NC STATE Penalty, Illegal Shift (-5 Yards) to the Clem 33"
400937516,2017,Clemson,home,17,False,us,us,1,10,1,False,False,False,"CLEMSON Penalty, False Start (Sean Pollard) to the Clem 12"
400937516,2017,Clemson,home,17,False,us,us,4,5,3,False,False,False,"CLEMSON Penalty, False Start (James Skalski) to the Clem 38"
400937521,2017,Clemson,home,58,False,us,them,1,10,1,False,False,False,"CLEMSON Penalty, Defensive Offside (5 Yards) to the Citad 44"
400937521,2017,Clemson,home,58,False,us,us,1,10,1,False,False,True,"CLEMSON Penalty, Illegal Block (-15 Yards) to the Clem 42"
400937521,2017,Clemson,home,58,False,us,them,1,10,1,False,False,False,"CLEMSON Penalty, Substitution Infraction (5 Yards) to the Citad 30"
400937521,2017,Clemson,home,58,False,them,them,2,9,1,False,False,False,"THE CITADEL Penalty, Offensive Holding (-10 Yards) to the Citad 21"
400937521,2017,Clemson,home,58,False,them,them,1,18,2,False,False,False,"THE CITADEL Penalty, Illegal Block (-6 Yards) to the Citad 6"
400937521,2017,Clemson,home,58,False,them,them,2,7,3,False,False,False,"THE CITADEL Penalty, False Start (-5 Yards) to the Citad 42"
400937521,2017,Clemson,home,58,False,us,us,1,10,4,False,False,True,"CLEMSON Penalty, Ineligible Downfield on Pass (-5 Yards) to the Citad 25"
400933937,2017,Clemson,away,24,False,them,them,1,10,1,False,False,False,"SOUTH CAROLINA Penalty, False Start (Bryan Edwards) to the SCaro 36"
400933937,2017,Clemson,away,24,False,them,them,4,1,1,False,False,False,"SOUTH CAROLINA Penalty, Delay of Game (TEAM) to the SCaro 45"
400933937,2017,Clemson,away,24,False,us,us,3,5,2,False,False,True,"CLEMSON Penalty, Unsportsmanlike Conduct (Dabo Swinney) to the Clem 20"
400933937,2017,Clemson,away,24,False,them,us,1,10,3,False,False,True,"SOUTH CAROLINA Penalty, Personal Foul (JaMarcus King) to the 50 yard line"
400933937,2017,Clemson,away,24,False,them,them,1,10,3,False,False,False,"SOUTH CAROLINA Penalty, False Start (Donell Stanley) to the SCaro 24"
400933937,2017,Clemson,away,24,False,them,them,3,14,3,False,False,False,"SOUTH CAROLINA Penalty, False Start (Hayden Hurst) to the SCaro 20"
400933937,2017,Clemson,away,24,False,them,us,4,6,3,False,False,True,"SOUTH CAROLINA Penalty, Unsportsmanlike Conduct (Rashad Fenton) to the 50 yard line for a 1ST down"
400933937,2017,Clemson,away,24,False,them,them,1,10,4,False,False,True,"SOUTH CAROLINA Penalty, False Start (Zack Bailey) to the SCaro 46"
400955155,2017,Clemson,home,35,False,them,them,2,6,1,False,False,False,"MIAMI FL Penalty, False Start (Tyree St. Louis) to the MiaFl 24"
400955155,2017,Clemson,home,35,False,them,them,4,1,1,False,False,False,"MIAMI FL Penalty, False Start (Trent Harris) to the MiaFl 29"
400955155,2017,Clemson,home,35,False,us,us,4,5,2,False,False,False,"CLEMSON Penalty, Delay of Game (-3 Yards) to the Clem 3"
400955155,2017,Clemson,home,35,False,them,them,3,8,4,False,False,False,"MIAMI FL Penalty, False Start (Navaughn Donaldson) to the MiaFl 22"
401013088,2018,Clemson,home,41,False,them,them,2,9,1,False,False,False,"FURMAN Penalty, false start (-5 Yards) to the Furm 40"
401013088,2018,Clemson,home,41,False,them,them,1,10,2,False,False,False,"FURMAN Penalty, personal foul (-12 Yards) to the Furm 13"
401013088,2018,Clemson,home,41,False,them,them,1,10,3,False,False,False,"FURMAN Penalty, delay of game (-5 Yards) to the Furm 20"
401013088,2018,Clemson,home,41,False,us,us,2,6,4,False,False,False,"CLEMSON Penalty, false start (-5 Yards) to the Furm 38"
401012270,2018,Clemson,away,2,True,us,us,1,10,1,False,False,True,"CLEMSON Penalty, Delay of Game (-5 Yards) to the Clem 20"
401012270,2018,Clemson,away,2,True,them,them,3,3,2,False,False,False,"TEXAS A&M Penalty, False Start (-5 Yards) to the TexAM 40"
401012270,2018,Clemson,away,2,True,them,them,4,9,2,False,False,False,"TEXAS A&M Penalty, Delay of Game (-2 Yards) to the TexAM 3"
401012270,2018,Clemson,away,2,True,them,them,3,3,4,False,False,False,"TEXAS A&M Penalty, False Start (-5 Yards) to the Clem 49"
401013110,2018,Clemson,home,31,False,us,them,2,4,1,False,False,False,"CLEMSON Penalty, Defensive Offside (Christian Wilkins) to the GeoSo 35 for a 1ST down"
401013110,2018,Clemson,home,31,False,us,them,3,10,1,False,False,False,"CLEMSON Penalty, Defensive Offside (Clelin Ferrell) to the GeoSo 27"
401013110,2018,Clemson,home,31,False,us,us,4,3,3,False,False,True,"CLEMSON Penalty, Unsportsmanlike Conduct (Matt Bockhorst) to the GeoSo 20"
401013110,2018,Clemson,home,31,False,us,us,1,10,3,False,False,False,"CLEMSON Penalty, False Start (Tremayne Anchrum) to the GeoSo 48"
401013120,2018,Clemson,away,28,False,them,them,1,10,1,False,False,False,"GEORGIA TECH Penalty, False Start (-5 Yards) to the Clem 22"
401013120,2018,Clemson,away,28,False,them,them,4,24,1,False,False,False,"GEORGIA TECH Penalty, False Start (-5 Yards) to the Clem 36"
401013120,2018,Clemson,away,28,False,them,them,2,8,2,False,False,False,"GEORGIA TECH Penalty, False Start (-5 Yards) to the GTech 22"
401013120,2018,Clemson,away,28,False,us,us,3,10,2,False,False,True,"CLEMSON Penalty, False Start (-5 Yards) to the GTech 24"
401013131,2018,Clemson,home,4,True,them,them,3,1,2,False,False,True,"SYRACUSE Penalty, False Start (Cody Conway) to the Syrac 35"
401013131,2018,Clemson,home,4,True,them,them,4,1,4,False,False,False,"SYRACUSE Penalty, Ineligible Downfield on Pass (Cody Conway) to the Clem 48"
401013131,2018,Clemson,home,4,True,us,us,4,1,4,False,False,True,"CLEMSON Penalty, False Start (Gage Cervenka) to the Clem 48"
401013140,2018,Clemson,away,60,False,them,them,1,10,1,False,False,False,"WAKE FOREST Penalty, False Start (Nathan Gilliam) to the WFrst 35"
401013140,2018,Clemson,away,60,False,them,them,2,15,1,False,False,False,"WAKE FOREST Penalty, Illegal Block (Cade Carney) to the WFrst 39"
401013140,2018,Clemson,away,60,False,them,them,4,1,2,False,False,False,"WAKE FOREST Penalty, False Start (Alex Bachman) to the WFrst 34"
401013140,2018,Clemson,away,60,False,us,us,1,10,2,False,False,False,"CLEMSON Penalty, Illegal Block (Kyler McMichael) to the Clem 8 for a 1ST down"
401013140,2018,Clemson,away,60,False,them,us,4,4,2,False,False,False,"WAKE FOREST Penalty, Roughing the Kicker (Ja'Sir Taylor) to the Clem 29 for a 1ST down"
401013140,2018,Clemson,away,60,False,us,us,3,14,2,False,False,False,"CLEMSON Penalty, Illegal Block (-11 Yards) to the Clem 14"
401013140,2018,Clemson,away,60,False,us,us,1,10,2,False,False,True,"CLEMSON Penalty, Offensive Holding (Tee Higgins) to the Clem 10"
401013149,2018,Clemson,home,34,False,us,them,2,8,1,False,False,False,"CLEMSON Penalty, Defensive Offside (6 Yards) to the NCSt 19"
401013149,2018,Clemson,home,34,False,them,them,3,12,1,False,False,False,"NC STATE Penalty, Delay of Game (-5 Yards) to the NCSt 18"
401013149,2018,Clemson,home,34,False,them,them,3,17,1,False,False,False,"NC STATE Penalty, False Start (-4 Yards) to the NCSt 14"
401013149,2018,Clemson,home,34,False,them,them,2,4,2,False,False,False,"NC STATE Penalty, False Start (-5 Yards) to the NCSt 21"
401013149,2018,Clemson,home,34,False,us,us,3,0,2,False,False,True,"CLEMSON Penalty, False Start (-5 Yards) to the NCSt 6"
401013149,2018,Clemson,home,34,False,us,us,3,0,2,False,False,True,"CLEMSON Penalty, Delay of Game (-5 Yards) to the NCSt 11"
401013149,2018,Clemson,home,34,False,us,them,2,7,3,False,False,False,"CLEMSON Penalty, Defensive Offside (5 Yards) to the NCSt 47"
401013149,2018,Clemson,home,34,False,them,them,2,10,3,False,False,False,"NC STATE Penalty, Offensive Holding (-10 Yards) to the NCSt 39"
401013149,2018,Clemson,home,34,False,us,them,3,9,3,False,False,True,"CLEMSON Penalty, Roughing Passer (15 Yards) to the NCSt 41 for a 1ST down"
401013149,2018,Clemson,home,34,False,them,us,2,10,4,False,False,False,"NC STATE Penalty, Unsportsmanlike Conduct (15 Yards) to the NCSt 15 for a 1ST down"
401013149,2018,Clemson,home,34,False,us,them,2,6,4,False,False,False,"CLEMSON Penalty, Defensive Pass Interference (12 Yards) to the NCSt 36 for a 1ST down"
401013155,2018,Clemson,away,49,False,us,us,2,9,1,False,False,False,"CLEMSON Penalty, False Start (Tremayne Anchrum) to the Clem 30"
401013155,2018,Clemson,away,49,False,us,us,3,6,2,False,False,False,"CLEMSON Penalty, False Start (Tremayne Anchrum) to the FlaSt 35"
401013162,2018,Clemson,home,61,False,them,them,2,14,2,False,False,True,"LOUISVILLE Penalty, False Start (-5 Yards) to the Lvile 21"
401013162,2018,Clemson,home,61,False,them,them,2,19,2,False,False,True,"LOUISVILLE Penalty, Delay of Game (-5 Yards) to the Lvile 16"
401013162,2018,Clemson,home,61,False,us,them,2,10,2,False,False,False,"CLEMSON Penalty, Defensive Offside (6 Yards) to the Lvile 19"
401013162,2018,Clemson,home,61,False,us,us,1,0,3,False,False,True,"CLEMSON Penalty, Illegal Formation (-5 Yards) to the Lvile 6"
401013162,2018,Clemson,home,61,False,them,them,4,10,4,False,False,False,"LOUISVILLE Penalty, False Start (-5 Yards) to the Clem 36"
401013162,2018,Clemson,home,61,False,them,them,2,0,4,False,False,False,"LOUISVILLE Penalty, False Start (-5 Yards) to the Clem 11"
401013169,2018,Clemson,away,20,False,them,us,3,7,1,False,False,True,"BOSTON COLLEGE Penalty, Defensive Offside (Zach Allen) to the Clem 34"
401013169,2018,Clemson,away,20,False,us,us,3,2,1,False,False,True,"CLEMSON Penalty, False Start (-5 Yards) to the Clem 29"
401013169,2018,Clemson,away,20,False,them,them,1,10,4,False,False,False,"BOSTON COLLEGE Penalty, False Start (Aaron Monteiro) to the BC 29"
401013176,2018,Clemson,home,29,False,them,them,1,10,1,False,False,True,"DUKE Penalty, False Start (Robert Kraeling) to the Clem 28"
401013176,2018,Clemson,home,29,False,us,them,3,13,1,False,False,True,"CLEMSON Penalty, Defensive Pass Interference (A.J. Terrell) to the Clem 18 for a 1ST down"
401013176,2018,Clemson,home,29,False,us,them,3,5,2,False,False,False,"CLEMSON Penalty, Defensive Offside (Clelin Ferrell) to the Duke 48 for a 1ST down"
401013176,2018,Clemson,home,29,False,them,them,4,4,2,False,False,False,"DUKE Penalty, Offensive Pass Interference (Johnathan Lloyd) to the Duke 49"
401013176,2018,Clemson,home,29,False,us,us,3,10,2,False,False,False,"CLEMSON Penalty, False Start (Travis Etienne) to the Clem 15"
401013176,2018,Clemson,home,29,False,them,them,3,4,2,False,False,False,"DUKE Penalty, False Start (Christian Harris) to the Duke 23"
401013176,2018,Clemson,home,29,False,us,them,2,12,3,False,False,False,"CLEMSON Penalty, Defensive Offside (Albert Huggins) to the Clem 25"
401013176,2018,Clemson,home,29,False,them,us,3,7,4,False,False,True,"DUKE Penalty, Defensive Holding (Leonard Johnson) to the Duke 10 for a 1ST down"
401013176,2018,Clemson,home,29,False,us,us,4,7,4,False,False,False,"CLEMSON Penalty, False Start (-5 Yards) to the Clem 24"
401012355,2018,Clemson,home,21,False,them,them,1,10,1,False,False,True,"SOUTH CAROLINA Penalty, False Start (Mon Denson) to the SCaro 20"
401012355,2018,Clemson,home,21,False,them,them,1,10,1,False,False,False,"SOUTH CAROLINA Penalty, False Start (Dennis Daley) to the SCaro 20"
401012355,2018,Clemson,home,21,False,us,us,4,3,2,False,False,True,"CLEMSON Penalty, Unsportsmanlike Conduct (Christian Wilkins) to the Clem 20"
401012355,2018,Clemson,home,21,False,us,us,1,10,2,False,False,False,"CLEMSON Penalty, Offensive Pass Interference (Amari Rodgers) to the SCaro 48"
401012355,2018,Clemson,home,21,False,them,them,3,18,3,False,False,False,"SOUTH CAROLINA Penalty, False Start (Dylan Wonnum) to the SCaro 45"
401012355,2018,Clemson,home,21,False,them,them,2,10,3,False,False,False,"SOUTH CAROLINA Penalty, False Start (K.C. Crosby) to the SCaro 35"
401012355,2018,Clemson,home,21,False,us,them,4,0,3,False,False,False,"CLEMSON Penalty, Delay of Game (Clelin Ferrell) to the Clem 2"
401012355,2018,Clemson,home,21,False,us,them,1,10,4,False,False,True,"CLEMSON Penalty, Illegal Participation (5 Yards) to the Clem 48"
401056697,2018,Clemson,away,32,False,them,them,2,14,1,False,False,False,"PITTSBURGH Penalty, False Start (Blake Zubovic) to the Pitt 30"
401056697,2018,Clemson,away,32,False,them,them,2,19,1,False,False,False,"PITTSBURGH Penalty, Delay of Game (-5 Yards) to the Pitt 25"
401056697,2018,Clemson,away,32,False,them,them,2,24,1,False,False,False,"PITTSBURGH Penalty, False Start (Stefano Millin) to the Pitt 20"
401056697,2018,Clemson,away,32,False,them,them,2,1,2,False,False,False,"PITTSBURGH Penalty, False Start (George Aston) to the Clem 47"
401056697,2018,Clemson,away,32,False,us,us,2,5,3,False,False,False,"CLEMSON Penalty, False Start (Justin Falcinelli) to the Clem 42"
401056697,2018,Clemson,away,32,False,them,them,2,3,3,False,False,False,"PITTSBURGH Penalty, False Start (Stefano Millin) to the Pitt 25"
401056697,2018,Clemson,away,32,False,us,us,3,7,4,False,False,False,"CLEMSON Penalty, False Start (Justin Falcinelli) to the Pitt 45"
401056697,2018,Clemson,away,32,False,us,us,2,2,4,False,False,True,"CLEMSON Penalty, False Start (Jackson Carman) to the Pitt 32"
401032079,2018,Clemson,home,27,False,us,us,3,9,2,False,False,True,"CLEMSON Penalty, False Start (Tremayne Anchrum) to the NDame 42"
401032079,2018,Clemson,home,27,False,them,us,2,8,2,False,False,True,"NOTRE DAME Penalty, Defensive Offside (Khalid Kareem) to the Clem 27"
401032079,2018,Clemson,home,27,False,them,them,3,2,3,False,False,False,"NOTRE DAME Penalty, False Start (Aaron Banks) to the Clem 35"
401032079,2018,Clemson,home,27,False,them,them,1,10,3,False,False,False,"NOTRE DAME Penalty, False Start (Liam Eichenberg) to the NDame 35"
401032079,2018,Clemson,home,27,False,them,them,4,3,4,False,False,False,"NOTRE DAME Penalty, False Start (Jalen Elliott) to the NDame 25"
401111653,2019,Clemson,home,38,False,us,us,1,10,1,False,False,True,"CLEMSON Penalty, Offensive Holding (-10 Yards) to the Clem 10"
401111653,2019,Clemson,home,38,False,them,them,1,10,1,False,False,False,"GEORGIA TECH Penalty, False Start (-5 Yards) to the GTech 9"
401111653,2019,Clemson,home,38,False,us,us,1,10,1,False,False,False,"CLEMSON Penalty, Offensive Holding (-10 Yards) to the Clem 10"
401111653,2019,Clemson,home,38,False,us,us,1,10,2,False,False,True,"CLEMSON Penalty, False Start (-3 Yards) to the Clem 3"
401111653,2019,Clemson,home,38,False,us,us,1,10,2,False,False,False,"CLEMSON Penalty, False Start (-5 Yards) to the Clem 15"
401111653,2019,Clemson,home,38,False,us,us,1,10,2,False,False,False,"CLEMSON Penalty, Offensive Holding (-10 Yards) to the Clem 32"
401111653,2019,Clemson,home,38,False,them,them,3,7,3,False,False,False,"GEORGIA TECH Penalty, False Start (-5 Yards) to the GTech 13"
401111653,2019,Clemson,home,38,False,us,them,2,7,4,False,False,True,"CLEMSON Penalty, Defensive Offside (5 Yards) to the GTech 32"
401110784,2019,Clemson,home,14,False,them,them,3,10,1,False,False,False,"TEXAS A&M Penalty, False Start (Jalen Wydermyer) to the TexAM 20"
401110784,2019,Clemson,home,14,False,them,them,3,10,1,False,False,True,"TEXAS A&M Penalty, False Start (-5 Yards) to the Clem 35"
401110784,2019,Clemson,home,14,False,them,them,1,10,2,False,False,False,"TEXAS A&M Penalty, Delay of Game (-5 Yards) to the TexAM 20"
401110784,2019,Clemson,home,14,False,them,them,3,7,3,False,False,False,"TEXAS A&M Penalty, False Start (Carson Green) to the TexAM 29"
401110784,2019,Clemson,home,14,False,them,them,3,6,3,False,False,False,"TEXAS A&M Penalty, False Start (-5 Yards) to the TexAM 44"
401112449,2019,Clemson,away,35,False,us,us,2,10,1,False,False,True,"CLEMSON Penalty, False Start (Gage Cervenka) to the Clem 36"
401112449,2019,Clemson,away,35,False,them,them,3,6,1,False,False,False,"SYRACUSE Penalty, False Start (Airon Servais) to the Syrac 39"
401112449,2019,Clemson,away,35,False,us,us,1,10,2,False,False,False,"CLEMSON Penalty, False Start (Gage Cervenka) to the Clem 25"
401112449,2019,Clemson,away,35,False,us,us,1,0,2,False,False,True,"CLEMSON Penalty, Face Mask (15 yards) (Tee Higgins) to the Syrac 23"
401112449,2019,Clemson,away,35,False,us,us,2,8,3,False,False,True,"CLEMSON Penalty, Offensive Holding (Cade Stewart) to the Syrac 33"
401112449,2019,Clemson,away,35,False,them,them,2,9,4,False,False,False,"SYRACUSE Penalty, False Start (Evan Adams) to the Syrac 16"
401112456,2019,Clemson,home,42,False,them,them,2,4,1,False,False,False,"CHARLOTTE Penalty, False Start (Jalen Allen) to the Charl 26"
401112456,2019,Clemson,home,42,False,them,them,3,1,3,False,False,False,"CHARLOTTE Penalty, False Start (-5 Yards) to the Charl 5"
401112456,2019,Clemson,home,42,False,them,them,4,1,3,False,False,False,"CHARLOTTE Penalty, False Start (Jacob Webb) to the Charl 40"
401112456,2019,Clemson,home,42,False,us,us,1,10,3,False,False,False,"CLEMSON Penalty, False Start (-5 Yards) to the Charl 31"
401112456,2019,Clemson,home,42,False,us,us,4,5,4,False,False,False,"CLEMSON Penalty, Delay of Game (-5 Yards) to the Clem 43"
401112456,2019,Clemson,home,42,False,them,them,3,10,4,False,False,False,"CHARLOTTE Penalty, False Start (-5 Yards) to the Charl 20"
401112456,2019,Clemson,home,42,False,us,us,1,10,4,False,False,False,"CLEMSON Penalty, False Start (-5 Yards) to the Charl 41"
401112467,2019,Clemson,away,1,True,us,us,1,10,1,False,False,True,"CLEMSON Penalty, Substitution Infraction (Travis Etienne) to the Clem 6"
401112467,2019,Clemson,away,1,True,them,them,2,6,2,False,False,True,"NORTH CAROLINA Penalty, False Start (-5 Yards) to the Clem 12"
401112467,2019,Clemson,away,1,True,us,us,4,17,2,False,False,False,"CLEMSON Penalty, False Start (-5 Yards) to the Clem 13"
401112467,2019,Clemson,away,1,True,them,them,1,10,2,False,False,False,"NORTH CAROLINA Penalty, False Start (Marcus McKethan) to the NCaro 35"
401112467,2019,Clemson,away,1,True,them,them,1,10,2,False,False,False,"NORTH CAROLINA Penalty, Offensive Holding (Joshua Ezeudu) to the NCaro 15"
401112467,2019,Clemson,away,1,True,us,us,3,4,3,False,False,False,"CLEMSON Penalty, False Start (John Simpson) to the Clem 47"
401112467,2019,Clemson,away,1,True,us,us,3,1,3,False,False,False,"CLEMSON Penalty, False Start (Jackson Carman) to the NCaro 35"
401112467,2019,Clemson,away,1,True,us,us,3,6,3,False,False,False,"CLEMSON Penalty, False Start (John Simpson) to the Clem 29"
401112467,2019,Clemson,away,1,True,us,us,2,3,4,False,False,True,"CLEMSON Penalty, False Start (J.C. Chalk) to the NCaro 40"
401112479,2019,Clemson,home,31,False,us,us,1,10,1,False,False,True,"CLEMSON Penalty, False Start (-5 Yards) to the FlaSt 17"
401112479,2019,Clemson,home,31,False,us,us,2,5,1,False,False,True,"CLEMSON Penalty, False Start (-5 Yards) to the FlaSt 47"
401112479,2019,Clemson,home,31,False,us,them,3,13,3,False,False,True,"CLEMSON Penalty, Defensive Holding (10 Yards) to the FlaSt 32 for a 1ST down"
401112479,2019,Clemson,home,31,False,us,them,1,0,3,False,False,True,"CLEMSON Penalty, Unsportsmanlike Conduct (-15 Yards) to the Clem 20"
401112479,2019,Clemson,home,31,False,us,us,2,12,4,False,False,False,"CLEMSON Penalty, Personal Foul (-15 Yards) to the Clem 37"
401112479,2019,Clemson,home,31,False,us,them,2,5,4,False,False,True,"CLEMSON Penalty, Roughing Passer (15 Yards) to the FlaSt 45 for a 1ST down"
401112485,2019,Clemson,away,35,False,us,us,3,3,1,False,False,True,"CLEMSON Penalty, False Start (Gage Cervenka) to the Lvile 30"
401112485,2019,Clemson,away,35,False,us,them,3,12,1,False,False,False,"CLEMSON Penalty, Defensive Offside (Justin Foster) to the Lvile 44"
401112485,2019,Clemson,away,35,False,them,them,3,9,1,False,False,False,"LOUISVILLE Penalty, Delay of Game (-5 Yards) to the Lvile 8"
401112485,2019,Clemson,away,35,False,them,them,2,20,2,False,False,False,"LOUISVILLE Penalty, False Start (Tyler Haycraft) to the Lvile 32"
401112485,2019,Clemson,away,35,False,them,them,2,0,4,False,False,True,"LOUISVILLE Penalty, False Start (Tyler Haycraft) to the Clem 10"
401112490,2019,Clemson,home,52,False,them,us,1,10,1,False,False,True,"BOSTON COLLEGE Penalty, Defensive Pass Interference (Jason Maitre) to the Clem 45 for a 1ST down"
401112490,2019,Clemson,home,52,False,them,us,1,10,1,False,False,True,"BOSTON COLLEGE Penalty, Defensive Pass Interference (Mike Palmer) to the BC 32 for a 1ST down"
401112490,2019,Clemson,home,52,False,them,us,1,10,1,False,False,True,"BOSTON COLLEGE Penalty, Defensive Pass Interference (Brandon Sebastian) to the BC 17 for a 1ST down"
401112490,2019,Clemson,home,52,False,us,them,1,10,3,False,False,False,"CLEMSON Penalty, Substitution Infraction (TEAM) to the BC 31"
401112490,2019,Clemson,home,52,False,us,us,1,10,4,False,False,False,"CLEMSON Penalty, Offensive Pass Interference (Frank Ladson Jr.) to the Clem 7"
401112496,2019,Clemson,home,45,False,us,them,2,10,2,False,False,False,"CLEMSON Penalty, Defensive Offside (5 Yards) to the Clem 48"
401112496,2019,Clemson,home,45,False,us,us,1,10,2,False,False,True,"CLEMSON Penalty, False Start (Gage Cervenka) to the Woffd 17"
401112496,2019,Clemson,home,45,False,us,us,1,10,3,False,False,False,"CLEMSON Penalty, Offensive Holding (-10 Yards) to the Clem 26"
401112496,2019,Clemson,home,45,False,us,us,3,15,4,False,False,False,"CLEMSON Penalty, Illegal Procedure (-5 Yards) to the Clem 26"
401112496,2019,Clemson,home,45,False,them,them,1,10,4,False,False,False,"WOFFORD Penalty, Illegal Block (-15 Yards) to the Woffd 19"
401112503,2019,Clemson,away,45,False,us,them,4,3,1,False,False,False,"CLEMSON Penalty, Defensive Offside (5 Yards) to the NCSt 37 for a 1ST down"
401112503,2019,Clemson,away,45,False,them,us,4,5,2,False,False,False,"NC STATE Penalty, Defensive Offside (Jakeen Harris) to the Clem 23 for a 1ST down"
401112503,2019,Clemson,away,45,False,us,us,2,9,3,False,False,True,"CLEMSON Penalty, False Start (Jackson Carman) to the Clem 21"
401112503,2019,Clemson,away,45,False,us,us,3,4,3,False,False,True,"CLEMSON Penalty, False Start (Tremayne Anchrum) to the NCSt 44"
401112503,2019,Clemson,away,45,False,us,us,3,9,3,False,False,True,"CLEMSON Penalty, False Start (-5 Yards) to the NCSt 49"
401112503,2019,Clemson,away,45,False,us,them,3,2,3,False,False,True,"CLEMSON Penalty, Defensive Offside (Jordan Williams) to the NCSt 28 for a 1ST down"
401112503,2019,Clemson,away,45,False,us,them,3,5,3,False,False,True,"CLEMSON Penalty, Defensive Offside (Isaiah Simmons) to the NCSt 38 for a 1ST down"
401112508,2019,Clemson,home,49,False,them,them,1,10,1,False,False,False,"WAKE FOREST Penalty, False Start (Loic Ngassam Nya) to the WFrst 19"
401112508,2019,Clemson,home,49,False,them,us,1,10,2,False,False,True,"WAKE FOREST Penalty, Illegal Formation (5 Yards) to the Clem 25"
401112508,2019,Clemson,home,49,False,us,us,2,24,4,False,False,False,"CLEMSON Penalty, False Start (-5 Yards) to the Clem 14"
401112508,2019,Clemson,home,49,False,us,us,1,10,4,False,False,False,"CLEMSON Penalty, Personal Foul (John Boyd) to the Clem 10"
401110870,2019,Clemson,away,35,False,them,them,1,10,2,False,False,False,"SOUTH CAROLINA Penalty, False Start (Shi Smith) to the SCaro 20"
401110870,2019,Clemson,away,35,False,us,us,4,5,4,False,False,False,"CLEMSON Penalty, False Start (Derion Kendrick) to the SCaro 46"
401132975,2019,Clemson,home,45,False,us,them,2,10,1,False,False,True,"CLEMSON Penalty, Defensive Offside (Xavier Thomas) to the Clem 22"
401132975,2019,Clemson,home,45,False,them,us,4,18,2,False,False,True,"VIRGINIA Penalty, Defensive Offside (Nick Grant) to the Virg 30"
401132975,2019,Clemson,home,45,False,us,us,2,3,2,False,False,True,"CLEMSON Penalty, False Start (John Simpson) to the Clem 30"
401132975,2019,Clemson,home,45,False,us,us,2,0,2,False,False,True,"CLEMSON Penalty, False Start (Sean Pollard) to the Virg 11"
401135295,2019,Clemson,away,-17,False,us,us,4,18,1,False,False,False,"CLEMSON Penalty, Delay of Game (-5 Yards) to the LSU 40"
401135295,2019,Clemson,away,-17,False,them,them,1,10,1,False,False,False,"Burrow, Joe pass complete to Moss, Thaddeus for 38 yards to the LSU45, PENALTY LSU ineligible downfield on pass (Magee, Adrian) 3 yards to the LSU4, NO PLAY."
401135295,2019,Clemson,away,-17,False,them,us,1,10,1,False,False,False,"Lawrence, Trevor pass incomplete to Higgins, Tee, PENALTY LSU pass interference (Fulton, Kristian) 15 yards to the CLEMSON40, NO PLAY, 1ST DOWN CLEMSON."
401135295,2019,Clemson,away,-17,False,us,us,4,4,1,False,False,False,"CLEMSON Penalty, Delay of Game (-5 Yards) to the Clem 41"
401135295,2019,Clemson,away,-17,False,them,them,2,10,3,False,False,True,"LSU Penalty, Delay of Game (-5 Yards) to the LSU 37"
401135295,2019,Clemson,away,-17,False,them,us,2,4,3,False,False,False,"Lawrence, Trevor pass pass intercepted by Fulton, Kristian at the CLEMSON47, Fulton, Kristian return 0 yards to the CLEMSON47, PENALTY LSU pass interference (Fu"
401135295,2019,Clemson,away,-17,False,us,us,2,10,3,False,False,False,"CLEMSON Penalty, False Start (Tremayne Anchrum) to the Clem 40"
401135295,2019,Clemson,away,-17,False,them,them,1,10,3,False,False,True,"LSU Penalty, Personal Foul (Adrian Magee) to the LSU 48"
401135295,2019,Clemson,away,-17,False,them,us,1,10,4,False,False,False,"Lawrence, Trevor pass incomplete to Rodgers, Amari, PENALTY LSU pass interference (Vincent Jr., Kary) 10 yards to the LSU48, NO PLAY, 1ST DOWN CLEMSON."
401135295,2019,Clemson,away,-17,False,them,them,1,10,4,False,False,False,"LSU Penalty, False Start (Adrian Magee) to the LSU 43"
401237492,2020,Clemson,home,49,False,them,us,1,10,1,False,False,True,"THE CITADEL Penalty, Defensive Offside (5 Yards) to the Citad 44"
401237492,2020,Clemson,home,49,False,them,them,1,10,1,False,False,False,"THE CITADEL Penalty, False Start (-5 Yards) to the Citad 20"
401237492,2020,Clemson,home,49,False,them,them,1,10,1,False,False,False,"THE CITADEL Penalty, Personal Foul (-15 Yards) to the Citad 25"
401237492,2020,Clemson,home,49,False,us,us,1,10,1,False,False,True,"CLEMSON Penalty, False Start (-5 Yards) to the 50 yard line"
401237492,2020,Clemson,home,49,False,them,them,3,10,1,False,False,False,"THE CITADEL Penalty, Delay of Game (-5 Yards) to the Citad 11"
401237492,2020,Clemson,home,49,False,them,them,3,9,2,False,False,False,"THE CITADEL Penalty, False Start (Thomas Crawford) to the Citad 21"
401237492,2020,Clemson,home,49,False,them,us,2,6,2,False,False,True,"THE CITADEL Penalty, Defensive Pass Interference (Destin Mack) to the Citad 42 for a 1ST down"
401237492,2020,Clemson,home,49,False,them,them,3,4,2,False,False,False,"THE CITADEL Penalty, False Start (-5 Yards) to the Citad 39"
401237492,2020,Clemson,home,49,False,them,them,1,10,2,False,False,False,"THE CITADEL Penalty, False Start (-5 Yards) to the Clem 44"
401237492,2020,Clemson,home,49,False,us,us,1,10,3,False,False,False,"CLEMSON Penalty, False Start (-5 Yards) to the Clem 22"
401237492,2020,Clemson,home,49,False,them,them,2,9,4,False,False,False,"THE CITADEL Penalty, False Start (-5 Yards) to the Citad 18"
401237492,2020,Clemson,home,49,False,them,them,2,3,4,False,False,False,"THE CITADEL Penalty, False Start (-5 Yards) to the Citad 37"
401237492,2020,Clemson,home,49,False,us,us,2,7,4,False,False,False,"CLEMSON Penalty, Illegal Formation (-5 Yards) to the Citad 45"
401237492,2020,Clemson,home,49,False,us,them,2,17,4,False,False,False,"CLEMSON Penalty, Defensive Offside (5 Yards) to the Citad 10"
401234598,2020,Clemson,home,18,False,us,us,2,7,1,False,False,False,"CLEMSON Penalty, False Start (Will Putnam) to the Clem 23"
401234598,2020,Clemson,home,18,False,us,us,2,5,2,False,False,True,"CLEMSON Penalty, False Start (Cornell Powell) to the Clem 25"
401234598,2020,Clemson,home,18,False,us,us,2,8,2,False,False,False,"CLEMSON Penalty, False Start (Jordan McFadden) to the Clem 22"
401234604,2020,Clemson,home,25,False,them,us,4,4,1,False,False,True,"Lawrence, Trevor pass incomplete, PENALTY MIAMI offside 5 yards to the MIAMI32, NO PLAY, 1ST DOWN CLEMSON."
401234604,2020,Clemson,home,25,False,them,them,3,7,1,False,False,False,"MIAMI FL Penalty, False Start (Jakai Clark) to the MiaFl 23"
401234604,2020,Clemson,home,25,False,us,us,2,5,1,False,False,True,"CLEMSON Penalty, False Start (Travis Etienne) to the Clem 11"
401234604,2020,Clemson,home,25,False,them,us,3,9,1,False,False,True,"Lawrence, Trevor rush for 11 yards to the MIAMI40, PENALTY MIAMI holding 0 yards to the CLEMSON49, NO PLAY, PENALTY MIAMI personal foul 15 yards to the MIAMI46,"
401234604,2020,Clemson,home,25,False,them,them,3,14,2,False,False,False,"MIAMI FL Penalty, False Start (-5 Yards) to the MiaFl 16"
401234604,2020,Clemson,home,25,False,them,us,1,10,2,False,False,False,"Lawrence, Trevor pass incomplete to Rodgers, Amari, PENALTY MIAMI holding 10 yards to the MIAMI27, NO PLAY, 1ST DOWN CLEMSON."
401234604,2020,Clemson,home,25,False,them,them,1,10,2,False,False,True,"Harris, Cam'Ron rush for 5 yards to the MIAMI25, PENALTY MIAMI illegal procedure 5 yards to the MIAMI15, NO PLAY."
401234604,2020,Clemson,home,25,False,them,them,4,2,2,False,False,False,"MIAMI FL Penalty, False Start (-5 Yards) to the MiaFl 28"
401234604,2020,Clemson,home,25,False,them,them,1,10,3,False,False,False,"MIAMI FL Penalty, False Start (-5 Yards) to the MiaFl 20"
401234604,2020,Clemson,home,25,False,them,us,1,10,3,False,False,False,"MIAMI FL Penalty, Unsportsmanlike Conduct (Larry Hodges) to the MiaFl 19 for a 1ST down"
401234604,2020,Clemson,home,25,False,them,us,1,10,3,False,False,True,"Lawrence, Trevor pass incomplete to Spector, Brannon, PENALTY MIAMI unnecessary roughness (Smith, Keontra) 15 yards to the MIAMI32, NO PLAY, 1ST DOWN CLEMSON - "
401234604,2020,Clemson,home,25,False,us,us,2,11,3,False,False,True,"CLEMSON Penalty, Unsportsmanlike Conduct (Trevor Lawrence) to the Clem 20"
401234604,2020,Clemson,home,25,False,them,them,2,4,3,False,False,False,"King, D'Eriq pass complete to Wiggins, Dee for 6 yards to the MIAMI37, PENALTY MIAMI holding (Clarke, Marcus) 10 yards to the MIAMI21, NO PLAY."
401234604,2020,Clemson,home,25,False,them,them,2,0,4,False,False,True,"Harris, Cam'Ron rush for 4 yards to the CLEMSON0, PENALTY MIAMI illegal formation 5 yards to the CLEMSON9, NO PLAY."
401234604,2020,Clemson,home,25,False,them,us,2,11,4,False,False,True,"MIAMI FL Penalty, Personal Foul (Quincy Roche) to the 50 yard line"
401234604,2020,Clemson,home,25,False,us,us,1,10,4,False,False,False,"CLEMSON Penalty, False Start (-5 Yards) to the MiaFl 31"
401234610,2020,Clemson,away,66,False,us,us,1,10,2,False,False,True,"CLEMSON Penalty, False Start (-5 Yards) to the GTech 28"
401234618,2020,Clemson,home,26,False,them,them,2,10,1,False,False,True,"SYRACUSE Penalty, False Start (Airon Servais) to the Clem 25"
401234618,2020,Clemson,home,26,False,them,them,3,7,2,False,False,True,"SYRACUSE Penalty, False Start (Airon Servais) to the Clem 22"
401234618,2020,Clemson,home,26,False,us,us,2,2,2,False,False,False,"CLEMSON Penalty, False Start (Cade Stewart) to the Syrac 23"
401234618,2020,Clemson,home,26,False,them,them,1,10,2,False,False,False,"SYRACUSE Penalty, False Start (Darius Tisdale) to the Syrac 32"
401234618,2020,Clemson,home,26,False,us,us,4,3,3,False,False,False,"CLEMSON Penalty, False Start (Cornell Powell) to the Clem 45"
401234618,2020,Clemson,home,26,False,us,them,2,10,4,False,False,False,"CLEMSON Penalty, Defensive Offside (Bryan Bresee) to the Syrac 30"
401234618,2020,Clemson,home,26,False,them,them,1,10,4,False,False,False,"SYRACUSE Penalty, False Start (Chris Elmore) to the Syrac 35"
401234624,2020,Clemson,home,6,True,them,us,1,10,1,False,False,True,"BOSTON COLLEGE Penalty, Substitution Infraction (5 Yards) to the BC 40"
401234624,2020,Clemson,home,6,True,them,them,2,7,2,False,False,True,"BOSTON COLLEGE Penalty, False Start (Tyler Vrabel) to the BC 23"
401234624,2020,Clemson,home,6,True,us,them,2,6,2,False,False,True,"CLEMSON Penalty, Defensive Offside (Bryan Bresee) to the BC 45"
401234624,2020,Clemson,home,6,True,us,them,4,2,2,False,False,True,"CLEMSON Penalty, Defensive Offside (Nyles Pinckney) to the Clem 18 for a 1ST down"
401234624,2020,Clemson,home,6,True,them,them,3,3,3,False,False,False,"BOSTON COLLEGE Penalty, False Start (Tyler Vrabel) to the Clem 46"
401234624,2020,Clemson,home,6,True,us,us,2,0,4,False,False,True,"CLEMSON Penalty, False Start (Will Putnam) to the BC 8"
401234624,2020,Clemson,home,6,True,us,us,3,10,4,False,False,False,"CLEMSON Penalty, False Start (Jackson Carman) to the Clem 24"
401234632,2020,Clemson,away,-7,True,them,them,4,1,1,False,False,True,"NOTRE DAME Penalty, False Start (Michael Mayer) to the Clem 7"
401234632,2020,Clemson,away,-7,True,them,them,3,12,2,False,False,False,"NOTRE DAME Penalty, False Start (-5 Yards) to the NDame 31"
401234632,2020,Clemson,away,-7,True,them,them,3,10,4,False,False,False,"NOTRE DAME Penalty, False Start (-5 Yards) to the NDame 20"
401234632,2020,Clemson,away,-7,True,them,us,4,1,4,False,False,True,"NOTRE DAME Penalty, Defensive Offside (Myron Tagovailoa-Amosa) to the Clem 40 for a 1ST down"
401234632,2020,Clemson,away,-7,True,us,them,2,20,6,False,False,True,"CLEMSON Penalty, Personal Foul (15 Yards) to the Clem 20 for a 1ST down"
401234651,2020,Clemson,home,35,False,us,us,1,10,1,False,False,True,"CLEMSON Penalty, Substitution Infraction (-5 Yards) to the Pitt 23"
401234651,2020,Clemson,home,35,False,us,us,1,10,1,False,False,True,"CLEMSON Penalty, False Start (Matt Bockhorst) to the Clem 13"
401234651,2020,Clemson,home,35,False,them,us,3,7,3,False,False,False,"PITTSBURGH Penalty, Defensive Offside (Patrick Jones II) to the Clem 33"
401234651,2020,Clemson,home,35,False,us,us,1,10,3,False,False,False,"CLEMSON Penalty, Unsportsmanlike Conduct (Amari Rodgers) to the 50 yard line"
401234657,2020,Clemson,away,35,False,us,us,2,0,3,False,False,False,"CLEMSON Penalty, False Start (-5 Yards) to the VTech 9"
401234657,2020,Clemson,away,35,False,them,them,1,10,3,False,False,False,"VIRGINIA TECH Penalty, Illegal Block (-10 Yards) to the VTech 10"
401234657,2020,Clemson,away,35,False,us,us,2,10,3,False,False,False,"CLEMSON Penalty, False Start (Matt Bockhorst) to the Clem 25"
401234657,2020,Clemson,away,35,False,us,us,1,10,4,False,False,True,"CLEMSON Penalty, Offensive Pass Interference (Cornell Powell) to the Clem 36"
401234657,2020,Clemson,away,35,False,us,them,2,5,4,False,False,False,"CLEMSON Penalty, Defensive Offside (5 Yards) to the Clem 41 for a 1ST down"
401256001,2020,Clemson,away,24,False,us,us,1,10,2,False,False,True,"CLEMSON Penalty, False Start (Cornell Powell) to the Clem 7"
401282615,2021,Clemson,home,46,False,us,us,1,10,2,False,False,True,"CLEMSON Penalty, False Start (Will Putnam) to the SCSt 21"
401282615,2021,Clemson,home,46,False,us,us,3,4,4,False,False,False,"CLEMSON Penalty, False Start (Hunter Rayburn) to the Clem 17"
401282615,2021,Clemson,home,46,False,us,us,1,10,4,False,False,False,"CLEMSON Penalty, False Start (Tristan Leigh) to the Clem 15"
401282627,2021,Clemson,home,6,True,us,us,1,10,1,False,False,False,"CLEMSON Penalty, False Start (-5 Yards) to the Clem 20"
401282627,2021,Clemson,home,6,True,them,them,3,4,1,False,False,False,"GEORGIA TECH Penalty, False Start (-5 Yards) to the GTech 15 for a 1ST down"
401282627,2021,Clemson,home,6,True,them,them,1,10,1,False,False,False,"GEORGIA TECH Penalty, False Start (-5 Yards) to the GTech 20"
401282627,2021,Clemson,home,6,True,us,us,3,8,2,False,False,False,"CLEMSON Penalty, False Start (Marcus Tate) to the Clem 17"
401282627,2021,Clemson,home,6,True,them,them,3,2,4,False,False,True,"GEORGIA TECH Penalty, False Start (-5 Yards) to the GTech 43"
401282627,2021,Clemson,home,6,True,us,us,1,10,4,False,False,True,"CLEMSON Penalty, Delay of Game (-1 Yards) to the Clem 1"
401282643,2021,Clemson,away,-6,True,them,us,2,3,1,False,False,False,"NC STATE Penalty, Defensive Offside (Tanner Ingle) to the Clem 37 for a 1ST down"
401282643,2021,Clemson,away,-6,True,us,us,3,5,1,False,False,False,"CLEMSON Penalty, Illegal Motion (-5 Yards) to the Clem 37"
401282643,2021,Clemson,away,-6,True,them,them,3,7,1,False,False,False,"NC STATE Penalty, Delay of Game (-5 Yards) to the NCSt 41"
401282643,2021,Clemson,away,-6,True,them,them,2,7,1,False,False,False,"NC STATE Penalty, False Start (-5 Yards) to the NCSt 49"
401282643,2021,Clemson,away,-6,True,them,them,2,12,1,False,False,False,"NC STATE Penalty, False Start (Grant Gibson) to the NCSt 44"
401282643,2021,Clemson,away,-6,True,them,them,2,10,1,False,False,True,"NC STATE Penalty, False Start (Grant Gibson) to the NCSt 41"
401282643,2021,Clemson,away,-6,True,us,them,3,11,1,False,False,True,"CLEMSON Penalty, Defensive Offside (Bryan Bresee) to the 50 yard line"
401282643,2021,Clemson,away,-6,True,us,them,3,8,1,False,False,True,"CLEMSON Penalty, Defensive Offside (5 Yards) to the Clem 21"
401282643,2021,Clemson,away,-6,True,us,us,4,2,2,False,False,False,"CLEMSON Penalty, False Start (-5 Yards) to the Clem 28"
401282643,2021,Clemson,away,-6,True,us,them,4,3,2,False,False,False,"CLEMSON Penalty, Defensive Offside (5 Yards) to the Clem 33 for a 1ST down"
401282643,2021,Clemson,away,-6,True,us,them,4,16,3,False,False,False,"CLEMSON Penalty, Defensive Offside (5 Yards) to the NCSt 47"
401282643,2021,Clemson,away,-6,True,us,them,2,8,3,False,False,False,"CLEMSON Penalty, Defensive Offside (5 Yards) to the NCSt 21"
401282643,2021,Clemson,away,-6,True,us,them,3,3,4,False,False,False,"CLEMSON Penalty, Defensive Offside (5 Yards) to the Clem 25 for a 1ST down"
401282647,2021,Clemson,home,6,True,us,us,3,7,1,False,False,False,"CLEMSON Penalty, False Start (-4 Yards) to the Clem 44"
401282647,2021,Clemson,home,6,True,them,them,2,10,1,False,False,False,"BOSTON COLLEGE Penalty, Illegal Formation (-5 Yards) to the BC 40"
401282647,2021,Clemson,home,6,True,us,them,1,10,1,False,False,False,"CLEMSON Penalty, Personal Foul (15 Yards) to the BC 35 for a 1ST down"
401282647,2021,Clemson,home,6,True,them,them,1,16,1,False,False,False,"BOSTON COLLEGE Penalty, False Start (-5 Yards) to the BC 24"
401282647,2021,Clemson,home,6,True,them,them,3,21,1,False,False,False,"BOSTON COLLEGE Penalty, Delay of Game (-5 Yards) to the BC 19"
401282647,2021,Clemson,home,6,True,us,them,2,6,2,False,False,True,"CLEMSON Penalty, Roughing Passer (14 Yards) to the BC 43 for a 1ST down"
401282647,2021,Clemson,home,6,True,them,them,2,11,2,False,False,True,"BOSTON COLLEGE Penalty, False Start (-5 Yards) to the Clem 42"
401282647,2021,Clemson,home,6,True,them,them,1,10,3,False,False,False,"BOSTON COLLEGE Penalty, False Start (-5 Yards) to the Clem 40"
401282647,2021,Clemson,home,6,True,us,us,4,5,3,False,False,False,"CLEMSON Penalty, Delay of Game (-6 Yards) to the BC 44"
401282647,2021,Clemson,home,6,True,them,us,3,7,3,False,False,True,"BOSTON COLLEGE Penalty, Defensive Holding (10 Yards) to the BC 20 for a 1ST down"
401282647,2021,Clemson,home,6,True,us,us,1,10,3,False,False,True,"CLEMSON Penalty, Offensive Pass Interference (-15 Yards) to the BC 35"
401282647,2021,Clemson,home,6,True,us,us,1,25,3,False,False,True,"CLEMSON Penalty, False Start (-5 Yards) to the BC 40"
401282647,2021,Clemson,home,6,True,them,them,1,10,4,False,False,False,"BOSTON COLLEGE Penalty, Ineligible Downfield on Pass (-5 Yards) to the Clem 37"
401282647,2021,Clemson,home,6,True,them,them,1,15,4,False,False,False,"BOSTON COLLEGE Penalty, False Start (-5 Yards) to the Clem 42"
401282647,2021,Clemson,home,6,True,them,them,1,20,4,False,False,False,"BOSTON COLLEGE Penalty, False Start (-5 Yards) to the Clem 47"
401282657,2021,Clemson,away,3,True,them,them,2,1,1,False,False,False,"SYRACUSE Penalty, Personal Foul (-15 Yards) to the Syrac 47"
401282657,2021,Clemson,away,3,True,them,us,3,1,2,False,False,True,"SYRACUSE Penalty, Personal Foul (15 Yards) to the Clem 47 for a 1ST down"
401282657,2021,Clemson,away,3,True,us,us,1,10,2,False,False,True,"CLEMSON Penalty, Offensive Holding (-10 Yards) to the Clem 37"
401282657,2021,Clemson,away,3,True,them,us,1,10,2,False,False,True,"SYRACUSE Penalty, Personal Foul (15 Yards) to the Syrac 16 for a 1ST down"
401282657,2021,Clemson,away,3,True,us,us,3,8,2,False,False,True,"CLEMSON Penalty, False Start (-5 Yards) to the Syrac 19"
401282657,2021,Clemson,away,3,True,us,them,1,10,2,False,False,True,"CLEMSON Penalty, Substitution Infraction (5 Yards) to the Clem 49"
401282657,2021,Clemson,away,3,True,us,us,2,4,2,False,False,True,"CLEMSON Penalty, Offensive Holding (-10 Yards) to the Syrac 17"
401282657,2021,Clemson,away,3,True,us,them,3,12,3,False,False,False,"CLEMSON Penalty, Roughing Passer (15 Yards) to the Syrac 32 for a 1ST down"
401282657,2021,Clemson,away,3,True,them,us,2,8,3,False,False,False,"SYRACUSE Penalty, Defensive Offside (5 Yards) to the Clem 41"
401282657,2021,Clemson,away,3,True,us,us,2,9,3,False,False,False,"CLEMSON Penalty, False Start (-5 Yards) to the Clem 12"
401282657,2021,Clemson,away,3,True,them,them,1,10,4,False,False,False,"SYRACUSE Penalty, False Start (-5 Yards) to the Syrac 25"
401282657,2021,Clemson,away,3,True,them,them,1,10,4,False,False,False,"SYRACUSE Penalty, False Start (-5 Yards) to the Syrac 13"
401282666,2021,Clemson,away,-10,False,them,them,3,3,1,False,False,False,"PITTSBURGH Penalty, False Start (Marquis Williams) to the Pitt 17"
401282666,2021,Clemson,away,-10,False,us,us,3,1,1,False,False,False,"CLEMSON Penalty, False Start (Matt Bockhorst) to the Pitt 49"
401282670,2021,Clemson,home,10,False,them,them,1,10,2,False,False,False,"PENALTY FSU False Start (Parchment,Andrew) 5 yards from FSU25 to FSU20. NO PLAY."
401282670,2021,Clemson,home,10,False,them,them,1,10,3,False,False,False,"PENALTY FSU False Start (Love-Taylor,Devontay) 5 yards from CLE42 to CLE47. NO PLAY."
401282670,2021,Clemson,home,10,False,them,them,4,5,3,False,False,False,"PENALTY FSU False Start (Gibbons,Dillan) 5 yards from CLE37 to CLE42. NO PLAY."
401282670,2021,Clemson,home,10,False,them,us,3,9,4,False,False,False,"Uiagalelei,DJ pass incomplete to Swinney,Drew PENALTY FSU Pass Interference (Jones,Jarrian) 15 yards from FSU32 to FSU17, 1ST DOWN. NO PLAY."
401282670,2021,Clemson,home,10,False,them,them,4,5,4,False,False,False,PENALTY FSU Delay Of Game 5 yards from FSU49 to FSU44. NO PLAY.
401282670,2021,Clemson,home,10,False,them,us,1,10,4,False,False,True,PENALTY FSU UNS: Unsportsmanlike Conduct 15 yards from FSU35 to FSU20. NO PLAY.
401282670,2021,Clemson,home,10,False,them,them,1,10,4,False,False,False,"PENALTY FSU False Start (Washington,Darius) 5 yards from FSU19 to FSU14. NO PLAY."
401282670,2021,Clemson,home,10,False,them,us,1,10,4,False,False,True,"Uiagalelei,DJ pass incomplete to Collins,Beaux PENALTY FSU Pass Interference (Knowles II,Kevin) 15 yards from CLE42 to FSU43, 1ST DOWN. NO PLAY."
401282680,2021,Clemson,away,6,True,us,them,3,3,1,False,False,True,"CLEMSON Penalty, Personal Foul (Nolan Turner) to the Clem 26 for a 1ST down"
401282680,2021,Clemson,away,6,True,them,us,3,10,2,False,False,True,"PHOMMACHANH, Taisun sacked for a loss of 3 yards at the LOU42 (REIGER, Mason). PENALTY LOU Holding on VANCE, Greedy enforced 10 yards from the LOU39 to the LOU2"
401282680,2021,Clemson,away,6,True,them,us,2,10,2,False,False,True,"SHIPLEY, Will rush to the left for a gain of 7 yards to the LOU16 (TURNER, Jacques). PENALTY LOU Targeting on FAGOT, Jack enforced half the distance from the go"
401282680,2021,Clemson,away,6,True,them,them,3,1,3,False,False,False,"LOUISVILLE Penalty, False Start (Adonis Boone) to the Lvile 5"
401282680,2021,Clemson,away,6,True,us,us,4,9,3,False,False,False,"CLEMSON Penalty, Delay Of Game (TEAM) to the Lvile 47"
401282680,2021,Clemson,away,6,True,them,them,3,7,4,True,False,False,"LOUISVILLE Penalty, Illegal Shift (TEAM) declined"
401282680,2021,Clemson,away,6,True,them,us,1,10,4,False,False,True,"PHOMMACHANH, Taisun pass to the right incomplete intended for ROSS, Justyn thrown to the LOU8. PENALTY LOU Pass Interference on VANCE, Greedy enforced 15 yards "
401282684,2021,Clemson,home,37,False,them,them,1,10,2,False,False,False,"CONNECTICUT Penalty, Offensive Holding (-10 Yards) to the UConn 19"
401282693,2021,Clemson,home,21,False,them,them,2,10,1,False,False,False,"WAKE FOREST Penalty, False Start (A.T. Perry) to the WFrst 20"
401282693,2021,Clemson,home,21,False,them,them,2,1,1,False,False,False,"WAKE FOREST Penalty, False Start (Luke Petitbon) to the WFrst 24"
401282693,2021,Clemson,home,21,False,us,us,3,3,2,False,False,False,"CLEMSON Penalty, False Start (Marcus Tate) to the Clem 48"
401282693,2021,Clemson,home,21,False,them,them,2,10,2,False,False,True,"WAKE FOREST Penalty, False Start (Dylan Hazen) to the WFrst 44"
401282693,2021,Clemson,home,21,False,them,them,3,2,2,False,False,False,"WAKE FOREST Penalty, False Start (-5 Yards) to the 50 yard line"
401282693,2021,Clemson,home,21,False,us,us,2,8,3,False,False,True,"CLEMSON Penalty, False Start (-5 Yards) to the Clem 22"
401282693,2021,Clemson,home,21,False,them,them,1,10,3,False,False,True,"WAKE FOREST Penalty, False Start (-5 Yards) to the WFrst 48"
401282693,2021,Clemson,home,21,False,us,them,1,10,4,False,False,True,"CLEMSON Penalty, Defensive Offside (Myles Murphy) to the Clem 7"
401282693,2021,Clemson,home,21,False,them,them,1,10,4,False,False,False,"WAKE FOREST Penalty, Delay of Game (-5 Yards) to the WFrst 13"
401282693,2021,Clemson,home,21,False,them,them,1,15,4,False,False,False,"WAKE FOREST Penalty, False Start (-5 Yards) to the WFrst 8"
401282152,2021,Clemson,away,30,False,us,us,1,10,2,True,False,False,"CLEMSON Penalty, Illegal Motion (Andrew Mukuba) declined"
401331227,2021,Clemson,away,7,True,us,us,3,0,1,False,False,True,"CLEMSON Penalty, False Start (Hunter Rayburn) to the IowSt 11"
401331227,2021,Clemson,away,7,True,us,them,2,5,4,False,False,True,"CLEMSON Penalty, Roughing Passer (15 Yards) to the Clem 28 for a 1ST down"
401331227,2021,Clemson,away,7,True,us,us,2,2,4,False,False,False,"CLEMSON Penalty, Personal Foul (15 Yards) to the Clem 42"
401411101,2022,Clemson,away,31,False,them,them,1,10,1,False,False,False,"GEORGIA TECH Penalty, Substitution Infraction (-5 Yards) to the GTech 34"
401411101,2022,Clemson,away,31,False,them,them,3,22,1,False,False,False,"GEORGIA TECH Penalty, False Start (-5 Yards) to the GTech 22"
401411101,2022,Clemson,away,31,False,them,them,2,14,2,False,False,False,"GEORGIA TECH Penalty, False Start (-5 Yards) to the GTech 19"
401411101,2022,Clemson,away,31,False,them,them,2,19,2,False,False,False,"GEORGIA TECH Penalty, False Start (-5 Yards) to the GTech 14"
401411101,2022,Clemson,away,31,False,them,them,2,10,2,False,False,False,"GEORGIA TECH Penalty, False Start (-5 Yards) to the Clem 37"
401411101,2022,Clemson,away,31,False,us,us,1,10,2,False,False,False,"CLEMSON Penalty, Delay of Game (-5 Yards) to the Clem 20"
401411101,2022,Clemson,away,31,False,us,them,1,10,3,False,False,True,"CLEMSON Penalty, Delay of Game (5 Yards) to the GTech 48"
401411101,2022,Clemson,away,31,False,them,them,1,10,3,False,False,True,"GEORGIA TECH Penalty, False Start (-5 Yards) to the Clem 21"
401411101,2022,Clemson,away,31,False,them,us,3,10,3,False,False,True,"GEORGIA TECH Penalty, Defensive Pass Interference (15 Yards) to the Clem 40 for a 1ST down"
401411102,2022,Clemson,home,23,False,us,them,1,10,1,False,False,True,"CLEMSON Penalty, Defensive Offside (5 Yards) to the Furm 30"
401411102,2022,Clemson,home,23,False,us,us,1,10,1,False,False,True,"CLEMSON Penalty, False Start (-5 Yards) to the Clem 35"
401411102,2022,Clemson,home,23,False,them,them,3,3,1,False,False,False,"FURMAN Penalty, False Start (-5 Yards) to the Furm 27"
401411102,2022,Clemson,home,23,False,them,them,3,4,2,False,False,False,"FURMAN Penalty, False Start (-5 Yards) to the Furm 26"
401411102,2022,Clemson,home,23,False,them,them,1,10,2,False,False,True,"FURMAN Penalty, False Start (-5 Yards) to the Clem 45"
401411102,2022,Clemson,home,23,False,us,them,3,5,3,False,False,False,"CLEMSON Penalty, Defensive Pass Interference (15 Yards) to the Furm 45 for a 1ST down"
401411102,2022,Clemson,home,23,False,us,us,1,10,3,False,False,False,"CLEMSON Penalty, Ineligible Downfield on Pass (-5 Yards) to the Clem 10"
401411102,2022,Clemson,home,23,False,them,them,2,7,3,False,False,True,"FURMAN Penalty, False Start (-5 Yards) to the Clem 16"
401411102,2022,Clemson,home,23,False,us,us,1,10,4,False,False,False,"CLEMSON Penalty, False Start (-5 Yards) to the Clem 25"
401411102,2022,Clemson,home,23,False,them,us,1,10,4,False,False,False,"FURMAN Penalty, Defensive Pass Interference (2 Yards) to the Clem 17 for a 1ST down"
401426556,2022,Clemson,home,28,False,them,them,3,5,1,False,False,False,"LOUISIANA TECH Penalty, Offensive Holding (-10 Yards) to the Clem 44"
401426556,2022,Clemson,home,28,False,us,them,3,15,2,False,False,False,"CLEMSON Penalty, Defensive Offside (5 Yards) to the Clem 39"
401426556,2022,Clemson,home,28,False,us,them,3,15,2,False,False,False,"CLEMSON Penalty, Defensive Offside (5 Yards) to the Clem 39"
401426556,2022,Clemson,home,28,False,us,them,1,0,2,False,False,True,"CLEMSON Penalty, 12 Men on the Field (5 Yards) to the Clem 5"
401426556,2022,Clemson,home,28,False,them,them,4,0,2,False,False,True,"LOUISIANA TECH Penalty, Delay of Game (-5 Yards) to the Clem 10"
401426556,2022,Clemson,home,28,False,them,them,1,10,3,False,False,False,"LOUISIANA TECH Penalty, False Start (-5 Yards) to the LaTch 20"
401426556,2022,Clemson,home,28,False,them,them,2,15,3,False,False,False,"LOUISIANA TECH Penalty, False Start (-5 Yards) to the LaTch 15"
401426556,2022,Clemson,home,28,False,us,us,3,3,4,False,False,False,"CLEMSON Penalty, Offensive Holding (-10 Yards) to the Clem 22"
401411123,2022,Clemson,away,6,True,us,us,1,10,1,False,False,True,"CLEMSON Penalty, False Start (-5 Yards) to the WFrst 16"
401411123,2022,Clemson,away,6,True,us,us,4,0,2,False,False,True,"CLEMSON Penalty, Delay of Game (-5 Yards) to the WFrst 7"
401411123,2022,Clemson,away,6,True,us,us,2,1,6,False,False,True,"CLEMSON Penalty, False Start (-5 Yards) to the WFrst 21"
401411125,2022,Clemson,home,10,False,them,them,3,11,1,False,False,True,"NC STATE Penalty, False Start (Anthony Belton) to the NCSt 13"
401411125,2022,Clemson,home,10,False,us,us,2,9,2,False,False,False,"CLEMSON Penalty, False Start (Jake Briningstool) to the Clem 8"
401411125,2022,Clemson,home,10,False,them,us,4,4,2,False,False,True,"NC STATE Penalty, Running Into Kicker (Colby Johnson) to the Clem 38 for a 1ST down"
401411125,2022,Clemson,home,10,False,us,us,1,10,2,False,False,True,"CLEMSON Penalty, False Start (Blake Miller) to the NCSt 33"
401411125,2022,Clemson,home,10,False,us,us,1,0,2,False,False,True,"CLEMSON Penalty, False Start (-5 Yards) to the NCSt 8"
401411125,2022,Clemson,home,10,False,them,them,1,10,3,False,False,False,"NC STATE Penalty, False Start (Grant Gibson) to the NCSt 33"
401411125,2022,Clemson,home,10,False,them,them,2,6,4,False,False,True,"NC STATE Penalty, False Start (Anthony Belton) to the NCSt 24"
401411125,2022,Clemson,home,10,False,us,them,3,10,4,False,False,True,"CLEMSON Penalty, Roughing Passer (Etinosa Reuben) to the Clem 49 for a 1ST down"
401411131,2022,Clemson,away,28,False,us,us,2,4,1,False,False,False,"CLEMSON Penalty, False Start (Blake Miller) to the Clem 21"
401411131,2022,Clemson,away,28,False,them,them,4,3,2,False,False,True,"BOSTON COLLEGE Penalty, False Start (-5 Yards) to the Clem 13"
401411131,2022,Clemson,away,28,False,them,us,1,10,2,False,False,False,"BOSTON COLLEGE Penalty, Unnecessary Roughness (15 Yards) to the BC 47 for a 1ST down"
401411131,2022,Clemson,away,28,False,us,us,1,10,2,False,False,False,"CLEMSON Penalty, False Start (-5 Yards) to the Clem 31"
401411138,2022,Clemson,away,6,True,us,us,4,2,3,False,False,False,"CLEMSON Penalty, False Start (Will Putnam) to the Clem 38"
401411138,2022,Clemson,away,6,True,us,us,3,13,4,False,False,False,"CLEMSON Penalty, False Start (Blake Miller) to the FlaSt 45"
401411142,2022,Clemson,home,6,True,us,them,1,10,1,False,False,False,"CLEMSON Penalty, Personal Foul (Myles Murphy) to the Clem 49 for a 1ST down"
401411142,2022,Clemson,home,6,True,them,them,3,2,1,False,False,False,"SYRACUSE Penalty, False Start (Carlos Vettorello) to the Clem 46"
401411142,2022,Clemson,home,6,True,us,us,1,10,1,False,False,False,"CLEMSON Penalty, False Start (Blake Miller) to the Clem 20"
401411142,2022,Clemson,home,6,True,them,them,1,10,2,False,False,False,"SYRACUSE Penalty, Illegal Participation (-5 Yards) to the Syrac 20"
401411142,2022,Clemson,home,6,True,them,them,3,20,3,False,False,False,"SYRACUSE Penalty, False Start (Dakota Davis) to the Syrac 5"
401411142,2022,Clemson,home,6,True,us,us,1,10,3,False,False,True,"CLEMSON Penalty, False Start (Blake Miller) to the Syrac 47"
401411142,2022,Clemson,home,6,True,us,us,1,0,4,False,False,True,"CLEMSON Penalty, Delay of Game (-5 Yards) to the Syrac 8"
401411142,2022,Clemson,home,6,True,them,them,3,1,4,False,False,False,"SYRACUSE Penalty, False Start (Wes Hoeh) to the Syrac 44"
401404130,2022,Clemson,away,-21,False,us,us,2,18,1,False,False,True,"CLEMSON Penalty, Offensive Holding (-8 Yards) to the Clem 9"
401404130,2022,Clemson,away,-21,False,them,us,1,10,1,False,False,True,"NOTRE DAME Penalty, Offensive Offside (-1 Yards) to the Clem 4"
401404130,2022,Clemson,away,-21,False,us,them,1,10,2,False,False,True,"CLEMSON Penalty, Personal Foul (15 Yards) to the 50 yard line"
401404130,2022,Clemson,away,-21,False,us,us,1,10,3,False,False,False,"CLEMSON Penalty, Personal Foul (15 Yards) to the 50 yard line for a 1ST down"
401404130,2022,Clemson,away,-21,False,us,us,1,10,3,False,False,False,"CLEMSON Penalty, False Start (-3 Yards) to the Clem 3"
401404130,2022,Clemson,away,-21,False,them,us,1,10,4,False,False,True,"NOTRE DAME Penalty, Defensive Holding (10 Yards) to the Clem 35 for a 1ST down"
401404130,2022,Clemson,away,-21,False,them,us,2,8,4,False,False,True,"NOTRE DAME Penalty, Defensive Pass Interference (15 Yards) to the NDame 48 for a 1ST down"
401404130,2022,Clemson,away,-21,False,them,us,1,10,4,False,False,True,"NOTRE DAME Penalty, Defensive Pass Interference (15 Yards) to the NDame 33 for a 1ST down"
401404130,2022,Clemson,away,-21,False,them,us,2,10,4,False,False,True,"NOTRE DAME Penalty, Defensive Pass Interference (12 Yards) to the NDame 4 for a 1ST down"
401411158,2022,Clemson,home,15,False,us,us,3,10,1,False,False,True,"CLEMSON Penalty, False Start (-5 Yards) to the Clem 31"
401411158,2022,Clemson,home,15,False,us,us,1,10,1,False,False,True,"CLEMSON Penalty, False Start (-5 Yards) to the Lvile 29"
401411158,2022,Clemson,home,15,False,us,us,1,10,3,False,False,False,"CLEMSON Penalty, False Start (-5 Yards) to the Lvile 44"
401411158,2022,Clemson,home,15,False,them,them,2,10,4,False,False,False,"LOUISVILLE Penalty, False Start (-5 Yards) to the Lvile 48"
401411158,2022,Clemson,home,15,False,them,them,2,10,4,False,False,False,"LOUISVILLE Penalty, Offensive Holding (-10 Yards) to the Lvile 25"
401411158,2022,Clemson,home,15,False,them,them,1,10,4,False,False,True,"LOUISVILLE Penalty, Offensive Pass Interference (-15 Yards) to the Clem 30"
401411165,2022,Clemson,home,30,False,us,us,4,1,2,False,False,False,"CLEMSON Penalty, Delay of Game (-4 Yards) to the Clem 11"
401411165,2022,Clemson,home,30,False,them,them,1,10,3,False,False,False,"MIAMI FL Penalty, False Start (Chris Washington) to the Clem 40"
401411165,2022,Clemson,home,30,False,them,them,1,10,4,False,False,False,"MIAMI FL Penalty, False Start (John Campbell Jr.) to the MiaFl 28"
401411165,2022,Clemson,home,30,False,them,them,2,10,4,False,False,False,"MIAMI FL Penalty, Delay of Game (-5 Yards) to the MiaFl 44"
401403962,2022,Clemson,home,-1,True,them,us,3,5,4,False,False,False,"SOUTH CAROLINA Penalty, Defensive Pass Interference (15 Yards) to the Clem 23 for a 1ST down"
401437009,2022,Clemson,away,29,False,us,us,2,8,1,False,False,False,"CLEMSON Penalty, False Start (-5 Yards) to the Clem 22"
401437009,2022,Clemson,away,29,False,them,them,3,5,1,False,False,False,"NORTH CAROLINA Penalty, False Start (-5 Yards) to the NCaro 22"
401437009,2022,Clemson,away,29,False,them,them,3,2,2,False,False,False,"NORTH CAROLINA Penalty, Face Mask (15 yards) (Drake Maye) to the Clem 27"
401437009,2022,Clemson,away,29,False,us,them,1,10,2,False,False,True,"CLEMSON Penalty, Defensive Pass Interference (Andrew Mukuba) to the NCaro 35 for a 1ST down"
401437009,2022,Clemson,away,29,False,us,us,1,10,2,False,False,True,"CLEMSON Penalty, Ineligible Downfield on Pass (-5 Yards) to the NCaro 35"
401437009,2022,Clemson,away,29,False,us,them,3,8,3,False,False,False,"CLEMSON Penalty, Delay of Game (5 Yards) to the NCaro 32"
401437009,2022,Clemson,away,29,False,them,them,4,1,3,False,False,False,"NORTH CAROLINA Penalty, False Start (-5 Yards) to the NCaro 42"
401437009,2022,Clemson,away,29,False,us,them,1,10,4,False,False,False,"CLEMSON Penalty, Defensive Pass Interference (Toriano Pride Jr.) to the Clem 15 for a 1ST down"
401442019,2022,Clemson,home,-17,False,them,them,1,10,1,False,False,True,"TENNESSEE Penalty, Offensive Holding (Jerome Carvin) to the Tenn 38"
401442019,2022,Clemson,home,-17,False,us,them,1,10,1,False,False,True,"CLEMSON Penalty, Defensive Holding (K.J. Henry) to the Clem 28 for a 1ST down"
401442019,2022,Clemson,home,-17,False,us,them,2,11,1,False,False,True,"CLEMSON Penalty, Unsportsmanlike Conduct (15 Yards) to the Clem 14 for a 1ST down"
401442019,2022,Clemson,home,-17,False,them,them,1,0,1,False,False,True,"TENNESSEE Penalty, Unsportsmanlike Conduct (TEAM) to the Clem 19"
401442019,2022,Clemson,home,-17,False,them,us,1,10,1,False,False,False,"TENNESSEE Penalty, Defensive Pass Interference (Jaylen McCollough) to the Tenn 37 for a 1ST down"
401442019,2022,Clemson,home,-17,False,them,us,1,10,1,False,False,False,"TENNESSEE Penalty, Defensive Pass Interference (Kamal Hadden) to the Clem 35 for a 1ST down"
401442019,2022,Clemson,home,-17,False,them,us,3,6,2,False,False,False,"TENNESSEE Penalty, Defensive Pass Interference (De'Shawn Rucker) to the Tenn 47 for a 1ST down"
401442019,2022,Clemson,home,-17,False,us,us,2,10,2,False,False,False,"CLEMSON Penalty, Delay of Game (-5 Yards) to the Tenn 18"
401442019,2022,Clemson,home,-17,False,them,them,2,11,3,False,False,False,"TENNESSEE Penalty, Offensive Holding (-10 Yards) to the Tenn 43"
401442019,2022,Clemson,home,-17,False,them,us,2,0,4,False,False,True,"TENNESSEE Penalty, Unsportsmanlike Conduct (1 Yards) to the Tenn 2"
401442019,2022,Clemson,home,-17,False,them,us,3,10,4,False,False,False,"TENNESSEE Penalty, Defensive Pass Interference (Juwan Mitchell) to the Clem 37 for a 1ST down"
401442019,2022,Clemson,home,-17,False,us,them,1,10,4,False,False,False,"CLEMSON Penalty, Unsportsmanlike Conduct (15 Yards) to the Tenn 35 for a 1ST down"
401525468,2023,Clemson,away,-21,False,them,them,1,10,1,False,False,True,"Duke Penalty, False Start (Jake Hornibrook) to the DUKE 34"
401525468,2023,Clemson,away,-21,False,them,them,3,2,2,False,False,False,"Duke Penalty, False Start (Jalon Calhoun) to the DUKE 38"
401525468,2023,Clemson,away,-21,False,them,them,3,2,2,False,False,False,"Duke Penalty, False Start (Nicky Dalmolin) to the CLEM 36"
401525468,2023,Clemson,away,-21,False,us,us,1,1,3,False,False,False,"Clemson Penalty, False Start (Blake Miller) to the DUKE 6"
401525468,2023,Clemson,away,-21,False,them,us,1,10,3,False,False,False,"Klubnik, Cade pass complete to Shipley, Will for loss of 2 yards to the CLEMSON38, PENALTY DUKE offside 5 yards to the CLEMSON45, NO PLAY."
401525468,2023,Clemson,away,-21,False,them,us,1,10,3,False,False,False,"Mafah, Phil rush for 6 yards to the DUKE9, PENALTY DUKE offside 5 yards to the DUKE10, NO PLAY."
401525468,2023,Clemson,away,-21,False,them,them,2,6,4,False,False,True,"Duke Penalty, False Start (Jordan Moore) to the CLEM 34"
401525468,2023,Clemson,away,-21,False,them,them,1,10,4,False,False,False,"Duke Penalty, Personal Foul (Cam Dillon) to the DUKE 31"
401525491,2023,Clemson,home,49,False,us,us,1,10,1,False,False,True,"PENALTY CLEM False Start (Parks,Walker) 5 yards from CSU12 to CSU17. NO PLAY."
401525491,2023,Clemson,home,49,False,us,us,3,10,2,False,False,False,"Clemson Penalty, Intentional Grounding (Cade Klubnik) to the CLEM 10"
401525491,2023,Clemson,home,49,False,them,them,1,10,2,True,False,False,"Charleston Southern Penalty, Illegal Block ( Yards) declined"
401525491,2023,Clemson,home,49,False,us,them,2,9,4,False,False,False,"No Huddle-Shotgun Bartalo,Tony pass incomplete deep left to Jennings,Noah PENALTY CLEM Pass Interference (Lukus,Jeadyn) 15 yards from CSU26 to CSU41, 1ST DOWN. "
401525501,2023,Clemson,home,34,False,them,them,1,10,1,False,False,False,"PENALTY FAU False Start (Hinton,Dorian) 5 yards from FAU25 to FAU20. NO PLAY."
401525501,2023,Clemson,home,34,False,them,them,2,14,1,False,False,False,"No Huddle-Shotgun Thompson,Casey pass complete short left to Lewis,Kobe for 10 yards to the FAU31 (Mickens,R.J.) PENALTY FAU Holding (Bell,Kamaar) 10 yards from"
401525501,2023,Clemson,home,34,False,us,us,1,10,2,False,False,True,"No Huddle-Shotgun Klubnik,Cade rush left for 0 yards to the FAU44 (Jerrels,Jarrett) PENALTY CLEM Holding (Leigh,Tristan) 10 yards from FAU44 to CLEM46. NO PLAY."
401525501,2023,Clemson,home,34,False,them,us,1,10,2,False,False,True,"No Huddle-Shotgun Klubnik,Cade pass incomplete deep left to Turner,Cole PENALTY FAU Pass Interference (Hill,Daedae) 15 yards from FAU33 to FAU18, 1ST DOWN. NO P"
401525501,2023,Clemson,home,34,False,them,them,2,11,3,False,False,False,"PENALTY FAU False Start (Maranges,Federico) 5 yards from CLEM29 to CLEM34. NO PLAY."
401525501,2023,Clemson,home,34,False,them,them,2,16,3,False,False,False,"No Huddle-Shotgun Richardson,Daniel pass incomplete short right QB hurried by Davis,Tyler PENALTY FAU Holding (Neal,Chaz) 10 yards from CLEM34 to CLEM44. NO PLA"
401525501,2023,Clemson,home,34,False,us,them,1,10,3,False,False,False,"No Huddle-Shotgun Richardson,Daniel pass incomplete deep middle to Alexander,BJ PENALTY CLEM Pass Interference (Pride Jr.,Toriano) 14 yards from FAU04 to FAU18,"
401525507,2023,Clemson,home,-7,True,us,us,4,1,1,False,False,False,"Clemson Penalty, Delay of Game (-5 Yards) to the CLEM 40"
401525507,2023,Clemson,home,-7,True,us,us,1,10,1,False,False,True,"Clemson Penalty, False Start (Blake Miller) to the FSU 22"
401525507,2023,Clemson,home,-7,True,us,us,2,9,4,False,False,False,"Clemson Penalty, False Start (Mitchell Mayes) to the CLEM 16"
401525514,2023,Clemson,away,17,False,them,them,3,10,2,False,False,False,"Syracuse Penalty, False Start (Dan Villari) to the SYR 15"
401525514,2023,Clemson,away,17,False,us,us,2,8,2,False,False,False,"Clemson Penalty, False Start (Trent Howard) to the CLEM 48"
401525514,2023,Clemson,away,17,False,them,them,3,0,4,False,False,True,"Syracuse Penalty, False Start (-5 Yards) to the CLEM 6"
401525514,2023,Clemson,away,17,False,us,us,1,10,4,False,False,False,"Clemson Penalty, False Start (-5 Yards) to the CLEM 37"
401525514,2023,Clemson,away,17,False,us,us,3,6,4,False,False,False,"Clemson Penalty, False Start (Mitchell Mayes) to the SYR 48"
401525517,2023,Clemson,home,5,True,us,us,2,1,2,False,False,True,"Clemson Penalty, Offensive Holding (-10 Yards) to the WAKE 34"
401525517,2023,Clemson,home,5,True,us,us,2,3,3,False,False,True,"PENALTY CLEM False Start (Putnam,Will) 5 yards from WF03 to WF08. NO PLAY."
401525517,2023,Clemson,home,5,True,us,them,1,10,4,False,False,True,"No Huddle-Shotgun Griffis,Mitch pass incomplete deep left to Banks,Jahmal PENALTY CLEM Pass Interference (Lewis,Shelton) 15 yards from CLEM27 to CLEM12, 1ST DOW"
401525517,2023,Clemson,home,5,True,us,them,2,15,4,False,False,True,"No Huddle-Shotgun Carney,Tate rush middle for 0 yards to the CLEM17 (Denhoff,Cade) PENALTY CLEM Face Mask (Denhoff,Cade) 9 yards from CLEM17 to CLEM08, 1ST DOWN"
401525529,2023,Clemson,away,-8,True,them,them,2,7,1,False,False,False,"Miami Penalty, Block below the waist on LEE, Matthew enforced (-15 Yards) to the MIA 40"
401525529,2023,Clemson,away,-8,True,them,us,3,10,1,False,False,False,"Miami Penalty, Defensive Holding (10 Yards) to the MIA 15 for a 1ST down"
401525529,2023,Clemson,away,-8,True,us,us,1,10,1,False,False,False,"Clemson Penalty, False Start (-5 Yards) to the CLEM 49"
401525529,2023,Clemson,away,-8,True,us,them,1,10,2,False,False,False,"Clemson Penalty, Unsportsmanlike Conduct (15 Yards) to the MIA 34 for a 1ST down"
401525529,2023,Clemson,away,-8,True,us,us,1,10,2,False,False,False,"Clemson Penalty, Intentional Grounding (Cade Klubnik) to the CLEM 35"
401525529,2023,Clemson,away,-8,True,them,us,3,24,2,False,False,False,"KLUBNIK, Cade pass deep to the right incomplete intended for RANDALL, Adam broken up by BROWN, Davonte at the MIA40, clock 02:45. PENALTY MIA Pass Interference "
401525529,2023,Clemson,away,-8,True,us,us,3,11,2,False,False,False,"Clemson Penalty, False Start (-5 Yards) to the CLEM 44"
401525529,2023,Clemson,away,-8,True,them,them,1,10,3,False,False,False,"(08:37) CHANEY, JR., Donald rush to the right for a gain of 9 yards to the MIA44 (PHILLIPS, Jalyn), out of bounds, clock 08:31. PENALTY MIA Holding on MCCORMICK"
401525529,2023,Clemson,away,-8,True,them,them,1,10,3,False,False,False,"(05:21) WILLIAMS, Emory pass deep to the right incomplete intended for GEORGE, Jacolby broken up by WIGGINS, Nate at the CLE10, clock 05:17. PENALTY MIA Holding"
401525529,2023,Clemson,away,-8,True,us,us,1,10,3,False,False,True,"Clemson Penalty, False Start (Jake Briningstool) to the MIA 19"
401525529,2023,Clemson,away,-8,True,them,us,2,8,5,False,False,True,"(00:00) KLUBNIK, Cade pass to the right complete for 0 yards to BROWN, Tyler caught at the MIA27 and advanced to the MIA23 (BAIN JR., Rueben). PENALTY MIA Offsi"
401525534,2023,Clemson,away,-7,True,us,us,3,6,1,False,False,False,"Clemson Penalty, Offensive Holding (-10 Yards) to the CLEM 31"
401525534,2023,Clemson,away,-7,True,us,them,2,19,1,False,False,True,"Shotgun Morris,MJ pass complete short right to Raphael,Kendrick for 6 yards loss to the NCSU19 (Carter,Barrett) PENALTY CLEM Personal Foul (Thomas,Xavier) 15 ya"
401525534,2023,Clemson,away,-7,True,us,them,2,8,2,False,False,True,"Shotgun Morris,MJ pass incomplete deep left to Smith,Anthony PENALTY CLEM Pass Interference (Jones,Sheridan) 15 yards from NCSU42 to CLEM43, 1ST DOWN. NO PLAY."
401525534,2023,Clemson,away,-7,True,us,us,1,10,4,False,False,False,"PENALTY CLEM False Start (Stellato,Troy) 5 yards from CLEM36 to CLEM31. NO PLAY."
401525441,2023,Clemson,home,8,True,them,them,1,10,1,False,False,True,"Notre Dame Penalty, False Start (-5 Yards) to the ND 44"
401525441,2023,Clemson,home,8,True,them,us,1,0,3,False,False,True,"Notre Dame Penalty, Defensive Pass Interference (4 Yards) to the ND 2 for a 1ST down"
401525441,2023,Clemson,home,8,True,them,us,1,10,3,False,False,False,"Notre Dame Penalty, Defensive Pass Interference (Cam Hart) to the CLEM 40 for a 1ST down"
401525441,2023,Clemson,home,8,True,them,them,2,4,4,False,False,False,"Notre Dame Penalty, Offensive Holding (-6 Yards) to the ND 7"
401525548,2023,Clemson,home,21,False,us,us,2,4,2,False,False,True,"No Huddle-Shotgun Klubnik,Cade pass complete short right to Collins,Beaux for 18 yards to the GT26 (Wallace,KJ) PENALTY CLEM Ineligible Downfield on Pass (Sadle"
401525548,2023,Clemson,home,21,False,us,us,4,1,3,True,False,False,"Clemson Penalty, Delay Of Game (Yards) declined"
401525548,2023,Clemson,home,21,False,us,us,3,8,4,False,False,False,"No Huddle-Shotgun Helms,Hunter pass complete short right to Patt-Henry,Olsen for 16 yards to the GT19 (Powell-Lee,Clayton), out of bounds PENALTY CLEM Pass Inte"
401525548,2023,Clemson,home,21,False,us,us,3,3,4,False,False,False,"No Huddle-Shotgun Thomas,Domonique rush middle for 0 yards to the GT43 (Shelley,Rodney) PENALTY CLEM Holding (Owens,Zack) 10 yards from GT43 to CLEM47. NO PLAY."
401525548,2023,Clemson,home,21,False,us,them,4,5,4,False,False,True,"No Huddle-Shotgun King,Haynes pass incomplete short right to Blaylock,Dominick QB hurried by Hoffler,A.J. PENALTY CLEM Pass Interference (Lewis,Shelton) 14 yard"
401525554,2023,Clemson,home,11,False,them,them,1,2,1,False,False,False,PENALTY UNC False Start 5 yards from CLEM02 to CLEM07. NO PLAY.
401525554,2023,Clemson,home,11,False,us,us,1,10,2,False,False,False,"PENALTY CLEM False Start (Mayes,Mitchell) 5 yards from CLEM45 to CLEM40. NO PLAY."
401525554,2023,Clemson,home,11,False,us,them,2,9,2,False,False,False,"No Huddle-Shotgun Maye,Drake pass incomplete short middle to Hampton,Omarion PENALTY CLEM Pass Interference (Trotter Jr.,Jeremiah) 3 yards from UNC21 to UNC24, "
401525554,2023,Clemson,home,11,False,them,them,3,10,2,True,False,False,"North Carolina Penalty, Offensive Holding (Antavious Lane) declined"
401525554,2023,Clemson,home,11,False,them,us,3,10,2,False,False,True,"No Huddle-Shotgun Klubnik,Cade pass intercepted by Biggers,Giovanni at UNC00, Touchback PENALTY UNC Roughing The Passer (Gray,Cedric) 14 yards from UNC27 to UNC"
401525554,2023,Clemson,home,11,False,them,us,4,1,3,False,False,True,"No Huddle-Shotgun Klubnik,Cade pass incomplete deep left to Stellato,Troy PENALTY UNC Offside (Rucker,Kaimon) 5 yards from UNC35 to UNC30, 1ST DOWN. NO PLAY. Th"
401525554,2023,Clemson,home,11,False,us,us,2,13,3,False,False,True,"No Huddle-Shotgun Klubnik,Cade pass incomplete short right to Shipley,Will PENALTY CLEM Holding offsetting UNC Personal Foul offsetting. NO PLAY."
401525554,2023,Clemson,home,11,False,them,them,2,10,3,False,False,False,PENALTY UNC Illegal Substitution 5 yards from UNC25 to UNC20. NO PLAY.
401525554,2023,Clemson,home,11,False,them,them,3,7,3,False,False,False,PENALTY UNC False Start 5 yards from CLEM47 to UNC48. NO PLAY.
401525554,2023,Clemson,home,11,False,them,them,3,12,3,False,False,False,"PENALTY UNC False Start (Rolland,Spencer) 5 yards from UNC48 to UNC43. NO PLAY."
401525554,2023,Clemson,home,11,False,us,us,2,5,4,False,False,True,"No Huddle Klubnik,Cade pass incomplete short right to Pope,Banks PENALTY CLEM Illegal Shift 5 yards from UNC05 to UNC10. NO PLAY."
401525554,2023,Clemson,home,11,False,them,them,2,10,4,False,False,True,"PENALTY UNC False Start (Pounds,Diego) 5 yards from UNC25 to UNC20. NO PLAY."
401525554,2023,Clemson,home,11,False,us,them,1,10,4,False,False,True,"No Huddle-Shotgun Maye,Drake sacked for loss of 1 yard to the UNC36 (Capehart,DeMonte) PENALTY CLEM Face Mask (Capehart,DeMonte) 15 yards from UNC37 to CLEM48, "
401525554,2023,Clemson,home,11,False,them,them,1,10,4,True,False,False,"North Carolina Penalty, Face Mask (5 yards) (Yards) declined"
401525554,2023,Clemson,home,11,False,them,them,3,15,4,False,False,False,PENALTY UNC False Start 5 yards from UNC25 to UNC20. NO PLAY.
401525554,2023,Clemson,home,11,False,them,us,1,10,4,False,False,False,"North Carolina Penalty, Personal Foul (Jahvaree Ritzie) to the UNC 12 for a 1ST down"
401525554,2023,Clemson,home,11,False,us,us,3,4,4,False,False,False,"PENALTY CLEM False Start (Briningstool,Jake) 5 yards from UNC06 to UNC11. NO PLAY."
401525554,2023,Clemson,home,11,False,us,us,4,9,4,False,False,False,PENALTY CLEM UNS: Unsportsmanlike Conduct 15 yards from UNC11 to UNC26. NO PLAY.
401551766,2023,Clemson,away,3,True,us,us,1,10,2,False,False,True,"Clemson Penalty, False Start (Tyler Brown) to the UK 32"
401551766,2023,Clemson,away,3,True,us,them,3,9,2,False,False,True,"Clemson Penalty, Defensive Pass Interference (Shelton Lewis) to the UK 37 for a 1ST down"
401551766,2023,Clemson,away,3,True,us,them,1,0,3,False,False,True,"Clemson Penalty, Personal Foul (15 Yards) to the 50 yard line"
401551766,2023,Clemson,away,3,True,them,them,1,10,3,False,False,False,"Kentucky Penalty, Face Mask (15 yards) (Jordan Dingle) to the UK 29"
401551766,2023,Clemson,away,3,True,us,us,3,18,3,False,False,True,"Clemson Penalty, False Start (-5 Yards) to the CLEM 47"
401551766,2023,Clemson,away,3,True,them,us,1,10,4,False,False,True,"Kentucky Penalty, Substitution Infraction (5 Yards) to the UK 37"
401635532,2024,Clemson,home,46,False,them,them,2,5,1,False,False,False,"PENALTY APP False Start (Shrader,Thomas) 5 yards from APP28 to APP23. NO PLAY."
401635532,2024,Clemson,home,46,False,them,them,3,4,1,False,False,False,"App State Penalty, UNR: Unnecessary Roughness (Markell Samuel) to the APP 16"
401635532,2024,Clemson,home,46,False,them,us,1,10,1,False,False,True,"(01:23) No Huddle-Shotgun Klubnik,Cade pass incomplete deep middle to Williams,Antonio thrown to APP05 PENALTY APP Pass Interference (Favors,Jordan) 15 yards fr"
401635532,2024,Clemson,home,46,False,us,us,1,10,2,False,False,True,"PENALTY CLEM UNR: Unnecessary Roughness (Woods,Peter) 15 yards from CLEM35 to CLEM20. NO PLAY."
401635532,2024,Clemson,home,46,False,us,them,2,7,2,False,False,True,"Clemson Penalty, Illegal Use Of Hands (Cade Denhoff) to the CLEM 4 for a 1ST down"
401635532,2024,Clemson,home,46,False,them,them,1,10,2,False,False,True,"(04:34) No Huddle-Shotgun Castle,Anderson rush right for 14 yards gain to the CLEM00, End Of Play PENALTY APP Holding (Shrader,Thomas) 10 yards from CLEM14 to C"
401635532,2024,Clemson,home,46,False,them,them,1,10,3,False,False,True,"No Huddle-Shotgun Aguilar,Joey pass complete short left to Robinson,Kaedin caught at CLEM22, for 1 yard to the CLEM20 (Covil Jr.,Sherrod) PENALTY APP Holding (W"
401635532,2024,Clemson,home,46,False,us,us,3,13,3,False,False,False,"No Huddle-Shotgun Vizzina,Christopher rush middle for 9 yards gain to the APP32 (Sullivan,Caden) PENALTY CLEM Holding (Sadler,Collin) 10 yards from APP41 to CLE"
401635532,2024,Clemson,home,46,False,them,them,1,10,4,False,False,False,"No Huddle-Shotgun Aguilar,Joey pass incomplete short right to Robinson,Kaedin thrown to CLEM00 broken up by Randall,Austin PENALTY APP Ineligible Downfield on P"
401635532,2024,Clemson,home,46,False,us,them,1,15,4,False,False,False,"No Huddle-Shotgun Aguilar,Joey pass incomplete short left to Jackson,Makai thrown to CLEM06 PENALTY CLEM Pass Interference (Feagin,Tavoy) 11 yard from CLEM16 to"
401635552,2024,Clemson,home,24,False,them,us,2,10,2,False,False,True,"NC State Penalty, Defensive Offside (Davin Vann) to the NCSU 25"
401635552,2024,Clemson,home,24,False,them,us,4,1,3,False,False,True,"NC State Penalty, Defensive Offside (6 Yards) to the NCSU 4 for a 1ST down"
401635552,2024,Clemson,home,24,False,us,them,1,10,3,False,False,True,"Clemson Penalty, Defensive Pass Interference (Jeadyn Lukus) to the NCSU 40 for a 1ST down"
401635552,2024,Clemson,home,24,False,us,us,4,4,4,False,False,False,"Clemson Penalty, Delay of Game (-5 Yards) to the 50 yard line"
401635561,2024,Clemson,home,26,False,them,us,1,10,2,False,False,False,"Klubnik, Cade pass incomplete to Wesco Jr., Bryant, PENALTY STAN pass interference 15 yards to the CLEMSON20, NO PLAY, 1ST DOWN CLEMSON."
401635561,2024,Clemson,home,26,False,them,them,1,10,2,False,False,False,"Daniels, Ashton rush for 6 yards to the STAN22, PENALTY STAN holding 8 yards to the STAN8, NO PLAY."
401635561,2024,Clemson,home,26,False,them,us,3,4,3,False,False,True,"Klubnik, Cade pass incomplete to Moore, T.J., PENALTY STAN pass interference 15 yards to the STAN37, NO PLAY, 1ST DOWN CLEMSON."
401635561,2024,Clemson,home,26,False,them,them,2,7,4,False,False,False,"Stanford Penalty, False Start (-5 Yards) to the STAN 23"
401635561,2024,Clemson,home,26,False,them,us,3,6,4,False,False,True,"Klubnik, Cade pass incomplete to Moore, T.J., PENALTY STAN pass interference 15 yards to the STAN2, NO PLAY, 1ST DOWN CLEMSON."
401635561,2024,Clemson,home,26,False,us,us,2,9,4,False,False,False,"Clemson Penalty, False Start (-5 Yards) to the CLEM 20"
401635569,2024,Clemson,away,16,False,them,us,1,10,1,False,False,True,"Florida State Penalty, Face Mask (15 yards) (15 Yards) to the FSU 22 for a 1ST down"
401635569,2024,Clemson,away,16,False,them,us,3,5,1,False,False,True,"(07:32) PENALTY FSU Offside (Payton,Patrick) 5 yards from FSU17 to FSU12, 1ST DOWN. NO PLAY."
401635569,2024,Clemson,away,16,False,them,us,1,10,1,False,False,True,"(00:52) No Huddle-Shotgun Vizzina,Christopher pass incomplete deep middle to Wesco Jr.,Bryant thrown to FSU00 PENALTY FSU Pass Interference (Thomas,Azareye'h) 1"
401635569,2024,Clemson,away,16,False,them,them,1,10,2,False,False,False,"(07:12) Shotgun Glenn,Brock pass complete deep right to Benson,Malik caught at CU 48, for 31 yards to the CU 48 (Lukus,Jeadyn) PENALTY FSU Holding (Otto,Andre')"
401635569,2024,Clemson,away,16,False,them,them,4,10,2,False,False,False,"PENALTY FSU False Start (Brown,Shyheim) 5 yards from FSU21 to FSU16. NO PLAY."
401635569,2024,Clemson,away,16,False,them,us,1,10,2,True,False,True,"(00:44) No Huddle-Shotgun Klubnik,Cade pass incomplete short middle to Stellato,Troy thrown to FSU39 PENALTY FSU Offside declined FSU Pass Interference (Knowles"
401635569,2024,Clemson,away,16,False,them,them,1,10,4,False,False,True,"No Huddle-Shotgun Glenn,Brock pass incomplete short left to Poitier,Kentron thrown to CU 27 PENALTY FSU Holding (Jones,Keiondre) 10 yards from CU 46 to FSU44. N"
401635576,2024,Clemson,away,35,False,them,us,1,10,4,True,False,False,"Wake Forest Penalty, Defensive offside (Eldrick Robinson II) declined"
401635588,2024,Clemson,home,17,False,us,us,3,9,1,False,False,True,"(08:42) No Huddle-Shotgun Klubnik,Cade pass complete short right to Moore,T.J. caught at UVA01, for 0 yards to the UVA12 PENALTY CLEM Ineligible Downfield on Pa"
401635588,2024,Clemson,home,17,False,us,them,1,10,1,False,False,True,"(06:03) No Huddle-Shotgun Colandrea,Anthony pass incomplete short left to Greene Jr.,Andre thrown to CLEM46 PENALTY CLEM Illegal Substitution 5 yards from UVA37"
401635588,2024,Clemson,home,17,False,us,them,4,1,1,False,False,True,"(03:13) No Huddle Colandrea,Anthony rush middle for 0 yards to the CLEM28 (Brown,Sammy; Capehart,DeMonte) PENALTY CLEM Offside 5 yards from CLEM28 to CLEM23, 1S"
401635588,2024,Clemson,home,17,False,us,them,2,10,1,False,False,True,"(02:56) No Huddle Colandrea,Anthony sacked for loss of 9 yards to the CLEM32 (Parker,T.J.) PENALTY CLEM Face Mask (Page,Payton) 12 yards from CLEM23 to CLEM11, "
401635588,2024,Clemson,home,17,False,them,us,1,10,2,False,False,True,"(10:46) No Huddle-Shotgun Klubnik,Cade pass incomplete deep middle to Moore,T.J. thrown to UVA00 PENALTY UVA Pass Interference (Smith,Kendren) 15 yards from CLE"
401635588,2024,Clemson,home,17,False,them,us,2,7,2,False,False,True,"Virginia Penalty, Block Below Waist (Jonas Sanker) to the UVA 1 for a 1ST down"
401635588,2024,Clemson,home,17,False,them,them,2,8,2,False,False,False,"(06:59) No Huddle-Shotgun Colandrea,Anthony pass complete short left to Tyree,Chris caught at UVA26, for 8 yards to the UVA35 (Lukus,Jeadyn), out of bounds PENA"
401635588,2024,Clemson,home,17,False,them,us,2,3,3,False,False,True,"(11:10) No Huddle-Shotgun Mafah,Phil rush middle for 6 yards loss to the UVA25 (Robinson,Kam) PENALTY UVA Offside (Bennett Jr.,Chico) 5 yards from UVA19 to UVA1"
401635588,2024,Clemson,home,17,False,them,us,2,5,3,False,False,True,"Virginia Penalty, intentional grounding (Xavier Brown) to the UVA 36"
401635588,2024,Clemson,home,17,False,us,us,1,10,4,False,False,True,"(13:05) No Huddle-Shotgun Haynes,Jay rush right for 6 yards gain to the UVA49 (Sanker,Jonas) PENALTY CLEM Illegal Shift 5 yards from CLEM45 to CLEM40. NO PLAY."
401635588,2024,Clemson,home,17,False,us,them,1,10,4,False,False,True,"No Huddle-Shotgun Muskett,Tony pass incomplete short middle to Coleman,TyLyric thrown to UVA35 broken up by Hampton,Ashton, 1ST DOWN, PENALTY CLEM Pass Interfer"
401635588,2024,Clemson,home,17,False,us,us,1,10,4,False,False,False,"Clemson Penalty, unsportsmanlike conduct (-15 Yards) to the UVA 48"
401635600,2024,Clemson,home,-12,False,us,us,2,7,1,False,False,False,"Clemson Penalty, False Start (Marcus Tate) to the CLEM 17"
401635600,2024,Clemson,home,-12,False,them,them,3,6,1,False,False,False,"Louisville Penalty, False Start (Ahmari Huggins-Bruce) to the CLEM 31"
401635600,2024,Clemson,home,-12,False,them,us,1,10,1,False,False,False,"Louisville Penalty, Delay of Game (Dezmond Tell) to the CLEM 28"
401635600,2024,Clemson,home,-12,False,us,them,3,1,1,False,False,True,"Clemson Penalty, Delay of Game (DeMonte Capehart) to the CLEM 3 for a 1ST down"
401635600,2024,Clemson,home,-12,False,them,them,2,10,2,False,False,False,"Louisville Penalty, False Start (Mark Redman) to the LOU 30"
401635600,2024,Clemson,home,-12,False,us,us,1,10,3,False,False,False,"Clemson Penalty, Illegal Touching (Jake Briningstool) to the CLEM 37"
401635600,2024,Clemson,home,-12,False,them,them,1,10,4,False,False,False,"Louisville Penalty, False Start (Renato Brown) to the CLEM 47"
401635607,2024,Clemson,away,10,False,us,us,1,10,1,False,False,False,"Clemson Penalty, Intentional Grounding (Cade Klubnik) to the VT 33"
401635607,2024,Clemson,away,10,False,them,them,3,3,2,False,False,False,"Virginia Tech Penalty, False Start (-5 Yards) to the VT 18"
401635607,2024,Clemson,away,10,False,us,them,4,4,4,False,False,True,"Clemson Penalty, Offsides (Sammy Brown) to the CLEM 32 for a 1ST down"
401635582,2024,Clemson,away,4,True,them,us,1,10,1,False,False,True,"Pittsburgh Penalty, Unnecessary Roughness (Phillip O'Brien Jr.) to the PITT 34 for a 1ST down"
401635582,2024,Clemson,away,4,True,them,them,2,8,2,False,False,False,"(05:16) YARNELL, Nate pass short up the middle incomplete intended for MUMPFIELD, Konata broken up by BROWN, Sammy at the TIGERS25; QB hurried by HOFFLER, A.J.,"
401635582,2024,Clemson,away,4,True,them,us,3,21,2,False,False,False,"KLUBNIK, Cade pass deep to the right incomplete intended for MOORE, T.J. broken up by MCMILLON, Donovan at the PITT46, clock 02:43. PENALTY PITT Offsides on EDW"
401635582,2024,Clemson,away,4,True,them,us,3,16,2,False,False,False,"(02:40) KLUBNIK, Cade pass deep to the left incomplete intended for WESCO JR., Bryant broken up by GANDY, Ryland at the PITT47, clock 02:36. PENALTY PITT Offsid"
401635582,2024,Clemson,away,4,True,them,us,3,11,2,False,False,False,"Pittsburgh Penalty, Offsides (Nate Matlack) to the CLEM 45"
401635582,2024,Clemson,away,4,True,us,them,1,10,2,False,False,False,"Clemson Penalty, False Start (-5 Yards) to the CLEM 23"
401635582,2024,Clemson,away,4,True,us,us,4,2,3,False,False,False,"Clemson Penalty, Delay Of Game (TEAM) to the CLEM 40"
401635582,2024,Clemson,away,4,True,them,them,3,6,4,False,False,True,"Pittsburgh Penalty, Delay Of Game (TEAM) to the CLEM 11"
401635582,2024,Clemson,away,4,True,them,them,3,11,4,False,False,True,"Pittsburgh Penalty, False Start (-5 Yards) to the CLEM 16"
401635582,2024,Clemson,away,4,True,them,us,2,4,4,False,False,False,"Pittsburgh Penalty, Roughing the Passer on MATLACK, Nate enforced (Nate Matlack) to the 50 yard line for a 1ST down"
401635582,2024,Clemson,away,4,True,them,them,1,10,4,False,False,True,"Pittsburgh Penalty, False Start (-5 Yards) to the CLEM 44"
401635582,2024,Clemson,away,4,True,them,them,2,9,4,False,False,True,"Pittsburgh Penalty, False Start (Gavin Bartholomew) to the CLEM 21"
401635614,2024,Clemson,home,37,False,us,them,3,2,1,False,False,False,"(11:34) Shotgun Johnson,Garrison rush middle for 1 yard loss to the CLEM40 (Brown,Sammy) PENALTY CLEM Face Mask (Carter,Barrett) 14 yards from CLEM39 to CLEM25,"
401635614,2024,Clemson,home,37,False,them,them,4,2,1,False,False,False,PENALTY CIT Illegal Substitution 5 yards from CLEM17 to CLEM22. NO PLAY.
401635614,2024,Clemson,home,37,False,them,them,1,10,1,False,False,True,"PENALTY CIT False Start (Murillo,Darwin) 5 yards from CLEM35 to CLEM40. NO PLAY."
401635614,2024,Clemson,home,37,False,them,them,4,3,2,False,False,False,PENALTY CIT Delay Of Game 5 yards from CLEM39 to CLEM44. NO PLAY.
401635614,2024,Clemson,home,37,False,us,us,1,10,2,False,False,True,"(12:32) No Huddle-Shotgun Klubnik,Cade pass complete short right to Moore,T.J. caught at CLEM30, for 4 yards to the CLEM37 (Wyatt,Thomas) PENALTY CLEM Illegal B"
401635614,2024,Clemson,home,37,False,them,us,1,10,3,True,False,True,"The Citadel Penalty, Defensive Offside (Javonte Graves-Billips) declined"
401635614,2024,Clemson,home,37,False,us,us,1,10,3,False,False,True,"PENALTY CLEM False Start (Parks,Walker) 5 yards from CIT03 to CIT08. NO PLAY."
401635614,2024,Clemson,home,37,False,us,us,1,10,4,False,False,True,"(09:13) No Huddle-Shotgun Eziomume,David rush left for 0 yards to the CLEM46 (Wyatt,Thomas) PENALTY CLEM Holding (Sewell,Harris) 10 yards from CLEM46 to CLEM36."
401635614,2024,Clemson,home,37,False,them,us,1,20,4,False,False,True,"The Citadel Penalty, Horse Collar Tackle (Thomas Wyatt) to the CIT 34 for a 1ST down"
401635614,2024,Clemson,home,37,False,us,them,3,5,4,False,False,False,"Clemson Penalty, Face Mask (9 yards) (9 Yards) to the CLEM 8 for a 1ST down"
401635614,2024,Clemson,home,37,False,them,them,3,2,4,False,False,False,"PENALTY CIT False Start (Jones,Bryson) 5 yards from CLEM02 to CLEM07. NO PLAY."
401628444,2024,Clemson,home,-3,True,them,them,3,9,2,False,False,False,PENALTY SC False Start 5 yards from SC38 to SC33. NO PLAY.
401628444,2024,Clemson,home,-3,True,us,us,1,10,3,False,False,True,"PENALTY CLEM False Start (Haynes,Jay) 5 yards from SC25 to SC30. NO PLAY."
401628444,2024,Clemson,home,-3,True,them,them,2,9,3,False,False,False,"(03:41) No Huddle-Shotgun Sellers,LaNorris pass incomplete deep right to Brown,Jared thrown to CLEM25 QB hurried by Carter,Barrett PENALTY SC Holding (Simon,Jos"
401628444,2024,Clemson,home,-3,True,them,them,3,20,3,False,False,False,"South Carolina Penalty, (-16 Yards) to the SC 34"
401628444,2024,Clemson,home,-3,True,them,us,1,10,3,False,False,False,"(02:59) No Huddle-Shotgun Klubnik,Cade pass incomplete short middle to Briningstool,Jake thrown to CLEM35, 1ST DOWN, PENALTY SC Pass Interference (Smith,DQ) 9 y"
401628444,2024,Clemson,home,-3,True,us,us,3,17,4,False,False,False,"(15:00) PENALTY CLEM False Start (Moore,T.J.) 5 yards from CLEM40 to CLEM35. NO PLAY."
401628444,2024,Clemson,home,-3,True,them,them,4,4,4,False,False,True,PENALTY SC Delay Of Game 5 yards from CLEM19 to CLEM24. NO PLAY.
401628444,2024,Clemson,home,-3,True,them,them,3,11,4,False,False,True,"(01:18) PENALTY SC False Start (Thompson,Josiah) 5 yards from CLEM15 to CLEM20. NO PLAY."
401673463,2024,Clemson,away,3,True,them,us,3,11,1,False,False,True,"Klubnik, Cade pass incomplete to Williams, Antonio, PENALTY SMU roughing passer 15 yards to the 50 yardline, NO PLAY, 1ST DOWN CLEMSON."
401673463,2024,Clemson,away,3,True,them,them,1,10,2,False,False,False,"Jennings, Kevin pass incomplete to Dixon, Moochie, PENALTY SMU ineligible downfield on pass 5 yards to the CLEMSON40, NO PLAY."
401673463,2024,Clemson,away,3,True,them,them,2,4,4,False,False,True,"SMU Penalty, False Start (-5 Yards) to the CLEM 25"
401673463,2024,Clemson,away,3,True,them,them,3,9,4,False,False,True,"Jennings, Kevin pass complete to Smith, Key'Shawn for 1 yard to the CLEMSON24, PENALTY SMU holding 10 yards to the CLEMSON35, NO PLAY."
401677176,2024,Clemson,away,-14,False,us,them,1,10,2,False,False,True,"Clemson Penalty, Illegal Shift (5 Yards) to the TEX 18"
401677176,2024,Clemson,away,-14,False,them,them,2,2,3,False,False,False,"Texas Penalty, False Start (Trevor Goosby) to the CLEM 41"
401677176,2024,Clemson,away,-14,False,them,us,1,0,4,False,False,False,"Klubnik, Cade pass incomplete to Moore, T.J., PENALTY TEX roughing passer (Simmons, Colin) 5 yards to the TEX5, NO PLAY, 1ST DOWN CLEMSON."
401752671,2025,Clemson,home,-7,True,them,them,2,11,1,False,False,False,"LSU Penalty, False Start (Trey'Dez Green) to the LSU 19"
401752671,2025,Clemson,home,-7,True,them,them,1,10,1,False,False,False,"Durham, Caden rush for 16 yards to the CLEMSON36, PENALTY LSU illegal formation (Brown, Barion) 5 yards to the LSU43, NO PLAY."
401752671,2025,Clemson,home,-7,True,us,us,2,3,1,False,False,False,"Clemson Penalty, False Start (Blake Miller) to the CLEM 45"
401752671,2025,Clemson,home,-7,True,them,them,1,10,3,False,False,True,"Durham, Caden rush for 2 yards to the LSU33, PENALTY LSU holding (Davis, Weston) 10 yards to the LSU21, NO PLAY."
401752671,2025,Clemson,home,-7,True,them,them,1,10,3,False,False,True,"LSU Penalty, False Start (-5 Yards) to the LSU 47"
401752671,2025,Clemson,home,-7,True,us,us,3,10,4,False,False,False,"Clemson Penalty, False Start (-5 Yards) to the CLEM 15"
401754637,2025,Clemson,home,11,False,them,them,3,6,1,True,False,False,"Troy Penalty, Illegal Formation (Roman Mothershed) declined"
401754637,2025,Clemson,home,11,False,them,them,1,10,1,False,False,True,"Troy Penalty, Personal Foul (-15 Yards) to the CLEM 44"
401754637,2025,Clemson,home,11,False,us,us,1,10,2,False,False,False,"(12:38) Shotgun Klubnik,Cade pass incomplete short middle to Wesco Jr.,Bryant thrown to CLEM41 PENALTY CLEM Holding (Jacobs,Brayden) 10 yards from CLEM25 to CLE"
401754637,2025,Clemson,home,11,False,us,us,1,10,2,False,False,False,"PENALTY CLEM False Start (Sadler,Collin) 5 yards from CLEM38 to CLEM33. NO PLAY."
401754637,2025,Clemson,home,11,False,them,us,2,11,3,False,False,True,"(13:13) No Huddle-Shotgun Klubnik,Cade pass incomplete short left to Woodaz,Drew thrown to TROY35 broken up by Stringer,Jordan PENALTY TROY Pass Interference (S"
401754637,2025,Clemson,home,11,False,us,us,1,10,3,False,False,True,"(12:34) No Huddle-Shotgun Klubnik,Cade rush left for 16 yards gain to the TROY09 (Stringer,Jordan) PENALTY CLEM Holding offsetting TROY Holding offsetting. NO P"
401754637,2025,Clemson,home,11,False,them,us,1,10,3,False,False,True,"PENALTY TROY UNS: Unsportsmanlike Conduct (Davis,Elijah) 15 yards from CLEM35 to CLEM50. NO PLAY."
401754637,2025,Clemson,home,11,False,them,them,2,10,3,False,False,False,"PENALTY TROY False Start (Langlo,Garner) 5 yards from TROY25 to TROY20. NO PLAY."
401754637,2025,Clemson,home,11,False,them,them,3,10,3,False,False,False,(00:59) PENALTY TROY Delay Of Game 5 yards from TROY48 to TROY43. NO PLAY.
401754637,2025,Clemson,home,11,False,them,them,1,10,4,False,False,False,"PENALTY TROY False Start (Conner,Ethan) 5 yards from TROY25 to TROY20. NO PLAY."
401754623,2025,Clemson,away,-3,True,them,them,2,4,3,False,False,False,"Georgia Tech Penalty, False Start (-5 Yards) to the GT 34"
401754623,2025,Clemson,away,-3,True,them,us,3,2,4,False,False,True,"Georgia Tech Penalty, Defensive Pass Interference (2 Yards) to the GT 2 for a 1ST down"
401754537,2025,Clemson,home,-13,False,them,them,1,10,1,False,False,True,"PENALTY SYR False Start (Mack,Trevion) 5 yards from CLE26 to CLE31. NO PLAY."
401754537,2025,Clemson,home,-13,False,them,us,1,10,2,False,False,False,PENALTY SYR Delay Of Game 5 yards from CLE35 to CLE40. NO PLAY.
401754537,2025,Clemson,home,-13,False,us,them,2,10,2,False,False,True,"Clemson Penalty, Roughing The Passer (15 Yards) to the SYR 44 for a 1ST down"
401754537,2025,Clemson,home,-13,False,them,them,1,10,2,False,False,True,"(12:19) No Huddle-Shotgun Willis,Yasin rush right for 2 yards gain to the SYR46 (Crayton,Dee; Denhoff,Cade) PENALTY SYR Holding (Washington,Byron) 10 yards from"
401754537,2025,Clemson,home,-13,False,us,them,3,14,2,False,False,True,"Clemson Penalty, Roughing The Passer (Jahiem Lawson) to the CLEM 37 for a 1ST down"
401754537,2025,Clemson,home,-13,False,them,them,3,1,2,False,False,False,"PENALTY SYR False Start (Willis,Yasin) 5 yards from CLE40 to CLE45. NO PLAY."
401754537,2025,Clemson,home,-13,False,them,us,2,2,2,False,False,True,"Syracuse Penalty, UNS: Unsportsmanlike Conduct (Braheem Long Jr.) to the SYR 1 for a 1ST down"
401754537,2025,Clemson,home,-13,False,them,us,2,2,3,False,False,False,"(01:17) No Huddle-Shotgun Klubnik,Cade pass incomplete deep left to Wesco Jr.,Bryant thrown to SYR22 PENALTY SYR Pass Interference (Samuel Jr.,Demetres) 15 yard"
401754537,2025,Clemson,home,-13,False,them,us,3,3,4,False,False,True,"(10:13) No Huddle-Shotgun Klubnik,Cade pass incomplete short left to Wesco Jr.,Bryant thrown to SYR40 PENALTY SYR Holding 10 yards from SYR46 to SYR36, 1ST DOWN"
401754552,2025,Clemson,away,28,False,them,them,3,3,1,True,False,False,"North Carolina Penalty, Illegal Formation (Yards) declined"
401754552,2025,Clemson,away,28,False,them,them,4,11,1,False,False,False,"(03:15) Maginness,Tom punt 57 yards to the CU 37 Wesco Jr.,Bryant return 4 yards to the CU 41 (Smith III,Gregory) PENALTY UNC Illegal Formation 3 yards from UNC"
401754552,2025,Clemson,away,28,False,us,us,1,32,2,False,False,False,"Clemson Penalty, Offensive Holding (-10 Yards) to the CLEM 44"
401754552,2025,Clemson,away,28,False,them,them,2,4,3,False,False,False,"(13:36) Shotgun June,Demon rush right for 3 yards gain to the UNC44 (Brown,Sammy) PENALTY UNC Holding (Moore,Jakai) 10 yards from UNC41 to UNC31. NO PLAY."
401754552,2025,Clemson,away,28,False,us,them,1,10,3,False,False,False,"Clemson Penalty, Defensive Holding (10 Yards) to the 50 yard line"
401754552,2025,Clemson,away,28,False,them,them,3,4,3,False,False,False,"(09:20) Shotgun Johnson,Max pass complete short left to Shipp,Jordan caught at CU 41, for 2 yards to the CU 34 (Strozier,Branden) PENALTY UNC Holding (Green,Jav"
401754552,2025,Clemson,away,28,False,them,us,3,7,3,False,False,True,"(02:21) No Huddle-Shotgun Vizzina,Christopher pass intercepted by Gibson,Gavin at UNC33 QB hurried by Simpson,Andrew Gibson,Gavin return 18 yards to the CU 49 ("
401754552,2025,Clemson,away,28,False,them,them,1,10,4,False,False,True,"PENALTY UNC False Start (Leacock,Nathan) 5 yards from CU 25 to CU 30. NO PLAY."
401754552,2025,Clemson,away,28,False,them,us,3,7,4,False,False,False,"(09:04) No Huddle-Shotgun Vizzina,Christopher pass incomplete deep left to Brown,Tyler thrown to UNC39 PENALTY UNC Pass Interference (Miller,Tre) 15 yards from "
401754552,2025,Clemson,away,28,False,them,them,3,7,4,True,False,False,"North Carolina Penalty, Illegal Formation (Yards) declined"
401754565,2025,Clemson,home,-11,False,them,them,1,10,1,False,False,False,"PENALTY SMU False Start (Byrd,Savion) 5 yards from SMU20 to SMU15. NO PLAY."
401754565,2025,Clemson,home,-11,False,them,them,1,10,2,False,False,True,"(01:33) No Huddle-Shotgun Harden,T.J. rush left for 7 yards gain to the CLE11 (Alexander,Jeremiah), out of bounds PENALTY SMU Holding (Parr,Logan) 10 yards from"
401754565,2025,Clemson,home,-11,False,them,them,3,4,3,True,False,False,"SMU Penalty, Illegal Shift (William Nettles) declined"
401754565,2025,Clemson,home,-11,False,them,them,1,10,4,False,False,True,"PENALTY SMU UNS: Unsportsmanlike Conduct (Hudson,Jordan) 15 yards from CLE03 to CLE18. NO PLAY."
401754577,2025,Clemson,home,-1,True,us,them,4,8,1,False,False,True,PENALTY CLEM Offside (#15 J.Lawson) 5 yards from CLEM34 to CLEM29. NO PLAY
401754577,2025,Clemson,home,-1,True,them,us,2,9,1,False,False,True,(09:38) PENALTY DUKE Offside (#99 A.Hall) 5 yards from CLEM26 to CLEM31. NO PLAY
401754577,2025,Clemson,home,-1,True,us,us,2,4,1,False,False,True,"(09:19) No Huddle-Shotgun #2 C.Klubnik pass complete short middle to #0 A.Williams caught at CLEM44, for 20 yards to the DUKE49 (#15 K.O'Connor) PENALTY CLEM Ho"
401754577,2025,Clemson,home,-1,True,them,them,1,10,1,False,False,True,"(03:27) No Huddle-Shotgun #10 D.Mensah pass complete short left to #2 S.Hagans caught at CLEM36, for 14 yards to the CLEM36 (#8 A.Terrell), out of bounds PENALT"
401754577,2025,Clemson,home,-1,True,them,them,2,10,1,False,False,True,PENALTY DUKE Delay Of Game  5 yards from CLEM45 to CLEM50. NO PLAY
401754577,2025,Clemson,home,-1,True,them,us,2,3,2,False,False,True,(05:55) Shotgun #2 C.Klubnik pass incomplete short left to #11 O.Patt-Henry thrown to DUKE01 broken up by #2 J.Francois PENALTY DUKE Pass Interference (#2 J.Fra
401754577,2025,Clemson,home,-1,True,them,us,1,10,2,False,False,True,PENALTY DUKE Offside (#7 V.Anthony Jr.) 5 yards from DUKE26 to DUKE21. NO PLAY
401754577,2025,Clemson,home,-1,True,us,them,2,10,2,False,False,True,"(00:18) No Huddle-Shotgun #10 D.Mensah pass incomplete short right to #1 A.Anthony thrown to CLEM43, 1ST DOWN, PENALTY CLEM Pass Interference (#23 A.Hampton) 10"
401754577,2025,Clemson,home,-1,True,them,them,2,3,3,False,False,False,(14:04) No Huddle-Shotgun #10 D.Mensah pass incomplete short right thrown to DUKE48 QB hurried by #11 P.Woods PENALTY DUKE Holding (#77 J.Pickett) 10 yards from
401754577,2025,Clemson,home,-1,True,us,us,1,10,3,False,False,True,(05:14) PENALTY CLEM False Start (#22 C.Turner) 5 yards from DUKE38 to DUKE43. NO PLAY
401754577,2025,Clemson,home,-1,True,them,them,3,2,4,False,False,True,(02:31) PENALTY DUKE False Start (#77 J.Pickett) 5 yards from CLEM27 to CLEM32. NO PLAY
401754577,2025,Clemson,home,-1,True,them,them,1,10,4,False,False,True,(01:29) Shotgun #20 N.Sheppard rush middle for 4 yards gain to the CLEM14 (#13 W.Heldt; #47 S.Brown) PENALTY DUKE Holding (#72 M.Craycraft) 10 yards from CLEM18
401754577,2025,Clemson,home,-1,True,us,them,4,10,4,False,False,True,"(00:49) Shotgun #10 D.Mensah pass incomplete short middle to #7 Q.Brown thrown to CLEM02, 1ST DOWN, PENALTY CLEM Pass Interference (#8 A.Terrell) 15 yards from "
401754577,2025,Clemson,home,-1,True,us,us,1,10,4,False,False,False,(00:38) No Huddle-Shotgun #2 C.Klubnik pass incomplete short left to #0 A.Williams thrown to CLEM28 PENALTY CLEM Pass Interference (#1 T.Moore) 12 yards from CL
401754586,2025,Clemson,home,14,False,them,them,3,1,3,False,False,False,(05:02) No Huddle-Shotgun #28 S.Singleton Jr. rush middle for 15 yards gain to the FSU49 (#5 R.Hanafin) PENALTY FSU Personal Foul (#57 M.Pettus) 15 yards from F
401754586,2025,Clemson,home,14,False,them,them,2,2,4,False,False,True,PENALTY FSU False Start  5 yards from CLE31 to CLE36. NO PLAY
401754586,2025,Clemson,home,14,False,them,them,1,10,4,False,False,True,"(09:37) No Huddle-Shotgun #1 T.Castellanos pass complete short left to #13 R.Pittman Jr. caught at CLE10, for 11 yards to the CLE03 (#6 R.Jones), out of bounds "
401754591,2025,Clemson,away,1,True,them,them,2,8,1,False,False,False,"(08:16) No Huddle-Shotgun #7 M.Moss pass complete short right to #0 C.Bell caught at LOU32, for 7 yards to the LOU34 (#23 A.Hampton; #6 R.Jones) PENALTY LOU Cho"
401754591,2025,Clemson,away,1,True,them,us,1,10,1,False,False,False,"(00:43) Shotgun #2 C.Klubnik pass incomplete short right to #3 T.Smith thrown to CLE36 PENALTY LOU Holding (#24 C.Gordon) 10 yards from CLE25 to CLE35, 1ST DOWN"
401754591,2025,Clemson,away,1,True,them,them,1,10,3,False,False,True,PENALTY LOU Illegal Substitution  5 yards from CLE35 to CLE40. NO PLAY
401754591,2025,Clemson,away,1,True,them,us,1,10,4,False,False,False,"(13:41) Shotgun #2 C.Klubnik sacked for loss of 8 yards to the LOU28 (#23 W.Bailey) PENALTY LOU Horse Collar Tackle (#23 W.Bailey) 10 yards from LOU20 to LOU10,"
401754591,2025,Clemson,away,1,True,them,them,1,10,4,False,False,False,(11:24) Shotgun #22 K.Brown rush right for 18 yards gain to the LOU20 (#6 R.Jones) PENALTY LOU Holding (#85 N.Kurisky) 1 yard from LOU02 to LOU01. NO PLAY
401754591,2025,Clemson,away,1,True,them,them,1,11,4,False,False,False,"(11:24) Shotgun #22 K.Brown rush right for 18 yards gain to the LOU20 (#6 R.Jones), out of bounds PENALTY LOU Holding (#85 N.Kurisky) 1 yard from LOU02 to LOU01"
401754591,2025,Clemson,away,1,True,them,them,1,10,4,False,False,False,PENALTY LOU False Start (#60 R.Miller) 5 yards from CLE23 to CLE28. NO PLAY
401754591,2025,Clemson,away,1,True,them,us,1,10,4,False,False,False,"PENALTY LOU UNS: Unsportsmanlike Conduct (#92 M.Carter) 15 yards from CLE28 to CLE43, 1ST DOWN. NO PLAY"
401754605,2025,Clemson,home,35,False,them,them,3,10,2,False,False,False,PENALTY FUR False Start (#75 D.Watson) 5 yards from FUR25 to FUR20. NO PLAY
401754605,2025,Clemson,home,35,False,them,them,4,7,4,False,False,False,PENALTY FUR False Start (#9 J.Hamilton) 5 yards from CLE40 to CLE45. NO PLAY
400868946,2016,Notre Dame,away,-3,True,them,them,2,4,1,False,False,False,"TEXAS Penalty, False Start (Kent Perkins) to the Texas 14"
400868946,2016,Notre Dame,away,-3,True,us,us,4,5,2,False,False,False,"NOTRE DAME Penalty, False Start (-5 Yards) to the Texas 46"
400868946,2016,Notre Dame,away,-3,True,them,them,1,5,3,False,False,True,"TEXAS Penalty, False Start (-5 Yards) to the Texas 38"
400868946,2016,Notre Dame,away,-3,True,them,them,2,1,3,False,False,False,"TEXAS Penalty, False Start (Armanti Foreman) to the Texas 24"
400868947,2016,Notre Dame,home,29,False,us,them,3,1,1,False,False,False,"NOTRE DAME Penalty, Defensive Offside (Jarron Jones) to the NDame 39 for a 1ST down"
400868947,2016,Notre Dame,home,29,False,them,them,3,8,1,False,False,False,"NEVADA Penalty, False Start (Austin Corbett) to the Nevad 26"
400868947,2016,Notre Dame,home,29,False,them,them,4,3,2,False,False,False,"NEVADA Penalty, Delay of Game (-5 Yards) to the NDame 45"
400868947,2016,Notre Dame,home,29,False,us,us,3,8,3,False,False,True,"NOTRE DAME Penalty, False Start (Mike McGlinchey) to the Nevad 38"
400868947,2016,Notre Dame,home,29,False,them,us,3,13,3,False,False,True,"NEVADA Penalty, Defensive Offside (Patrick Choudja) to the Nevad 33"
400868949,2016,Notre Dame,home,-3,True,us,us,3,8,1,False,False,False,"NOTRE DAME Penalty, false start (-5 Yards) to the Duke 24"
400868949,2016,Notre Dame,home,-3,True,them,them,4,13,3,False,False,False,"DUKE Penalty, false start (Chris Taylor) to the Duke 42"
400868950,2016,Notre Dame,away,17,False,us,us,2,10,2,False,False,False,"NOTRE DAME Penalty, False Start (Hunter Bivin) to the NDame 33"
400868950,2016,Notre Dame,away,17,False,them,them,1,10,3,False,False,False,"SYRACUSE Penalty, False Start (TEAM) to the Syrac 31"
400868950,2016,Notre Dame,away,17,False,them,them,2,3,3,False,False,False,"SYRACUSE Penalty, False Start (TEAM) to the NDame 42"
400868951,2016,Notre Dame,away,-7,True,them,them,3,5,1,False,False,False,"NC STATE Penalty, Ineligible Downfield on Pass (-5 Yards) to the NDame 13"
400868951,2016,Notre Dame,away,-7,True,us,us,1,10,2,False,False,False,"NOTRE DAME Penalty, Delay of Game (-5 Yards) to the NCSt 27"
400868951,2016,Notre Dame,away,-7,True,us,us,4,15,2,False,False,False,"NOTRE DAME Penalty, False Start (-5 Yards) to the NCSt 32"
400868951,2016,Notre Dame,away,-7,True,them,us,4,20,2,False,False,False,"NC STATE Penalty, Personal Foul (15 Yards) to the NCSt 17 for a 1ST down"
400868951,2016,Notre Dame,away,-7,True,us,us,1,6,2,False,False,False,"NOTRE DAME Penalty, False Start (-5 Yards) to the NCSt 11"
400868952,2016,Notre Dame,home,-7,True,them,them,1,10,1,False,False,False,"STANFORD Penalty, false start (-5 Yards) to the Stanf 40"
400868952,2016,Notre Dame,home,-7,True,them,them,3,10,2,False,False,False,"STANFORD Penalty, Offensive holding (-10 Yards) to the Stanf 40"
400868952,2016,Notre Dame,home,-7,True,them,them,4,20,2,False,False,False,"STANFORD Penalty, delay of game (-5 Yards) to the Stanf 35"
400868952,2016,Notre Dame,home,-7,True,us,us,2,15,2,False,False,True,"NOTRE DAME Penalty, false start (-5 Yards) to the NDame 48"
400868952,2016,Notre Dame,home,-7,True,us,us,3,4,2,False,False,True,"NOTRE DAME Penalty, false start (-5 Yards) to the Stanf 41"
400868952,2016,Notre Dame,home,-7,True,us,us,3,4,3,False,False,False,"NOTRE DAME Penalty, Offensive holding (Hunter Bivin) to the NDame 21"
400868952,2016,Notre Dame,home,-7,True,us,them,2,4,3,False,False,False,"Burns,R pass incomplete to Irwin,T, PENALTY ND pass interference (LOVE) 15 yards to the ND26, 1ST DOWN STAN, NO PLAY."
400868952,2016,Notre Dame,home,-7,True,us,us,1,10,3,False,False,False,"NOTRE DAME Penalty, Offensive holding (Quenton Nelson) to the NDame 24"
400868952,2016,Notre Dame,home,-7,True,them,them,1,10,3,False,False,False,"STANFORD Penalty, Offensive holding (Johnny Caspers) to the Stanf 25"
400868952,2016,Notre Dame,home,-7,True,us,them,1,2,4,False,False,True,"NOTRE DAME Penalty, unsportsmanlike conduct (Jonathan Jones) to the NDame 1"
400868953,2016,Notre Dame,home,3,True,them,us,1,10,1,False,False,True,"Kizer, DeShone rush for 1 yard to the MIAMI9, PENALTY MIAMI offside 5 yards to the MIAMI5, NO PLAY."
400868953,2016,Notre Dame,home,3,True,us,us,1,10,1,False,False,True,"NOTRE DAME Penalty, False Start (-5 Yards) to the MiaFl 37"
400868953,2016,Notre Dame,home,3,True,them,us,1,15,1,False,False,True,"Kizer, DeShone pass incomplete, PENALTY MIAMI personal foul 15 yards to the MIAMI22, NO PLAY, 1ST DOWN NOTREDAME."
400868953,2016,Notre Dame,home,3,True,them,them,2,6,1,False,False,False,"MIAMI FL Penalty, False Start (-5 Yards) to the MiaFl 24"
400868953,2016,Notre Dame,home,3,True,them,them,3,9,1,False,False,False,"MIAMI FL Penalty, 12 Men on the Field (-5 Yards) to the MiaFl 21"
400868953,2016,Notre Dame,home,3,True,them,us,4,10,2,False,False,True,"MIAMI FL Penalty, Personal Foul (15 Yards) to the 50 yard line"
400868953,2016,Notre Dame,home,3,True,them,them,2,5,2,False,False,False,"MIAMI FL Penalty, Offensive Holding (-10 Yards) to the NDame 48"
400868953,2016,Notre Dame,home,3,True,them,them,1,10,3,False,False,True,"MIAMI FL Penalty, Unsportsmanlike Conduct (-15 Yards) to the MiaFl 20"
400868953,2016,Notre Dame,home,3,True,them,them,3,7,3,False,False,True,"MIAMI FL Penalty, False Start (-5 Yards) to the NDame 26"
400868953,2016,Notre Dame,home,3,True,them,us,1,2,4,False,False,True,"MIAMI FL Penalty, Defensive Offside (1 Yards) to the MiaFl 1"
400868953,2016,Notre Dame,home,3,True,us,us,1,1,4,False,False,True,"NOTRE DAME Penalty, False Start (-5 Yards) to the MiaFl 6"
400868953,2016,Notre Dame,home,3,True,us,us,4,1,4,False,False,True,"NOTRE DAME Penalty, Delay of Game (-5 Yards) to the MiaFl 6"
400868954,2016,Notre Dame,away,-1,True,us,us,1,10,1,False,False,True,"NOTRE DAME Penalty, false start (-5 Yards) to the Navy 21"
400868954,2016,Notre Dame,away,-1,True,us,us,1,15,1,False,False,True,"NOTRE DAME Penalty, false start (-5 Yards) to the Navy 26"
400868954,2016,Notre Dame,away,-1,True,us,us,2,10,2,False,False,True,"NOTRE DAME Penalty, false start (-5 Yards) to the Navy 34"
400868954,2016,Notre Dame,away,-1,True,us,them,4,6,3,False,False,True,"NOTRE DAME Penalty,  (5 Yards) to the Navy 45"
400868954,2016,Notre Dame,away,-1,True,us,them,1,1,4,False,False,True,"NOTRE DAME Penalty,  ( Yards) to the NDame 1"
400868954,2016,Notre Dame,away,-1,True,them,them,3,2,4,False,False,False,"NAVY Penalty, false start (Tyler Carmona) to the Navy 41"
400868919,2016,Notre Dame,home,38,False,us,us,1,10,1,False,False,True,"NOTRE DAME Penalty, false start (-5 Yards) to the NDame 38"
400868919,2016,Notre Dame,home,38,False,them,us,1,15,1,False,False,True,"KIZER deep pass incomplete to SANDERS, PENALTY ARMY pass interference (Gibson, Gibby) 15 yards to the ARMY47, 1ST DOWN ND, NO PLAY."
400868919,2016,Notre Dame,home,38,False,them,them,1,10,1,False,False,False,"ARMY Penalty, delay of game (-5 Yards) to the Army 21"
400868919,2016,Notre Dame,home,38,False,them,them,3,8,1,False,False,False,"Carter, Chris post pass complete to Campbell,Tyler for 44 yards to the ND28, out-of-bounds (LUKE), PENALTY ARMY illegal block (Walker, Kell) 14 yards to the ARM"
400868919,2016,Notre Dame,home,38,False,us,us,2,3,1,False,False,True,"KIZER rush right for 3 yards to the ARMY0, clock 03:54, PENALTY ND illegal formation 5 yards to the ARMY8, NO PLAY."
400868919,2016,Notre Dame,home,38,False,them,us,2,8,1,False,False,True,"KIZER deep out pass incomplete to ST. BROWN, PENALTY ARMY pass interference (Riley, Elijah) 6 yards to the ARMY2, 1ST DOWN ND, NO PLAY."
400868919,2016,Notre Dame,home,38,False,us,us,2,9,2,False,False,True,"NOTRE DAME Penalty, false start (-5 Yards) to the Army 30"
400868919,2016,Notre Dame,home,38,False,us,us,2,7,2,False,False,True,"KIZER screen pass complete to STEPHERSON for 2 yards to the ARMY5 (Timpf, Jeremy), PENALTY ND illegal formation 5 yards to the ARMY12, NO PLAY."
400868919,2016,Notre Dame,home,38,False,us,us,2,3,2,False,False,True,"NOTRE DAME Penalty, false start (-5 Yards) to the Army 31"
400868919,2016,Notre Dame,home,38,False,them,us,4,1,3,False,False,False,"ARMY Penalty, offside defense (Andrew King) to the Army 4 for a 1ST down"
400868919,2016,Notre Dame,home,38,False,us,us,1,10,4,False,False,False,"NOTRE DAME Penalty, false start (-5 Yards) to the Army 23"
400868919,2016,Notre Dame,home,38,False,us,us,1,15,4,False,False,False,"NOTRE DAME Penalty, false start (-5 Yards) to the Army 28"
400868955,2016,Notre Dame,home,-3,True,us,us,1,10,1,False,False,True,"NOTRE DAME Penalty, false start (-5 Yards) to the NDame 17"
400868955,2016,Notre Dame,home,-3,True,them,us,1,10,1,False,False,True,"VIRGINIA TECH Penalty, Defensive offside (Trevon Hill) to the VTech 33"
400868955,2016,Notre Dame,home,-3,True,us,us,2,10,1,False,False,True,"NOTRE DAME Penalty, false start (-5 Yards) to the NDame 37"
400868955,2016,Notre Dame,home,-3,True,them,them,3,4,2,False,False,False,"VIRGINIA TECH Penalty, false start (-5 Yards) to the VTech 31"
400868955,2016,Notre Dame,home,-3,True,them,them,3,9,2,False,False,False,"VIRGINIA TECH Penalty, unsportsmanlike conduct (-15 Yards) to the VTech 16"
400868955,2016,Notre Dame,home,-3,True,us,them,2,3,2,False,False,True,"NOTRE DAME Penalty, Defensive offside (Jonathan Jones) to the NDame 42 for a 1ST down"
400868955,2016,Notre Dame,home,-3,True,us,them,1,10,2,False,False,True,"Evans, J pass incomplete to Carroll, C.J., PENALTY ND roughing passer (TILLERY) 15 yards to the ND27, 1ST DOWN VT, NO PLAY."
400868955,2016,Notre Dame,home,-3,True,them,them,1,10,2,False,False,True,"Evans, J pass complete to Ford, I for 12 yards to the ND15 (VAUGHN), PENALTY VT ineligible downfield on pass (Gallo, E) 5 yards to the ND32, NO PLAY."
400868955,2016,Notre Dame,home,-3,True,us,us,3,3,2,False,False,False,"NOTRE DAME Penalty, false start (-5 Yards) to the NDame 42"
400868955,2016,Notre Dame,home,-3,True,us,us,2,7,3,False,False,False,"NOTRE DAME Penalty, false start (Mike McGlinchey) to the NDame 20"
400868955,2016,Notre Dame,home,-3,True,us,us,1,10,3,False,False,False,"NOTRE DAME Penalty, false start (Mark Harrell) to the NDame 23"
400868955,2016,Notre Dame,home,-3,True,us,them,2,7,4,False,False,True,"Evans, J pass incomplete to Ford, I, PENALTY ND pass interference (LUKE) 15 yards to the ND7, 1ST DOWN VT, NO PLAY."
400868955,2016,Notre Dame,home,-3,True,them,us,1,10,4,False,False,False,"VIRGINIA TECH Penalty, substitution infraction (5 Yards) to the NDame 46"
400868956,2016,Notre Dame,away,-18,False,them,them,3,6,1,False,False,True,"USC Penalty, Delay of Game (-5 Yards) to the USC 37"
400868956,2016,Notre Dame,away,-18,False,us,us,4,1,1,False,False,False,"NOTRE DAME Penalty, False Start (-5 Yards) to the USC 44"
400868956,2016,Notre Dame,away,-18,False,them,them,4,3,1,False,False,False,"USC Penalty, False Start (-5 Yards) to the USC 40"
400868956,2016,Notre Dame,away,-18,False,us,us,1,10,2,False,False,False,"NOTRE DAME Penalty, False Start (-5 Yards) to the NDame 5"
400868956,2016,Notre Dame,away,-18,False,them,us,4,10,2,False,False,False,"USC Penalty, Roughing the Kicker (15 Yards) to the NDame 25 for a 1ST down"
400868956,2016,Notre Dame,away,-18,False,them,us,2,10,2,False,False,False,"USC Penalty, Defensive Offside (5 Yards) to the USC 20"
400868956,2016,Notre Dame,away,-18,False,them,them,1,0,4,False,False,True,"USC Penalty, False Start (-5 Yards) to the NDame 14"
400868956,2016,Notre Dame,away,-18,False,us,them,3,0,4,False,False,True,"NOTRE DAME Penalty, Defensive Pass Interference (12 Yards) to the NDame 2 for a 1ST down"
400868956,2016,Notre Dame,away,-18,False,them,us,1,10,4,False,False,True,"USC Penalty, Personal Foul (15 Yards) to the USC 45 for a 1ST down"
400934573,2017,Notre Dame,home,33,False,them,them,1,10,1,False,False,False,"TEMPLE Penalty, false start (-5 Yards) to the Temp 17"
400934573,2017,Notre Dame,home,33,False,them,them,3,12,1,False,False,False,"TEMPLE Penalty, false start (-5 Yards) to the Temp 15"
400934573,2017,Notre Dame,home,33,False,them,us,3,6,2,False,False,True,"WIMBUSH pass incomplete to ST. BROWN (FOSTER,Artrel), PENALTY TEM roughing passer (TAYLOR,Jullian) 5 yards to the TEM5, 1ST DOWN ND, NO PLAY."
400934573,2017,Notre Dame,home,33,False,them,them,1,10,2,False,False,True,"TEMPLE Penalty, substitution infraction (-5 Yards) to the NDame 36"
400934573,2017,Notre Dame,home,33,False,us,us,3,6,2,False,False,False,"NOTRE DAME Penalty, false start (-5 Yards) to the NDame 17"
400934573,2017,Notre Dame,home,33,False,us,them,2,11,3,False,False,False,"NOTRE DAME Penalty, 0S (Myron Tagovailoa-Amosa) to the NDame 10"
400934573,2017,Notre Dame,home,33,False,us,them,4,4,4,False,False,True,"NOTRE DAME Penalty, Defensive offside (Daelin Hayes) to the NDame 21 for a 1ST down"
400934573,2017,Notre Dame,home,33,False,us,us,2,8,4,False,False,False,"NOTRE DAME Penalty, false start (Robert Hainsey) to the NDame 48"
400934573,2017,Notre Dame,home,33,False,them,us,1,10,4,False,False,True,"TEMPLE Penalty, personal foul (Karamo Dioubate) to the Temp 8 for a 1ST down"
400934574,2017,Notre Dame,away,29,False,them,them,2,7,1,False,False,False,"BOSTON COLLEGE Penalty, False Start (John Phillips) to the BC 28"
400934574,2017,Notre Dame,away,29,False,them,them,2,6,1,False,False,True,"BOSTON COLLEGE Penalty, False Start (Tommy Sweeney) to the NDame 31"
400934574,2017,Notre Dame,away,29,False,them,them,3,8,1,False,False,False,"BOSTON COLLEGE Penalty, False Start (Tommy Sweeney) to the BC 31"
400934574,2017,Notre Dame,away,29,False,us,us,1,10,1,False,False,False,"NOTRE DAME Penalty, False Start (Quenton Nelson) to the NDame 30"
400934574,2017,Notre Dame,away,29,False,them,them,1,10,2,False,False,False,"BOSTON COLLEGE Penalty, False Start (-5 Yards) to the 50 yard line"
400934574,2017,Notre Dame,away,29,False,us,us,1,6,2,False,False,True,"NOTRE DAME Penalty, False Start (Alex Bars) to the BC 11"
400934574,2017,Notre Dame,away,29,False,them,them,2,12,3,False,False,True,"BOSTON COLLEGE Penalty, False Start (Charlie Callinan) to the NDame 27"
400934575,2017,Notre Dame,away,20,False,us,us,3,6,2,False,False,False,"NOTRE DAME Penalty, false start (-5 Yards) to the MchSt 46"
400934575,2017,Notre Dame,away,20,False,us,us,1,10,2,False,False,True,"NOTRE DAME Penalty, false start (-5 Yards) to the MchSt 17"
400934575,2017,Notre Dame,away,20,False,them,us,3,1,3,False,False,True,"WILLIAMS, D. rush for loss of 1 yard to the ND46 (Jones, Naquan), PENALTY MSU offside defense 5 yards to the MSU48, 1ST DOWN ND, NO PLAY."
400934575,2017,Notre Dame,away,20,False,us,them,1,10,3,False,False,False,"Lewerke, Brian pass incomplete to Jackson, T., PENALTY ND pass interference 15 yards to the 50 yardline, 1ST DOWN MSU, NO PLAY."
400934575,2017,Notre Dame,away,20,False,them,them,2,7,3,False,False,False,"Lewerke, Brian pass incomplete to White, Cody (ELLIOTT), PENALTY MSU holding 10 yards to the MSU43, NO PLAY."
400934575,2017,Notre Dame,away,20,False,us,them,2,1,4,False,False,False,"Lewerke, Brian sacked for loss of 6 yards to the MSU10 (OGUNDEJI), PENALTY ND personal foul 15 yards to the MSU31, 1ST DOWN MSU, NO PLAY."
400934576,2017,Notre Dame,home,35,False,us,them,3,8,1,False,False,True,"NOTRE DAME Penalty, Defensive offside (5 Yards) to the NDame 43"
400934576,2017,Notre Dame,home,35,False,us,them,3,7,1,False,False,False,"RAGLAND, Gus pass incomplete to GARDNER, James, PENALTY ND pass interference (WATKINS) 15 yards to the MIAMI43, 1ST DOWN MIAMI, NO PLAY."
400934577,2017,Notre Dame,away,23,False,us,us,2,6,1,False,False,False,"NOTRE DAME Penalty, False Start (-5 Yards) to the NDame 29"
400934577,2017,Notre Dame,away,23,False,us,us,3,18,1,False,False,False,"NOTRE DAME Penalty, Substitution Infraction (-5 Yards) to the NDame 17"
400934577,2017,Notre Dame,away,23,False,us,us,1,10,2,False,False,True,"NOTRE DAME Penalty, Offensive Offside (-5 Yards) to the NDame 30"
400934577,2017,Notre Dame,away,23,False,them,them,3,9,2,False,False,False,"Surratt, Chazz pass complete to Cunningham, Jordan for 10 yards to the NOTREDAME46, PENALTY UNC holding 10 yards to the UNC34, NO PLAY."
400934577,2017,Notre Dame,away,23,False,us,us,1,10,2,False,False,False,"NOTRE DAME Penalty, False Start (-5 Yards) to the NDame 29"
400934577,2017,Notre Dame,away,23,False,us,them,3,7,2,False,False,False,"NOTRE DAME Penalty, Defensive Offside (5 Yards) to the NCaro 28"
400934577,2017,Notre Dame,away,23,False,them,them,3,10,2,False,False,True,"NORTH CAROLINA Penalty, Unsportsmanlike Conduct (-15 Yards) to the NCaro 20"
400934577,2017,Notre Dame,away,23,False,us,us,1,0,3,False,False,True,"NOTRE DAME Penalty, False Start (-5 Yards) to the NCaro 9"
400934577,2017,Notre Dame,away,23,False,them,us,2,8,3,False,False,False,"Book, Ian pass incomplete to St. Brown, Equanimeous, PENALTY UNC personal foul 15 yards to the UNC18, NO PLAY, 1ST DOWN NOTREDAME."
400934577,2017,Notre Dame,away,23,False,them,them,2,10,3,False,False,False,"NORTH CAROLINA Penalty, False Start (-5 Yards) to the NCaro 20"
400934577,2017,Notre Dame,away,23,False,them,them,4,26,3,False,False,False,"NORTH CAROLINA Penalty, False Start (-4 Yards) to the NCaro 5"
400934577,2017,Notre Dame,away,23,False,us,us,1,10,3,False,False,False,"NOTRE DAME Penalty, Offensive Pass Interference (-15 Yards) to the NDame 22"
400934577,2017,Notre Dame,away,23,False,them,them,1,10,3,False,False,True,"NORTH CAROLINA Penalty, False Start (-5 Yards) to the 50 yard line"
400934577,2017,Notre Dame,away,23,False,them,them,4,0,4,False,False,True,"NORTH CAROLINA Penalty, Offensive Holding (-10 Yards) to the NDame 17"
400934578,2017,Notre Dame,home,35,False,us,us,4,21,1,False,False,False,"NOTRE DAME Penalty, False Start (Jamir Jones) to the NDame 28"
400934578,2017,Notre Dame,home,35,False,them,them,4,2,2,False,False,False,"USC Penalty, Delay of Game (-5 Yards) to the NDame 9"
400934578,2017,Notre Dame,home,35,False,them,them,4,18,2,False,False,False,"USC Penalty, False Start (Bubba Bolden) to the USC 25"
400934578,2017,Notre Dame,home,35,False,them,them,2,10,3,False,False,True,"USC Penalty, False Start (Steven Mitchell Jr.) to the NDame 34"
400934578,2017,Notre Dame,home,35,False,them,them,3,6,4,False,False,False,"USC Penalty, False Start (Austin Jackson) to the USC 29"
400934578,2017,Notre Dame,home,35,False,us,us,4,5,4,False,False,False,"NOTRE DAME Penalty, False Start (Jamir Jones) to the NDame 20"
400934579,2017,Notre Dame,home,21,False,us,us,3,13,1,False,False,True,"NOTRE DAME Penalty, False Start (Robert Hainsey) to the NDame 13"
400934579,2017,Notre Dame,home,21,False,them,them,2,1,1,False,False,False,"NC STATE Penalty, False Start (Tyler Jones) to the NCSt 34"
400934579,2017,Notre Dame,home,21,False,us,us,4,10,1,False,False,False,"NOTRE DAME Penalty, False Start (John Shannon) to the NDame 25"
400934579,2017,Notre Dame,home,21,False,them,them,2,9,1,False,False,True,"NC STATE Penalty, False Start (Jakobi Meyers) to the NCSt 25"
400934579,2017,Notre Dame,home,21,False,them,us,2,1,2,False,False,True,"NC STATE Penalty, Defensive Offside (B.J. Hill) to the NCSt 1"
400934579,2017,Notre Dame,home,21,False,us,us,3,6,4,False,False,False,"NOTRE DAME Penalty, False Start (Robert Hainsey) to the NCSt 36"
400934580,2017,Notre Dame,home,11,False,them,them,2,11,1,False,False,True,"WAKE FOREST Penalty, False Start (Ryan Anderson) to the WFrst 38"
400934580,2017,Notre Dame,home,11,False,them,them,1,10,1,False,False,False,"WAKE FOREST Penalty, False Start (Ryan Anderson) to the NDame 46"
400934580,2017,Notre Dame,home,11,False,us,us,1,10,2,False,False,True,"NOTRE DAME Penalty, False Start (Mike McGlinchey) to the NDame 1"
400934580,2017,Notre Dame,home,11,False,us,us,2,6,3,False,False,True,"NOTRE DAME Penalty, False Start (Mike McGlinchey) to the NDame 43"
400934581,2017,Notre Dame,away,-33,False,us,us,4,1,2,False,False,False,"NOTRE DAME Penalty, False Start (Robert Hainsey) to the NDame 40"
400934581,2017,Notre Dame,away,-33,False,them,them,2,8,2,False,False,True,"MIAMI FL Penalty, Delay of Game (-5 Yards) to the NDame 13"
400934581,2017,Notre Dame,away,-33,False,us,us,3,4,4,False,False,False,"NOTRE DAME Penalty, Substitution Infraction (-5 Yards) to the NDame 31"
400934582,2017,Notre Dame,home,7,True,us,them,4,2,1,False,False,False,"NOTRE DAME Penalty, Defensive Offside (5 Yards) to the 50 yard line for a 1ST down"
400934582,2017,Notre Dame,home,7,True,them,us,3,0,2,False,False,True,"Wimbush, Brandon pass incomplete to Stepherson, Kevin, PENALTY NAVY pass interference (Wooten, Tyris) 11 yards to the NAVY2, NO PLAY, 1ST DOWN NOTREDAME."
400934582,2017,Notre Dame,home,7,True,them,them,1,10,4,False,False,False,"NAVY Penalty, Illegal Shift (-5 Yards) to the NDame 35"
400934583,2017,Notre Dame,away,-18,False,us,us,2,10,2,False,False,True,"NOTRE DAME Penalty, False Start (Alex Bars) to the Stanf 26"
400934583,2017,Notre Dame,away,-18,False,us,them,3,7,2,False,False,False,"NOTRE DAME Penalty, Substitution Infraction (5 Yards) to the Stanf 49"
400934583,2017,Notre Dame,away,-18,False,us,us,1,15,3,False,False,True,"NOTRE DAME Penalty, False Start (Mike McGlinchey) to the Stanf 29"
400953414,2017,Notre Dame,away,4,True,them,them,3,4,1,False,False,False,"LSU Penalty, False Start (Saahdiq Charles) to the NDame 34"
400953414,2017,Notre Dame,away,4,True,us,us,2,10,1,False,False,False,"NOTRE DAME Penalty, False Start (Robert Hainsey) to the NDame 8"
400953414,2017,Notre Dame,away,4,True,them,them,4,1,2,False,False,False,"LSU Penalty, False Start (Tory Carter) to the NDame 6"
400953414,2017,Notre Dame,away,4,True,them,them,2,10,4,False,False,True,"LSU Penalty, False Start (Saahdiq Charles) to the NDame 36"
400953414,2017,Notre Dame,away,4,True,them,them,4,10,4,False,False,False,"LSU Penalty, False Start (Saahdiq Charles) to the LSU 29"
401013377,2018,Notre Dame,home,8,True,them,them,3,0,1,False,False,True,"BALL ST Penalty, false start (-5 Yards) to the NDame 7"
401013377,2018,Notre Dame,home,8,True,them,them,1,10,2,False,False,True,"NEAL, Riley pass incomplete to GIVAN, Nolan, PENALTY BALL illegal formation (SLAVEN, Kaleb) 5 yards to the ND35, NO PLAY."
401013377,2018,Notre Dame,home,8,True,us,us,3,22,3,False,False,False,"NOTRE DAME Penalty, false start (Robert Hainsey) to the NDame 40"
401013377,2018,Notre Dame,home,8,True,them,them,2,1,4,False,False,True,"NEAL, Riley pass complete to LACANARIA, Corey for 36 yards to the ND1 (PRIDE JR, Troy), PENALTY BALL illegal touching (LACANARIA, Corey) 0 yards to the ND37, NO"
401012283,2018,Notre Dame,home,5,True,us,us,3,3,1,False,False,True,"NOTRE DAME Penalty, false start (-5 Yards) to the Vandy 8"
401012283,2018,Notre Dame,home,5,True,us,us,1,10,2,False,False,False,"NOTRE DAME Penalty, substitution infraction (-5 Yards) to the NDame 24"
401012283,2018,Notre Dame,home,5,True,us,them,1,10,3,False,False,False,"Shurmur,Kyle pass incomplete to Lipscomb,Kalija (LOVE, Julian), PENALTY ND holding (PRIDE JR, Troy) 10 yards to the ND48, 1ST DOWN VANDY, NO PLAY."
401012283,2018,Notre Dame,home,5,True,us,them,4,8,4,False,False,True,"Shurmur,Kyle pass incomplete to Pearce,Chris, PENALTY ND pass interference (PRIDE JR, Troy) 15 yards to the ND26, 1ST DOWN VANDY, NO PLAY."
401012283,2018,Notre Dame,home,5,True,us,them,4,10,4,False,False,False,"Shurmur,Kyle pass incomplete to Lipscomb,Kalija, PENALTY ND pass interference (VAUGHN, Donte) 13 yards to the ND37, 1ST DOWN VANDY, NO PLAY."
401013129,2018,Notre Dame,away,29,False,them,them,2,10,2,False,False,False,"WAKE FOREST Penalty, False Start (Jake Benzinger) to the WFrst 20"
401013129,2018,Notre Dame,away,29,False,us,them,4,1,2,False,False,False,"NOTRE DAME Penalty, Running Into Kicker (5 Yards) to the NDame 20 for a 1ST down"
401012758,2018,Notre Dame,home,21,False,them,them,2,3,2,False,False,True,"STANFORD Penalty, False Start (A.T. Hall) to the Stanf 30"
401012758,2018,Notre Dame,home,21,False,us,them,2,1,2,False,False,True,"NOTRE DAME Penalty, Defensive Pass Interference (Troy Pride Jr.) to the NDame 2 for a 1ST down"
401012758,2018,Notre Dame,home,21,False,them,them,1,10,2,False,False,False,"STANFORD Penalty, Delay of Game (-5 Yards) to the Stanf 20"
401012758,2018,Notre Dame,home,21,False,them,them,3,13,2,False,False,False,"STANFORD Penalty, False Start (Devery Hamilton) to the Stanf 17"
401012758,2018,Notre Dame,home,21,False,them,them,1,10,3,False,False,True,"STANFORD Penalty, False Start (Scooter Harrington) to the Stanf 14"
401012758,2018,Notre Dame,home,21,False,us,them,2,6,3,False,False,True,"NOTRE DAME Penalty, Defensive Pass Interference (Drue Tranquill) to the Stanf 38 for a 1ST down"
401012758,2018,Notre Dame,home,21,False,us,us,3,11,4,False,False,False,"NOTRE DAME Penalty, Illegal Formation (Sam Mustipher) to the Stanf 32"
401012758,2018,Notre Dame,home,21,False,us,us,3,16,4,False,False,False,"NOTRE DAME Penalty, Offensive Holding (Alize Mack) to the Stanf 40"
401012758,2018,Notre Dame,home,21,False,them,them,1,10,4,False,False,False,"STANFORD Penalty, Offensive Holding (A.T. Hall) to the Stanf 22"
401013143,2018,Notre Dame,away,22,False,us,us,2,9,1,False,False,True,"NOTRE DAME Penalty, False Start (-5 Yards) to the NDame 21"
401013143,2018,Notre Dame,away,22,False,them,them,1,10,1,False,False,True,"VIRGINIA TECH Penalty, False Start (-5 Yards) to the NDame 30"
401013143,2018,Notre Dame,away,22,False,them,them,1,15,1,False,False,True,"VIRGINIA TECH Penalty, False Start (-5 Yards) to the NDame 35"
401013143,2018,Notre Dame,away,22,False,them,them,1,10,2,False,False,True,"VIRGINIA TECH Penalty, False Start (-5 Yards) to the NDame 24"
401013143,2018,Notre Dame,away,22,False,us,them,1,10,2,False,False,True,"NOTRE DAME Penalty, Defensive Offside (5 Yards) to the NDame 35"
401013143,2018,Notre Dame,away,22,False,us,us,2,10,4,False,False,False,"NOTRE DAME Penalty, False Start (-5 Yards) to the VTech 43"
401013148,2018,Notre Dame,home,5,True,us,them,4,4,1,False,False,True,"NOTRE DAME Penalty, Defensive Offside (Nicco Fertitta) to the Pitt 34 for a 1ST down"
401013148,2018,Notre Dame,home,5,True,us,them,3,8,2,False,False,False,"NOTRE DAME Penalty, Defensive Offside (Daelin Hayes) to the Pitt 45"
401013148,2018,Notre Dame,home,5,True,them,them,4,4,2,False,False,False,"PITTSBURGH Penalty, False Start (Jazzee Stocker) to the Pitt 26"
401013148,2018,Notre Dame,home,5,True,them,them,2,10,3,False,False,False,"PITTSBURGH Penalty, False Start (Alex Bookser) to the 50 yard line"
401013189,2018,Notre Dame,away,22,False,them,them,2,14,1,False,False,False,"NAVY Penalty, False Start (Laurent Njiki) to the Navy 47"
401013189,2018,Notre Dame,away,22,False,them,them,4,9,2,False,False,False,"NAVY Penalty, Delay of Game (-5 Yards) to the Navy 49"
401013189,2018,Notre Dame,away,22,False,them,us,3,5,2,False,False,True,"Book, Ian pass complete to Finke, Chris for 4 yards to the NAVY1, PENALTY NAVY holding (Farrar, Micah) 3 yards to the NAVY2, NO PLAY."
401013189,2018,Notre Dame,away,22,False,them,us,3,7,3,False,False,True,"Book, Ian pass incomplete to Boykin, Miles, PENALTY NAVY pass interference (Heflin, Taylor) 3 yards to the NOTREDAME31, NO PLAY, 1ST DOWN NOTREDAME."
401013345,2018,Notre Dame,away,10,False,us,us,3,7,1,False,False,True,"NOTRE DAME Penalty, False Start (Sam Mustipher) to the NDame 35"
401013345,2018,Notre Dame,away,10,False,us,us,1,5,1,False,False,False,"NOTRE DAME Penalty, False Start (Robert Hainsey) to the Nwest 10"
401013345,2018,Notre Dame,away,10,False,us,us,2,10,1,False,False,False,"NOTRE DAME Penalty, Offensive Pass Interference (Miles Boykin) to the Nwest 25"
401013345,2018,Notre Dame,away,10,False,us,them,3,6,2,False,False,True,"NOTRE DAME Penalty, Defensive Pass Interference (Jalen Elliott) to the NDame 2 for a 1ST down"
401013345,2018,Notre Dame,away,10,False,us,us,1,10,3,False,False,True,"NOTRE DAME Penalty, False Start (Sam Mustipher) to the Nwest 42"
401013345,2018,Notre Dame,away,10,False,us,us,2,10,4,False,False,True,"NOTRE DAME Penalty, False Start (Aaron Banks) to the Nwest 44"
401013171,2018,Notre Dame,home,29,False,us,us,2,7,2,False,False,True,"NOTRE DAME Penalty, False Start (Robert Hainsey) to the NDame 23"
401013171,2018,Notre Dame,home,29,False,us,us,2,5,4,False,False,False,"NOTRE DAME Penalty, False Start (Josh Lugg) to the NDame 4"
401013182,2018,Notre Dame,home,33,False,us,us,2,10,1,False,False,True,"NOTRE DAME Penalty, False Start (Robert Hainsey) to the NDame 40"
401013182,2018,Notre Dame,home,33,False,us,us,1,10,1,False,False,True,"NOTRE DAME Penalty, False Start (Robert Hainsey) to the Syrac 20"
401013182,2018,Notre Dame,home,33,False,us,us,1,10,2,False,False,False,"NOTRE DAME Penalty, False Start (Liam Eichenberg) to the Syrac 37"
401013182,2018,Notre Dame,home,33,False,us,us,3,2,3,False,False,False,"NOTRE DAME Penalty, False Start (Robert Hainsey) to the NDame 43"
401012800,2018,Notre Dame,away,7,True,them,them,2,9,1,False,False,False,"USC Penalty, False Start (Toa Lobendahn) to the USC 16"
401012800,2018,Notre Dame,away,7,True,them,them,2,2,2,False,False,False,"USC Penalty, False Start (Erik Krommenhoek) to the NDame 41"
401012800,2018,Notre Dame,away,7,True,them,them,2,1,3,False,False,False,"USC Penalty, False Start (Austin Jackson) to the NDame 44"
401012800,2018,Notre Dame,away,7,True,them,them,2,4,3,False,False,False,"Daniels, JT pass incomplete to Pittman Jr., Michael, PENALTY USC holding (Lobendahn, Toa) 10 yards to the NOTREDAME39, NO PLAY."
401012800,2018,Notre Dame,away,7,True,them,us,1,10,3,False,False,True,"Book, Ian pass incomplete to Boykin, Miles, PENALTY USC pass interference (Marshall, Iman) 15 yards to the USC45, NO PLAY, 1ST DOWN NOTREDAME."
401012800,2018,Notre Dame,away,7,True,them,them,2,6,4,False,False,False,"Daniels, JT pass complete to Vaughns, Tyler for 16 yards to the NOTREDAME45, PENALTY USC ineligible downfield on pass (St. Brown, Amon-Ra) 5 yards to the USC34,"
401112436,2019,Notre Dame,away,18,False,us,them,3,12,1,False,False,True,"NOTRE DAME Penalty, Defensive Offside (Julian Okwara) to the NDame 40"
401112436,2019,Notre Dame,away,18,False,us,them,3,10,1,False,False,True,"NOTRE DAME Penalty, Defensive Offside (Khalid Kareem) to the Lvile 30"
401112436,2019,Notre Dame,away,18,False,us,us,3,0,2,False,False,True,"NOTRE DAME Penalty, False Start (Liam Eichenberg) to the Lvile 11"
401112436,2019,Notre Dame,away,18,False,them,them,3,12,3,False,False,False,"LOUISVILLE Penalty, False Start (T.J. McCoy) to the Lvile 17"
401112436,2019,Notre Dame,away,18,False,them,them,3,19,3,False,False,False,"LOUISVILLE Penalty, False Start (Dez Fitzpatrick) to the Lvile 23"
401112436,2019,Notre Dame,away,18,False,them,them,2,10,4,False,False,True,"LOUISVILLE Penalty, Substitution Infraction (-5 Yards) to the NDame 31"
401112436,2019,Notre Dame,away,18,False,them,them,1,10,4,False,False,False,"LOUISVILLE Penalty, False Start (Tyler Haycraft) to the Lvile 36"
401112436,2019,Notre Dame,away,18,False,us,them,3,5,4,False,False,False,"NOTRE DAME Penalty, Defensive Offside (5 Yards) to the NDame 49 for a 1ST down"
401112436,2019,Notre Dame,away,18,False,them,them,4,7,4,False,False,False,"LOUISVILLE Penalty, False Start (Caleb Chandler) to the NDame 39"
401114336,2019,Notre Dame,home,52,False,us,us,2,0,3,False,False,True,"NOTRE DAME Penalty, False Start (Micah Jones) to the NMex 15"
401114336,2019,Notre Dame,home,52,False,us,us,1,0,3,False,False,True,"NOTRE DAME Penalty, False Start (Colin Grunhard) to the NMex 6"
401114336,2019,Notre Dame,home,52,False,us,us,3,0,4,False,False,True,"NOTRE DAME Penalty, False Start (C'Bo Flemister) to the NMex 24"
401112472,2019,Notre Dame,home,15,False,us,us,3,2,1,False,False,True,"NOTRE DAME Penalty, False Start (Tommy Kraemer) to the NDame 39"
401112472,2019,Notre Dame,home,15,False,them,us,2,9,1,False,False,True,"VIRGINIA Penalty, Defensive Holding (Charles Snowden) to the Virg 24 for a 1ST down"
401112472,2019,Notre Dame,home,15,False,us,us,1,10,2,False,False,False,"NOTRE DAME Penalty, False Start (Lawrence Keys III) to the NDame 22"
401112472,2019,Notre Dame,home,15,False,them,them,4,1,2,False,False,False,"VIRGINIA Penalty, False Start (Tanner Cowley) to the Virg 33"
401112472,2019,Notre Dame,home,15,False,them,them,3,13,3,False,False,False,"VIRGINIA Penalty, False Start (Chris Glaser) to the NDame 48"
401112472,2019,Notre Dame,home,15,False,us,us,2,0,3,False,False,True,"NOTRE DAME Penalty, False Start (Liam Eichenberg) to the Virg 8"
401112472,2019,Notre Dame,home,15,False,us,us,4,1,3,False,False,False,"NOTRE DAME Penalty, Delay of Game (Jay Bramblett) to the NDame 46"
401112472,2019,Notre Dame,home,15,False,us,us,1,10,4,False,False,False,"NOTRE DAME Penalty, False Start (Liam Eichenberg) to the NDame 20"
401114337,2019,Notre Dame,home,52,False,them,them,1,10,1,False,False,False,"BOWLING GREEN Penalty, False Start (-5 Yards) to the BwGrn 20"
401114337,2019,Notre Dame,home,52,False,them,them,3,10,2,False,False,False,"BOWLING GREEN Penalty, False Start (-5 Yards) to the NDame 27"
401114337,2019,Notre Dame,home,52,False,us,us,1,10,2,False,False,True,"NOTRE DAME Penalty, False Start (Robert Hainsey) to the NDame 41"
401114222,2019,Notre Dame,home,3,True,us,us,1,10,1,False,False,False,"NOTRE DAME Penalty, Offensive Holding (Tommy Kraemer) to the USC 44"
401114222,2019,Notre Dame,home,3,True,us,us,3,11,1,False,False,False,"NOTRE DAME Penalty, Delay of Game (Ian Book) to the NDame 20"
401114222,2019,Notre Dame,home,3,True,us,us,3,1,2,False,False,True,"NOTRE DAME Penalty, False Start (-5 Yards) to the USC 38"
401114222,2019,Notre Dame,home,3,True,them,us,3,6,3,False,False,True,"USC Penalty, Roughing Passer (Palaie Gaoteote IV) to the USC 40 for a 1ST down"
401112501,2019,Notre Dame,home,1,True,them,them,1,10,1,False,False,False,"VIRGINIA TECH Penalty, Delay of Game (Quincy Patterson II) to the VTech 5"
401112501,2019,Notre Dame,home,1,True,us,us,1,10,1,False,False,False,"NOTRE DAME Penalty, False Start (Liam Eichenberg) to the NDame 15"
401112501,2019,Notre Dame,home,1,True,us,us,1,10,3,False,False,False,"NOTRE DAME Penalty, False Start (Cole Kmet) to the NDame 32"
401112501,2019,Notre Dame,home,1,True,us,them,1,10,4,False,False,False,"NOTRE DAME Penalty, Defensive Offside (Julian Okwara) to the VTech 25"
401111654,2019,Notre Dame,away,31,False,them,them,2,10,2,False,False,False,"DUKE Penalty, false start (Jalon Calhoun) to the Duke 16"
401111654,2019,Notre Dame,away,31,False,us,us,3,4,2,False,False,False,"NOTRE DAME Penalty, Offensive holding (-7 Yards) to the NDame 8"
401111654,2019,Notre Dame,away,31,False,us,us,1,10,2,False,False,False,"I. BOOK pass incomplete to J. ARMSTRONG, PENALTY ND illegal touching (J. ARMSTRONG) 0 yards to the ND45, NO PLAY."
401111654,2019,Notre Dame,away,31,False,us,them,2,19,2,False,False,False,"Harris,Q. pass incomplete, PENALTY ND offside (K. KAREEM) 5 yards to the ND32, NO PLAY."
401111654,2019,Notre Dame,away,31,False,us,them,4,5,3,False,False,False,"Parker,A. pass incomplete to Pancol,E., PENALTY ND holding (T. AGORO) 9 yards to the ND40, 1ST DOWN DU, NO PLAY."
401111654,2019,Notre Dame,away,31,False,us,us,1,10,3,False,False,True,"NOTRE DAME Penalty, illegal procedure (-5 Yards) to the NDame 25"
401111654,2019,Notre Dame,away,31,False,us,us,1,10,3,False,False,True,"NOTRE DAME Penalty, false start (-5 Yards) to the Duke 22"
401114338,2019,Notre Dame,home,32,False,us,us,1,10,1,False,False,True,"NOTRE DAME Penalty, False Start (-5 Yards) to the Navy 37"
401114338,2019,Notre Dame,home,32,False,them,them,2,7,3,False,False,False,"NAVY Penalty, False Start (-5 Yards) to the Navy 35"
401112514,2019,Notre Dame,home,33,False,us,us,1,10,1,False,False,True,"NOTRE DAME Penalty, False Start (-5 Yards) to the BC 35"
401112514,2019,Notre Dame,home,33,False,us,us,1,10,1,False,False,False,"NOTRE DAME Penalty, False Start (-5 Yards) to the BC 43"
401112514,2019,Notre Dame,home,33,False,us,us,1,15,1,False,False,False,"NOTRE DAME Penalty, Offensive Holding (-10 Yards) to the NDame 47"
401112514,2019,Notre Dame,home,33,False,them,them,1,10,2,False,False,True,"BOSTON COLLEGE Penalty, Offensive Holding (-10 Yards) to the BC 27"
401112514,2019,Notre Dame,home,33,False,us,us,1,10,2,False,False,True,"NOTRE DAME Penalty, False Start (-5 Yards) to the NDame 20"
401112514,2019,Notre Dame,home,33,False,us,us,1,10,4,False,False,False,"NOTRE DAME Penalty, False Start (-5 Yards) to the BC 49"
401112514,2019,Notre Dame,home,33,False,us,us,1,15,4,False,False,False,"NOTRE DAME Penalty, False Start (-5 Yards) to the NDame 46"
401112514,2019,Notre Dame,home,33,False,us,us,1,10,4,False,False,False,"NOTRE DAME Penalty, False Start (-5 Yards) to the NDame 32"
401114212,2019,Notre Dame,away,21,False,us,us,2,10,1,False,False,True,"NOTRE DAME Penalty, false start (-5 Yards) to the NDame 40"
401114212,2019,Notre Dame,away,21,False,us,them,1,10,1,False,False,True,"Mills,D pass incomplete to Parkinson,C, PENALTY ND holding (K. HAMILTON) 10 yards to the ND29, 1ST DOWN STAN, NO PLAY."
401114212,2019,Notre Dame,away,21,False,them,them,4,1,1,False,False,True,"STANFORD Penalty, false start (-5 Yards) to the NDame 6"
401114212,2019,Notre Dame,away,21,False,them,us,2,15,2,False,False,False,"I. BOOK pass incomplete to B. WRIGHT (Pryts,A), PENALTY STAN pass interference (Pryts,A) 11 yards to the ND16, 1ST DOWN ND, NO PLAY."
401114212,2019,Notre Dame,away,21,False,us,us,3,8,2,False,False,False,"I. BOOK pass complete to T. JONES for 14 yards to the ND32 (Kelly,KB), PENALTY ND holding (J. PATTERSON) 9 yards to the ND9, NO PLAY."
401114212,2019,Notre Dame,away,21,False,us,us,1,10,2,False,False,False,"NOTRE DAME Penalty, false start (Aaron Banks) to the NDame 19"
401114212,2019,Notre Dame,away,21,False,us,us,3,1,2,False,False,True,"NOTRE DAME Penalty, false start (Trevor Ruhland) to the Stanf 6"
401114212,2019,Notre Dame,away,21,False,them,us,1,10,3,False,False,False,"I. BOOK pass incomplete to C. CLAYPOOL, PENALTY STAN pass interference (Eboh,O) 15 yards to the ND39, 1ST DOWN ND, NO PLAY."
401114212,2019,Notre Dame,away,21,False,us,us,1,10,3,False,False,True,"I. BOOK pass incomplete to C. CLAYPOOL, PENALTY ND pass interference (C. KMET) 7 yards to the ND7, NO PLAY."
401114212,2019,Notre Dame,away,21,False,us,us,1,3,3,False,False,True,"J. ARMSTRONG rush for 2 yards to the STAN1 (Booker,T), PENALTY ND illegal motion (L. KEYS III) 5 yards to the STAN8, NO PLAY."
401114212,2019,Notre Dame,away,21,False,them,us,1,10,3,False,False,True,"STANFORD Penalty, Defensive offside (Gabe Reid) to the Stanf 43"
401114212,2019,Notre Dame,away,21,False,us,us,2,6,4,False,False,True,"J. ARMSTRONG rush for 9 yards to the ND41 (Head,S;Swann,J), PENALTY ND holding (D. GIBBONS) 10 yards to the ND22, NO PLAY."
401114212,2019,Notre Dame,away,21,False,them,them,3,8,4,False,False,True,"STANFORD Penalty, false start (Colby Parkinson) to the NDame 28"
401114212,2019,Notre Dame,away,21,False,us,them,3,13,4,False,False,True,"Mills,D pass incomplete to Scarlett,C, PENALTY ND holding (A. BILAL) 10 yards to the ND18, 1ST DOWN STAN, NO PLAY."
401135276,2019,Notre Dame,away,24,False,us,us,3,7,1,False,False,True,"NOTRE DAME Penalty, False Start (Liam Eichenberg) to the IowSt 24"
401234574,2020,Notre Dame,home,14,False,us,us,4,4,1,False,False,False,"NOTRE DAME Penalty, False Start (-5 Yards) to the NDame 39"
401234574,2020,Notre Dame,home,14,False,them,us,1,0,2,False,False,True,"DUKE Penalty, Defensive Offside (1 Yards) to the Duke 1"
401234574,2020,Notre Dame,home,14,False,us,them,2,10,2,False,False,True,"NOTRE DAME Penalty, Defensive Holding (9 Yards) to the NDame 9 for a 1ST down"
401234574,2020,Notre Dame,home,14,False,them,us,2,10,2,False,False,True,"DUKE Penalty, Defensive Offside (5 Yards) to the NDame 21"
401241282,2020,Notre Dame,home,52,False,them,them,3,13,2,False,False,False,"SOUTH FLORIDA Penalty, Delay of Game (-5 Yards) to the SFla 12"
401234606,2020,Notre Dame,home,16,False,us,them,3,5,2,False,False,True,"NOTRE DAME Penalty, Defensive Offside (5 Yards) to the NDame 12 for a 1ST down"
401234606,2020,Notre Dame,home,16,False,us,us,1,10,3,False,False,True,"NOTRE DAME Penalty, Personal Foul (-13 Yards) to the NDame 14"
401234606,2020,Notre Dame,home,16,False,us,us,3,11,3,False,False,False,"NOTRE DAME Penalty, False Start (-5 Yards) to the NDame 26"
401234613,2020,Notre Dame,home,5,True,us,us,2,7,1,False,False,True,"NOTRE DAME Penalty, False Start (Liam Eichenberg) to the Lvile 49"
401234613,2020,Notre Dame,home,5,True,them,them,1,10,3,False,False,True,"LOUISVILLE Penalty, Illegal Block (K.J. Cloyd) to the Lvile 30"
401234613,2020,Notre Dame,home,5,True,them,them,2,11,3,False,False,False,"LOUISVILLE Penalty, False Start (Cole Bentley) to the Lvile 38"
401234613,2020,Notre Dame,home,5,True,them,them,1,15,4,False,False,False,"LOUISVILLE Penalty, False Start (Cole Bentley) to the Lvile 18"
401234613,2020,Notre Dame,home,5,True,us,us,3,10,4,False,False,False,"NOTRE DAME Penalty, False Start (Chris Tyree) to the Lvile 16"
401234622,2020,Notre Dame,away,42,False,us,them,2,10,3,False,False,False,"NOTRE DAME Penalty, Defensive Offside (5 Yards) to the Pitt 41"
401234622,2020,Notre Dame,away,42,False,them,them,4,4,3,False,False,False,"PITTSBURGH Penalty, False Start (A.J. Woods) to the Pitt 37"
401234622,2020,Notre Dame,away,42,False,us,them,1,10,3,False,False,False,"NOTRE DAME Penalty, Unsportsmanlike Conduct (Jordan Botelho) to the Pitt 40 for a 1ST down"
401234622,2020,Notre Dame,away,42,False,them,us,1,10,3,False,False,False,"PITTSBURGH Penalty, Unsportsmanlike Conduct (Shocky Jacques-Louis) to the NDame 27 for a 1ST down"
401234622,2020,Notre Dame,away,42,False,them,them,2,10,4,False,False,False,"PITTSBURGH Penalty, False Start (Shocky Jacques-Louis) to the Pitt 33"
401234622,2020,Notre Dame,away,42,False,them,them,4,15,4,False,False,False,"PITTSBURGH Penalty, False Start (Tre Tipton) to the Pitt 11"
401234626,2020,Notre Dame,away,18,False,us,us,1,10,1,False,False,True,"NOTRE DAME Penalty, Offensive Holding (-10 Yards) to the NDame 24"
401234626,2020,Notre Dame,away,18,False,them,them,1,10,3,False,False,False,"GEORGIA TECH Penalty, False Start (Ryan Johnson) to the NDame 27"
401234626,2020,Notre Dame,away,18,False,them,them,4,18,3,False,False,False,"GEORGIA TECH Penalty, False Start (Jaytlin Askew) to the GTech 27"
401234626,2020,Notre Dame,away,18,False,them,us,1,10,4,False,False,False,"GEORGIA TECH Penalty, Defensive Offside (Mike Lockhart) to the GTech 16"
401234637,2020,Notre Dame,away,14,False,us,us,1,10,1,False,False,True,"NOTRE DAME Penalty, Unsportsmanlike Conduct (Ben Skowronek) to the NDame 20"
401234637,2020,Notre Dame,away,14,False,us,us,1,8,2,False,False,True,"NOTRE DAME Penalty, Delay of Game (-5 Yards) to the BC 13"
401234637,2020,Notre Dame,away,14,False,us,us,1,10,3,False,False,False,"NOTRE DAME Penalty, Unsportsmanlike Conduct (Daelin Hayes) to the NDame 5"
401234637,2020,Notre Dame,away,14,False,us,us,2,2,4,False,False,False,"NOTRE DAME Penalty, Unsportsmanlike Conduct (-15 Yards) to the NDame 35"
401234650,2020,Notre Dame,away,14,False,them,us,2,5,2,False,False,False,"NORTH CAROLINA Penalty, Defensive Offside (5 Yards) to the NDame 26 for a 1ST down"
401234650,2020,Notre Dame,away,14,False,them,them,2,10,2,False,False,True,"NORTH CAROLINA Penalty, Offensive Holding (Marcus McKethan) to the NCaro 19"
401234650,2020,Notre Dame,away,14,False,them,us,1,10,2,False,False,True,"NORTH CAROLINA Penalty, Defensive Holding (10 Yards) to the NDame 35 for a 1ST down"
401234650,2020,Notre Dame,away,14,False,them,us,3,1,2,False,False,True,"NORTH CAROLINA Penalty, Defensive Pass Interference (Don Chapman) to the NCaro 14 for a 1ST down"
401234650,2020,Notre Dame,away,14,False,them,them,3,4,3,False,False,False,"NORTH CAROLINA Penalty, False Start (-5 Yards) to the NCaro 36"
401234650,2020,Notre Dame,away,14,False,them,us,4,1,3,False,False,True,"NORTH CAROLINA Penalty, Defensive Offside (5 Yards) to the NDame 29 for a 1ST down"
401234650,2020,Notre Dame,away,14,False,them,us,2,10,3,False,False,True,"NORTH CAROLINA Penalty, Defensive Pass Interference (Tony Grimes) to the NCaro 20 for a 1ST down"
401234650,2020,Notre Dame,away,14,False,us,us,1,10,3,False,False,False,"NOTRE DAME Penalty, False Start (-5 Yards) to the NDame 6"
401234650,2020,Notre Dame,away,14,False,us,us,2,13,3,False,False,False,"NOTRE DAME Penalty, False Start (-4 Yards) to the NDame 4"
401234650,2020,Notre Dame,away,14,False,us,us,2,6,4,False,False,False,"NOTRE DAME Penalty, Illegal Touching ( Yards) to the NDame 35 for a 1ST down"
401234650,2020,Notre Dame,away,14,False,them,them,4,12,4,False,False,False,"NORTH CAROLINA Penalty, Unsportsmanlike Conduct (Dyami Brown) to the NCaro 42"
401234662,2020,Notre Dame,home,24,False,them,them,1,10,2,False,False,False,"SYRACUSE Penalty, False Start (Darius Tisdale) to the Syrac 20"
401234662,2020,Notre Dame,home,24,False,them,them,1,15,2,False,False,False,"SYRACUSE Penalty, False Start (Carlos Vettorello) to the Syrac 15"
401234662,2020,Notre Dame,home,24,False,us,them,3,5,2,False,False,False,"NOTRE DAME Penalty, Substitution Infraction (5 Yards) to the Syrac 35 for a 1ST down"
401234662,2020,Notre Dame,home,24,False,them,them,2,9,3,False,False,False,"SYRACUSE Penalty, False Start (Matthew Bergeron) to the Syrac 21"
401282614,2021,Notre Dame,away,3,True,us,us,1,10,1,False,False,True,"NOTRE DAME Penalty, False Start (Zeke Correll) to the NDame 45"
401282614,2021,Notre Dame,away,3,True,us,us,1,10,3,False,False,True,"NOTRE DAME Penalty, False Start (Michael Carmody) to the FlaSt 26"
401282614,2021,Notre Dame,away,3,True,us,them,1,0,4,False,False,True,"NOTRE DAME Penalty, Substitution Infraction (3 Yards) to the NDame 2"
401282705,2021,Notre Dame,home,3,True,them,them,2,8,3,False,False,False,"TOLEDO Penalty, False Start (-5 Yards) to the Toled 45"
401282705,2021,Notre Dame,home,3,True,them,them,3,8,4,False,False,False,"TOLEDO Penalty, False Start (-5 Yards) to the Toled 22"
401282705,2021,Notre Dame,home,3,True,them,them,3,13,4,False,False,False,"TOLEDO Penalty, False Start (-5 Yards) to the Toled 17"
401282705,2021,Notre Dame,home,3,True,them,them,1,10,4,False,False,False,"TOLEDO Penalty, Personal Foul (-12 Yards) to the Toled 13"
401282705,2021,Notre Dame,home,3,True,them,them,1,10,4,False,False,False,"TOLEDO Penalty, False Start (-5 Yards) to the Toled 8"
401282705,2021,Notre Dame,home,3,True,them,them,3,2,4,False,False,False,"TOLEDO Penalty, False Start (-5 Yards) to the Toled 16"
401282706,2021,Notre Dame,home,14,False,us,us,2,19,1,False,False,False,"NOTRE DAME Penalty, False Start (Lorenzo Styles Jr.) to the NDame 11"
401282706,2021,Notre Dame,home,14,False,us,us,3,4,1,False,False,False,"NOTRE DAME Penalty, Illegal Block (-15 Yards) to the NDame 37"
401282706,2021,Notre Dame,home,14,False,us,us,3,3,2,False,False,False,"NOTRE DAME Penalty, False Start (Zeke Correll) to the Prdue 27"
401282706,2021,Notre Dame,home,14,False,us,us,3,11,2,False,False,False,"NOTRE DAME Penalty, False Start (Tosh Baker) to the NDame 5"
401282706,2021,Notre Dame,home,14,False,us,them,1,10,3,False,False,False,"NOTRE DAME Penalty, Unsportsmanlike Conduct (Jayson Ademilola) to the NDame 20"
401282706,2021,Notre Dame,home,14,False,them,them,1,10,3,False,False,True,"PURDUE Penalty, False Start (Payne Durham) to the NDame 24"
401282706,2021,Notre Dame,home,14,False,us,us,1,10,3,False,False,True,"NOTRE DAME Penalty, False Start (Tosh Baker) to the NDame 30"
401282706,2021,Notre Dame,home,14,False,them,them,2,10,4,False,False,False,"PURDUE Penalty, False Start (Eric Miller) to the Prdue 43"
401282707,2021,Notre Dame,away,28,False,us,us,2,4,2,False,False,True,"NOTRE DAME Penalty, False Start (Jarrett Patterson) to the Wisc 36"
401282707,2021,Notre Dame,away,28,False,us,them,1,10,2,False,False,False,"NOTRE DAME Penalty, Defensive Offside (Howard Cross III) to the Wisc 14"
401282707,2021,Notre Dame,away,28,False,them,them,1,10,3,False,False,False,"WISCONSIN Penalty, False Start (Jake Ferguson) to the Wisc 20"
401282707,2021,Notre Dame,away,28,False,them,them,1,10,3,False,False,True,"WISCONSIN Penalty, False Start (Joe Tippmann) to the NDame 26"
401282707,2021,Notre Dame,away,28,False,us,us,3,15,3,False,False,False,"NOTRE DAME Penalty, False Start (Josh Lugg) to the NDame 15"
401282707,2021,Notre Dame,away,28,False,us,us,4,4,3,False,False,False,"NOTRE DAME Penalty, Delay of Game (-5 Yards) to the Wisc 44"
401282707,2021,Notre Dame,away,28,False,us,us,1,10,4,False,False,True,"NOTRE DAME Penalty, False Start (Joe Alt) to the NDame 49"
401282707,2021,Notre Dame,away,28,False,us,us,2,4,4,False,False,False,"NOTRE DAME Penalty, False Start (Michael Mayer) to the NDame 35"
401282708,2021,Notre Dame,home,-11,False,them,us,2,5,1,False,False,False,"CINCINNATI Penalty, Defensive Offside (5 Yards) to the Cincy 49 for a 1ST down"
401282708,2021,Notre Dame,home,-11,False,us,us,1,10,1,False,False,False,"NOTRE DAME Penalty, False Start (-5 Yards) to the NDame 34"
401282708,2021,Notre Dame,home,-11,False,them,them,1,10,1,False,False,False,"CINCINNATI Penalty, False Start (-5 Yards) to the Cincy 33"
401282708,2021,Notre Dame,home,-11,False,us,us,3,2,1,False,False,False,"NOTRE DAME Penalty, Offensive Holding (Josh Lugg) to the NDame 18"
401282708,2021,Notre Dame,home,-11,False,us,us,4,12,1,False,False,False,"NOTRE DAME Penalty, False Start (Kyle Hamilton) to the NDame 13"
401282708,2021,Notre Dame,home,-11,False,them,them,1,0,2,False,False,True,"CINCINNATI Penalty, Ineligible Downfield on Pass (-5 Yards) to the NDame 11"
401282708,2021,Notre Dame,home,-11,False,us,us,4,4,2,False,False,False,"NOTRE DAME Penalty, Delay of Game (-5 Yards) to the NDame 47"
401282708,2021,Notre Dame,home,-11,False,them,them,1,10,4,False,False,False,"CINCINNATI Penalty, False Start (-5 Yards) to the Cincy 31"
401282708,2021,Notre Dame,home,-11,False,them,them,1,10,4,False,False,True,"CINCINNATI Penalty, False Start (-5 Yards) to the Cincy 41"
401282708,2021,Notre Dame,home,-11,False,us,us,3,8,4,False,False,False,"NOTRE DAME Penalty, False Start (-5 Yards) to the NDame 24"
401282656,2021,Notre Dame,away,3,True,us,us,4,1,1,False,False,False,"NOTRE DAME Penalty, False Start (Zeke Correll) to the VTech 49"
401282656,2021,Notre Dame,away,3,True,us,them,2,11,1,False,False,True,"NOTRE DAME Penalty, Defensive Offside (Kurt Hinish) to the VTech 45"
401282656,2021,Notre Dame,away,3,True,them,us,1,0,3,False,False,True,"VIRGINIA TECH Penalty, False Start (Nick Gallo) to the NDame 8"
401282656,2021,Notre Dame,away,3,True,them,them,2,4,4,False,False,True,"VIRGINIA TECH Penalty, False Start (Tre Turner) to the VTech 45"
401282709,2021,Notre Dame,home,15,False,them,them,3,2,2,False,False,True,"USC Penalty, False Start (Jalen McKenzie) to the NDame 39"
401282709,2021,Notre Dame,home,15,False,them,them,1,10,2,False,False,True,"USC Penalty, False Start (Jalen McKenzie) to the NDame 19"
401282709,2021,Notre Dame,home,15,False,them,us,3,8,3,False,False,True,"Coan, Jack pass incomplete to Mayer, Michael, PENALTY USC pass interference (Alford, Xavion) 5 yards to the USC19, NO PLAY, 1ST DOWN NOTREDAME."
401282709,2021,Notre Dame,home,15,False,them,us,1,9,3,False,False,True,"USC Penalty, 12 Men on the Field (5 Yards) to the USC 4"
401282709,2021,Notre Dame,home,15,False,them,us,2,8,4,False,False,True,"Coan, Jack pass incomplete to Austin Jr., Kevin, PENALTY USC pass interference (Steele, Chris) 15 yards to the USC43, NO PLAY, 1ST DOWN NOTREDAME."
401282709,2021,Notre Dame,home,15,False,them,them,2,4,4,False,False,False,"Ingram, Keaontay rush for 13 yards to the NOTREDAME39, PENALTY USC holding (Neilon, Brett) 10 yards to the USC38, NO PLAY."
401282709,2021,Notre Dame,home,15,False,us,us,1,3,4,False,False,False,"NOTRE DAME Penalty, False Start (Josh Lugg) to the USC 8"
401282673,2021,Notre Dame,home,10,False,us,us,2,7,1,False,False,False,"NOTRE DAME Penalty, False Start (Cain Madden) to the NDame 34"
401282673,2021,Notre Dame,home,10,False,us,us,2,0,1,False,False,True,"NOTRE DAME Penalty, False Start (Jarrett Patterson) to the NCaro 7"
401282673,2021,Notre Dame,home,10,False,them,them,3,2,1,False,False,True,"NORTH CAROLINA Penalty, False Start (Jordan Tucker) to the NDame 47"
401282673,2021,Notre Dame,home,10,False,them,us,4,2,2,False,False,True,"Coan, Jack pass incomplete to Styles Jr., Lorenzo, PENALTY UNC personal foul (Morrison, Trey) 14 yards to the UNC21, NO PLAY, 1ST DOWN NOTREDAME."
401282673,2021,Notre Dame,home,10,False,them,them,1,10,3,False,False,False,"NORTH CAROLINA Penalty, False Start (Jordan Tucker) to the NCaro 13"
401282673,2021,Notre Dame,home,10,False,them,us,1,0,3,False,False,True,"Diggs, Logan rush for 1 yard to the UNC2, PENALTY UNC substitution infraction 1 yards to the UNC2, NO PLAY."
401282673,2021,Notre Dame,home,10,False,us,us,1,10,3,False,False,False,"NOTRE DAME Penalty, False Start (Andrew Kristofic) to the NDame 20"
401282673,2021,Notre Dame,home,10,False,them,us,3,14,4,False,False,True,"Buchner, Tyler pass incomplete to Austin Jr., Kevin, PENALTY UNC pass interference (Chapman, Don) 8 yards to the UNC7, NO PLAY, 1ST DOWN NOTREDAME."
401282710,2021,Notre Dame,home,28,False,us,us,1,10,1,False,False,False,"NOTRE DAME Penalty, False Start (Josh Lugg) to the NDame 30"
401282710,2021,Notre Dame,home,28,False,them,them,3,25,1,False,False,True,"NAVY Penalty, False Start (Lirion Murtezi) to the NDame 34"
401282710,2021,Notre Dame,home,28,False,them,us,1,10,2,False,False,True,"Buchner, Tyler pass incomplete to Austin Jr., Kevin, PENALTY NAVY offside (Straw, Nicholas) 5 yards to the NAVY37, NO PLAY."
401282710,2021,Notre Dame,home,28,False,us,them,4,10,2,False,False,False,"NOTRE DAME Penalty, Delay of Game (Xavier Watts) to the Navy 30"
401282710,2021,Notre Dame,home,28,False,them,them,2,8,3,False,False,True,"NAVY Penalty, Delay of Game (-5 Yards) to the Navy 22"
401282710,2021,Notre Dame,home,28,False,us,us,1,10,4,False,False,True,"NOTRE DAME Penalty, Unnecessary Roughness (Jarrett Patterson) to the Navy 36"
401282710,2021,Notre Dame,home,28,False,them,them,1,10,4,False,False,False,"NAVY Penalty, False Start (-5 Yards) to the Navy 43"
401282688,2021,Notre Dame,away,25,False,them,them,1,5,1,False,False,False,"VIRGINIA Penalty, False Start (Chris Glaser) to the Virg 25"
401282688,2021,Notre Dame,away,25,False,them,them,2,5,1,False,False,False,"VIRGINIA Penalty, False Start (Grant Misch) to the Virg 25"
401282688,2021,Notre Dame,away,25,False,them,them,2,4,2,False,False,False,"VIRGINIA Penalty, Delay of Game (-5 Yards) to the Virg 28"
401282697,2021,Notre Dame,home,55,False,us,us,2,21,1,True,False,True,"NOTRE DAME Penalty, Offensive Holding ( Yards) declined"
401282711,2021,Notre Dame,away,31,False,them,us,1,10,1,False,False,True,"STANFORD Penalty, Offside Defense (Jordan Fox) to the Stanf 36"
401282711,2021,Notre Dame,away,31,False,them,us,2,2,1,False,False,True,"STANFORD Penalty, Defensive Offside (5 Yards) to the Stanf 28 for a 1ST down"
401282711,2021,Notre Dame,away,31,False,them,them,4,3,1,False,False,False,"STANFORD Penalty, Illegal Motion (-5 Yards) to the Stanf 28"
401282711,2021,Notre Dame,away,31,False,us,us,1,10,2,False,False,True,"NOTRE DAME Penalty, Offensive Holding (-9 Yards) to the Stanf 32"
401282711,2021,Notre Dame,away,31,False,us,us,1,19,2,False,False,True,"NOTRE DAME Penalty, False Start (-5 Yards) to the Stanf 37"
401282711,2021,Notre Dame,away,31,False,them,them,1,10,2,False,False,False,"STANFORD Penalty, Illegal Block (Austin Jones) to the Stanf 41"
401282711,2021,Notre Dame,away,31,False,us,us,4,5,3,False,False,False,"NOTRE DAME Penalty, Delay of Game (-5 Yards) to the NDame 36"
401282711,2021,Notre Dame,away,31,False,them,them,3,15,3,False,False,False,"STANFORD Penalty, False Start (-5 Yards) to the Stanf 9"
401282711,2021,Notre Dame,away,31,False,them,them,2,2,4,False,False,False,"STANFORD Penalty, Offensive Holding (-10 Yards) to the Stanf 22"
401282711,2021,Notre Dame,away,31,False,them,us,4,4,4,False,False,True,"STANFORD Penalty, Defensive Offside (Gabe Reid) to the Stanf 32 for a 1ST down"
401331238,2021,Notre Dame,home,-2,True,us,us,1,10,1,False,False,True,"NOTRE DAME Penalty, False Start (Kevin Austin Jr.) to the NDame 39"
401331238,2021,Notre Dame,home,-2,True,us,us,1,15,1,False,False,True,"NOTRE DAME Penalty, False Start (Jarrett Patterson) to the NDame 34"
401331238,2021,Notre Dame,home,-2,True,us,us,1,10,4,False,False,True,"NOTRE DAME Penalty, False Start (Jarrett Patterson) to the NDame 37"
401404125,2022,Notre Dame,home,-5,True,us,us,1,10,2,False,False,False,"NOTRE DAME Penalty, False Start (-5 Yards) to the NDame 24"
401404125,2022,Notre Dame,home,-5,True,them,us,2,3,2,False,False,True,"MARSHALL Penalty, Defensive Offside (5 Yards) to the Marsh 31 for a 1ST down"
401404125,2022,Notre Dame,home,-5,True,us,us,3,3,4,False,False,False,"NOTRE DAME Penalty, False Start (-5 Yards) to the Marsh 43"
401404125,2022,Notre Dame,home,-5,True,them,us,1,10,4,False,False,True,"MARSHALL Penalty, 12 Men on the Field (5 Yards) to the Marsh 9"
401403987,2022,Notre Dame,home,7,True,us,us,3,1,1,False,False,False,"NOTRE DAME Penalty, False Start (Braden Lenzy) to the NDame 29"
401403987,2022,Notre Dame,home,7,True,us,us,3,3,1,False,False,False,"NOTRE DAME Penalty, False Start (-5 Yards) to the NDame 22"
401403987,2022,Notre Dame,home,7,True,them,us,4,5,2,False,False,True,"GRUPE, Blake field goal attempt from 45 yards NO GOOD (wide left) [kick was spotted at CAL35]. PENALTY CAL Offsides on SMITH, Kyle enforced 5 yards from the CAL"
401403987,2022,Notre Dame,home,7,True,them,them,1,10,2,False,False,True,"OTT, Jaydn rush to the right for a gain of 2 yards to the CAL40 (BRACY, TaRiq;KISER, Jack). PENALTY CAL Holding on COLEMAN, Ben enforced 10 yards from the CAL38"
401403987,2022,Notre Dame,home,7,True,us,us,3,9,2,False,False,False,"NOTRE DAME Penalty, False Start (-5 Yards) to the Cal 49"
401403987,2022,Notre Dame,home,7,True,us,us,3,14,2,False,False,False,"NOTRE DAME Penalty, False Start (-5 Yards) to the NDame 46"
401403987,2022,Notre Dame,home,7,True,them,us,3,4,3,False,False,True,"PYNE, Drew pass to the right incomplete intended for STYLES, Lorenzo thrown to the CAL22. PENALTY CAL Targeting on ANTZOULATOS, Blake enforced half the distance"
401403987,2022,Notre Dame,home,7,True,us,them,2,3,3,False,False,True,"NOTRE DAME Penalty, Unnecessary Roughness (DJ Brown) to the Cal 49 for a 1ST down"
401403987,2022,Notre Dame,home,7,True,them,them,1,10,3,False,False,True,"CALIFORNIA Penalty, False Start (-5 Yards) to the NDame 46"
401403987,2022,Notre Dame,home,7,True,them,them,2,18,4,True,False,False,"CALIFORNIA Penalty, Offensive Pass Interference (Jeremiah Hunter) declined"
401403987,2022,Notre Dame,home,7,True,us,us,4,6,4,False,False,False,"NOTRE DAME Penalty, Delay Of Game (TEAM) to the Cal 43"
401404126,2022,Notre Dame,away,13,False,them,us,1,10,2,False,False,True,"NORTH CAROLINA Penalty, Roughing Passer (15 Yards) to the 50 yard line"
401404126,2022,Notre Dame,away,13,False,us,us,1,10,3,False,False,True,"NOTRE DAME Penalty, False Start (-5 Yards) to the NCaro 20"
401404126,2022,Notre Dame,away,13,False,them,us,4,0,3,False,False,True,"Pyne, Drew pass incomplete to Tyree, Chris, PENALTY UNC pass interference 1 yards to the UNC2, NO PLAY, 1ST DOWN NOTREDAME."
401404126,2022,Notre Dame,away,13,False,them,us,1,0,3,False,False,True,"NORTH CAROLINA Penalty, Unsportsmanlike Conduct (TEAM) to the NCaro 1"
401404126,2022,Notre Dame,away,13,False,them,them,1,10,3,False,False,True,"NORTH CAROLINA Penalty, Encroachment (-5 Yards) to the NCaro 20"
401404126,2022,Notre Dame,away,13,False,them,us,2,0,4,False,False,True,"Pyne, Drew pass incomplete to Styles, Lorenzo, PENALTY UNC pass interference 3 yards to the UNC2, NO PLAY, 1ST DOWN NOTREDAME."
401404126,2022,Notre Dame,away,13,False,us,them,4,1,4,False,False,True,"NOTRE DAME Penalty, Defensive Offside (6 Yards) to the NDame 9 for a 1ST down"
401404126,2022,Notre Dame,away,13,False,them,them,3,7,4,False,False,True,"Maye, Drake pass complete to Pettaway, George for 3 yards to the NOTREDAME47, PENALTY UNC personal foul 14 yards to the UNC36, NO PLAY."
401404126,2022,Notre Dame,away,13,False,them,them,4,0,4,False,False,True,"NORTH CAROLINA Penalty, Unsportsmanlike Conduct (-15 Yards) to the NDame 18"
401404127,2022,Notre Dame,home,8,True,them,them,0,0,1,False,False,True,"BYU Penalty, Delay Of Game (Kody Epps) to the NDame 8"
401404128,2022,Notre Dame,home,23,False,them,them,3,10,1,False,False,False,"UNLV Penalty, False Start (-5 Yards) to the UNLV 20"
401404128,2022,Notre Dame,home,23,False,them,them,3,11,1,True,False,False,"UNLV Penalty, Offensive Holding ( Yards) declined"
401404128,2022,Notre Dame,home,23,False,them,us,1,10,2,True,False,False,"UNLV Penalty, Defensive Pass Interference (Fred Thompkins) declined for a 1ST down"
401404128,2022,Notre Dame,home,23,False,us,us,2,3,2,False,False,False,"NOTRE DAME Penalty, False Start (-5 Yards) to the UNLV 21"
401404128,2022,Notre Dame,home,23,False,them,them,2,5,3,False,False,False,"UNLV Penalty, False Start (Kyle Williams) to the UNLV 25"
401404128,2022,Notre Dame,home,23,False,them,them,3,11,3,True,False,False,"UNLV Penalty, Offensive Holding (Daviyon McDaniel) declined"
401404128,2022,Notre Dame,home,23,False,us,them,4,11,3,False,False,False,"NOTRE DAME Penalty, Offsides (TEAM) to the NDame 49"
401404129,2022,Notre Dame,away,17,False,us,them,1,10,1,False,False,True,"NOTRE DAME Penalty, Unsportsmanlike Conduct (-15 Yards) to the NDame 20"
401404129,2022,Notre Dame,away,17,False,us,us,2,4,1,False,False,False,"NOTRE DAME Penalty, False Start (Jayden Thomas) to the Syrac 44"
401404129,2022,Notre Dame,away,17,False,us,us,3,6,1,False,False,False,"NOTRE DAME Penalty, False Start (-6 Yards) to the Syrac 46"
401404129,2022,Notre Dame,away,17,False,us,them,1,10,1,False,False,False,"NOTRE DAME Penalty, Defensive Holding (10 Yards) to the Syrac 18 for a 1ST down"
401404129,2022,Notre Dame,away,17,False,us,them,1,10,2,False,False,False,"NOTRE DAME Penalty, Defensive Offside (5 Yards) to the Syrac 45"
401404129,2022,Notre Dame,away,17,False,them,us,1,10,4,False,False,True,"SYRACUSE Penalty, Defensive Pass Interference (15 Yards) to the Syrac 11 for a 1ST down"
401404129,2022,Notre Dame,away,17,False,them,them,1,10,4,False,False,True,"SYRACUSE Penalty, False Start (-5 Yards) to the Syrac 32"
401404129,2022,Notre Dame,away,17,False,us,them,3,10,4,False,False,True,"NOTRE DAME Penalty, Defensive Offside (5 Yards) to the NDame 31"
401404131,2022,Notre Dame,away,3,True,them,us,1,10,1,False,False,True,"Pyne, Drew pass incomplete to Thomas, Jayden, PENALTY NAVY roughing passer (Marshall, John) 15 yards to the NAVY38, NO PLAY, 1ST DOWN NOTREDAME."
401404131,2022,Notre Dame,away,3,True,us,us,1,10,1,False,False,True,"NOTRE DAME Penalty, Delay of Game (-5 Yards) to the NDame 12"
401404131,2022,Notre Dame,away,3,True,them,them,1,10,2,False,False,True,"NAVY Penalty, False Start (Sam Glover) to the Navy 15"
401404131,2022,Notre Dame,away,3,True,us,us,4,11,3,False,False,False,"NOTRE DAME Penalty, False Start (Prince Kollie) to the NDame 19"
401404131,2022,Notre Dame,away,3,True,us,us,4,22,4,False,False,False,"NOTRE DAME Penalty, Delay of Game (-5 Yards) to the NDame 49"
401404131,2022,Notre Dame,away,3,True,them,them,2,1,4,False,False,True,"NAVY Penalty, False Start (Sam Glover) to the Navy 26"
401404131,2022,Notre Dame,away,3,True,them,them,1,10,4,False,False,True,"NAVY Penalty, False Start (Kip Frankland) to the Navy 31"
401404131,2022,Notre Dame,away,3,True,us,them,1,10,4,False,False,True,"NOTRE DAME Penalty, Illegal Formation (5 Yards) to the NDame 29"
401404132,2022,Notre Dame,home,44,False,us,us,4,1,2,False,False,True,"NOTRE DAME Penalty, False Start (Josh Lugg) to the BC 28"
401404132,2022,Notre Dame,home,44,False,them,them,2,9,3,False,False,False,"BOSTON COLLEGE Penalty, False Start (Jack Conley) to the BC 35"
401404132,2022,Notre Dame,home,44,False,them,them,4,11,3,False,False,False,"BOSTON COLLEGE Penalty, Delay Of Game (Jaelen Gill) to the NDame 34"
401404132,2022,Notre Dame,home,44,False,us,them,2,8,4,False,False,False,"NOTRE DAME Penalty, Personal Foul (Jason Onye) to the NDame 34 for a 1ST down"
401404133,2022,Notre Dame,away,-11,False,them,them,2,0,1,False,False,True,"Williams, Mario pass incomplete to Williams, Caleb, PENALTY USC pass interference (Williams, Caleb) 15 yards to the NOTREDAME20, NO PLAY."
401404133,2022,Notre Dame,away,-11,False,them,us,1,10,4,False,False,True,"Pyne, Drew pass incomplete to Thomas, Jayden, PENALTY USC holding (Blackmon, Mekhi) 10 yards to the USC11, NO PLAY, 1ST DOWN NOTREDAME."
401404133,2022,Notre Dame,away,-11,False,them,them,3,1,4,False,False,False,"USC Penalty, False Start (Malcolm Epps) to the USC 29"
401404133,2022,Notre Dame,away,-11,False,them,them,2,1,4,False,False,False,"Jones, Austin rush for 4 yards to the NOTREDAME18, PENALTY USC holding (Monheim, Jonah) 10 yards to the NOTREDAME32, NO PLAY."
401404133,2022,Notre Dame,away,-11,False,them,them,2,11,4,False,False,False,"USC Penalty, Delay of Game (-5 Yards) to the NDame 37"
401404133,2022,Notre Dame,away,-11,False,them,them,2,16,4,False,False,False,"Williams, Caleb pass incomplete to Jones, Austin, PENALTY USC holding (Monheim, Jonah) 10 yards to the NOTREDAME47, NO PLAY."
401442036,2022,Notre Dame,away,7,True,us,us,2,10,1,False,False,True,"NOTRE DAME Penalty, Illegal Motion (-5 Yards) to the SCaro 45"
401442036,2022,Notre Dame,away,7,True,us,us,2,8,2,False,False,True,"NOTRE DAME Penalty, Delay of Game (-5 Yards) to the SCaro 45"
401442036,2022,Notre Dame,away,7,True,them,them,1,10,2,False,False,False,"SOUTH CAROLINA Penalty, Unsportsmanlike Conduct (-15 Yards) to the SCaro 20"
401442036,2022,Notre Dame,away,7,True,them,them,4,10,3,False,False,False,"SOUTH CAROLINA Penalty, Failure to Wear Required Equipment (-5 Yards) to the NDame 46"
401442036,2022,Notre Dame,away,7,True,them,them,4,10,3,False,False,False,"SOUTH CAROLINA Penalty, Delay of Game (-5 Yards) to the SCaro 15"
401442036,2022,Notre Dame,away,7,True,them,them,4,5,4,False,False,False,"SOUTH CAROLINA Penalty, Delay of Game (-5 Yards) to the SCaro 25"
401525434,2023,Notre Dame,home,39,False,them,them,2,3,2,False,False,False,"Navy Penalty, False Start (-5 Yards) to the NAVY 27"
401525434,2023,Notre Dame,home,39,False,them,us,2,10,2,False,False,True,"Navy Penalty, Defensive Pass Interference (15 Yards) to the NAVY 14 for a 1ST down"
401525435,2023,Notre Dame,home,53,False,them,them,1,5,2,False,False,False,"Tennessee State Penalty, False Start (-5 Yards) to the ND 10"
401525435,2023,Notre Dame,home,53,False,them,them,3,8,2,False,False,False,"Tennessee State Penalty, False Start (Jalen Rouse) to the ND 13"
401525435,2023,Notre Dame,home,53,False,us,us,4,2,3,False,False,False,"Notre Dame Penalty, False Start (Pat Coogan) to the ND 46"
401525435,2023,Notre Dame,home,53,False,them,them,1,10,3,False,False,False,"Tennessee State Penalty, Personal Foul (Romello Tarver) to the TNST 25"
401525436,2023,Notre Dame,away,21,False,them,them,2,10,1,False,False,False,"NC State Penalty, False Start (Christopher Toudle) to the NCSU 46"
401525436,2023,Notre Dame,away,21,False,us,them,4,4,2,False,False,False,"Notre Dame Penalty, Defensive Offside (Jack Kiser) to the NCSU 36 for a 1ST down"
401525436,2023,Notre Dame,away,21,False,them,them,2,9,2,False,False,False,"Armstrong, Brennan pass incomplete to Allen, Michael, PENALTY NCSU holding (Belton, Anthony) 10 yards to the NCSU27, NO PLAY."
401525436,2023,Notre Dame,away,21,False,them,them,4,5,2,False,False,False,"NC State Penalty, False Start (Caden Fordham) to the NCSU 33"
401525436,2023,Notre Dame,away,21,False,us,us,2,3,2,False,False,False,"Notre Dame Penalty, False Start (Pat Coogan) to the ND 24"
401525436,2023,Notre Dame,away,21,False,us,them,2,6,3,False,False,False,"Notre Dame Penalty, Defensive Offside (Howard Cross III) to the NCSU 34"
401525436,2023,Notre Dame,away,21,False,them,them,3,1,3,False,False,False,"NC State Penalty, False Start (Keyon Lesane) to the ND 48"
401525436,2023,Notre Dame,away,21,False,them,them,2,10,3,False,False,False,"NC State Penalty, False Start (-5 Yards) to the ND 22"
401525436,2023,Notre Dame,away,21,False,them,them,1,10,4,False,False,False,"NC State Penalty, False Start (Anthony Belton) to the NCSU 21"
401525436,2023,Notre Dame,away,21,False,them,them,1,15,4,False,False,False,"Armstrong, Brennan pass complete to Timmons Jr., Terrell for 6 yards to the NCSU27, PENALTY NCSU pass interference (Pennix, Trent) 10 yards to the NCSU11, NO PL"
401525437,2023,Notre Dame,home,24,False,us,them,1,10,2,False,False,False,"Notre Dame Penalty, Roughing the Passer on MILLS, Rylie enforced (Rylie Mills) to the ND 20 for a 1ST down"
401525437,2023,Notre Dame,home,24,False,them,them,2,8,3,False,False,False,"BAILEY, Myles rush to the left for a gain of 9 yards to the UND45 (KISER, Jack;CROSS III, Howard). PENALTY CMU Holding on SERAPIGLIA III, Dominic enforced 10 ya"
401525437,2023,Notre Dame,home,24,False,them,them,1,10,3,False,False,True,"QB Keeper BAUER, Jase rush to the left for a gain of 5 yards to the UND39 (OSAFO-MENSAH, Nana). PENALTY CMU Holding on KLIMCZAK, Cade enforced 10 yards from the"
401525438,2023,Notre Dame,away,7,True,us,us,2,10,1,False,False,True,"Notre Dame Penalty, False Start (Zeke Correll) to the ND 42"
401525438,2023,Notre Dame,away,7,True,us,us,2,8,1,False,False,False,"Notre Dame Penalty, False Start (Zeke Correll) to the ND 17"
401525438,2023,Notre Dame,away,7,True,us,us,4,4,1,False,False,False,"Notre Dame Penalty, False Start (Billy Schrauth) to the DUKE 40"
401525438,2023,Notre Dame,away,7,True,us,us,3,6,1,False,False,True,"Notre Dame Penalty, False Start (Rico Flores Jr.) to the DUKE 14"
401525438,2023,Notre Dame,away,7,True,us,us,4,3,3,False,False,True,"Notre Dame Penalty, Delay of Game (-5 Yards) to the DUKE 27"
401525438,2023,Notre Dame,away,7,True,us,us,1,10,4,False,False,True,"Notre Dame Penalty, False Start (Tobias Merriweather) to the ND 3"
401525438,2023,Notre Dame,away,7,True,them,us,1,12,4,False,False,True,"Hartman, Sam pass incomplete to Flores Jr., Rico, PENALTY DUKE pass interference (Pickett, Joshua) 13 yards to the NOTREDAME16, NO PLAY, 1ST DOWN NOTREDAME."
401525439,2023,Notre Dame,away,-13,False,them,them,2,0,1,False,False,True,"Louisville Penalty, Ineligible Downfield on Pass (-5 Yards) to the ND 9"
401525439,2023,Notre Dame,away,-13,False,us,us,3,1,2,False,False,False,"Notre Dame Penalty, False Start (-5 Yards) to the ND 38"
401525439,2023,Notre Dame,away,-13,False,them,us,4,3,2,False,False,False,"Louisville Penalty, Defensive Offside (5 Yards) to the ND 46 for a 1ST down"
401525439,2023,Notre Dame,away,-13,False,them,them,4,3,2,False,False,False,"Louisville Penalty, False Start (-5 Yards) to the LOU 49"
401525439,2023,Notre Dame,away,-13,False,us,us,1,10,3,False,False,True,"Notre Dame Penalty, Face Mask (15 yards) (-15 Yards) to the ND 22"
401525439,2023,Notre Dame,away,-13,False,them,them,3,10,4,False,False,True,"Louisville Penalty, Delay of Game (-5 Yards) to the LOU 44"
401525439,2023,Notre Dame,away,-13,False,them,them,1,0,4,False,False,True,"Louisville Penalty, False Start (Austin Collins) to the ND 15"
401525439,2023,Notre Dame,away,-13,False,them,us,2,10,4,False,False,True,"Louisville Penalty, Roughing Passer (10 Yards) to the LOU 11 for a 1ST down"
401524031,2023,Notre Dame,home,28,False,them,them,2,6,1,False,False,False,"USC Penalty, False Start (-5 Yards) to the USC 33"
401524031,2023,Notre Dame,home,28,False,them,them,1,10,1,False,False,True,"WILLIAMS, Caleb pass to the right complete for 13 yards to SINGER, Dorian caught at the UND11 and advanced to the UND11, out of bounds. PENALTY USC Pass Interfe"
401524031,2023,Notre Dame,home,28,False,us,them,1,25,1,False,False,True,"Notre Dame Penalty, Personal Foul (Benjamin Morrison) to the ND 14 for a 1ST down"
401524031,2023,Notre Dame,home,28,False,them,them,2,10,2,False,False,False,"QB Keeper WILLIAMS, Caleb rush up the middle for a gain of 38 yards to the UND0, TOUCHDOWN USC, score nullified by penalty, clock 07:39 (Play was confirmed afte"
401524031,2023,Notre Dame,home,28,False,them,us,1,10,3,False,False,False,"WILLIAMS, Caleb pass short to the left complete for 10 yards to WASHINGTON, Tahj caught at the USC45 and advanced to the UND47 (LIUFAU, Marist), out of bounds. "
401524031,2023,Notre Dame,home,28,False,them,them,4,18,3,False,False,False,"USC Penalty, False Start (Jac Casasante) to the USC 39"
401524031,2023,Notre Dame,home,28,False,them,them,2,11,4,False,False,False,"USC Penalty, False Start (Jonah Monheim) to the USC 5"
401524031,2023,Notre Dame,home,28,False,them,them,3,12,4,False,False,False,"USC Penalty, False Start (Dorian Singer) to the USC 14"
401525440,2023,Notre Dame,home,51,False,them,them,1,10,1,False,False,False,"Pittsburgh Penalty, False Start (-5 Yards) to the PITT 28"
401525440,2023,Notre Dame,home,51,False,them,them,1,10,2,False,False,False,"Pittsburgh Penalty, Personal Foul (Bub Means) to the PITT 40"
401525440,2023,Notre Dame,home,51,False,them,them,1,10,2,False,False,False,"Pittsburgh Penalty, False Start (Bub Means) to the PITT 20"
401525440,2023,Notre Dame,home,51,False,us,them,1,10,3,False,False,False,"Notre Dame Penalty, False Start (Mitchell Evans) to the 50 yard line"
401525440,2023,Notre Dame,home,51,False,us,us,4,2,3,False,False,True,"Notre Dame Penalty, Personal Foul (Blake Fisher) to the PITT 47 for a 1ST down"
401525440,2023,Notre Dame,home,51,False,them,them,4,2,4,False,False,False,"Pittsburgh Penalty, False Start (Terrence Enos Jr.) to the ND 38"
401525442,2023,Notre Dame,home,38,False,them,us,2,5,3,False,False,True,"Wake Forest Penalty, Face mask (15 yards) (Nick Andersen) to the WAKE 20 for a 1ST down"
401525442,2023,Notre Dame,home,38,False,them,them,2,10,3,False,False,False,"Wake Forest Penalty, Delay Of Game (Caelen Carson) to the WAKE 48"
401525442,2023,Notre Dame,home,38,False,them,us,1,10,4,False,False,True,"Wake Forest Penalty, Unnecessary Roughness (Nick Andersen) to the ND 43 for a 1ST down"
401524065,2023,Notre Dame,away,33,False,us,them,1,10,2,False,False,False,"Notre Dame Penalty, Offensive Holding (Nana Osafo-Mensah) to the ND 44 for a 1ST down"
401524065,2023,Notre Dame,away,33,False,them,them,1,10,4,False,False,True,"Stanford Penalty, Delay Of Game (Ari Patu) to the ND 15"
401524065,2023,Notre Dame,away,33,False,us,us,1,10,4,False,False,False,"Notre Dame Penalty, False Start (Xavier Watts) to the STAN 19"
401551798,2023,Notre Dame,home,32,False,them,them,1,10,2,False,False,False,"Oregon State Penalty, Offensive Holding (Jacob Strand) to the ND 48"
401551798,2023,Notre Dame,home,32,False,us,us,1,10,3,False,False,True,"Notre Dame Penalty, Delay of Game (-5 Yards) to the ND 37"
401551798,2023,Notre Dame,home,32,False,us,us,2,10,3,False,False,True,"Notre Dame Penalty, Delay of Game (-5 Yards) to the ORST 33"
401628332,2024,Notre Dame,away,10,False,us,them,3,7,1,False,False,True,"Notre Dame Penalty, Defensive Offside (Boubacar Traore) to the TA&M 48"
401628332,2024,Notre Dame,away,10,False,us,them,2,8,1,False,False,True,"Notre Dame Penalty, Defensive Offside (Rylie Mills) to the ND 42"
401628332,2024,Notre Dame,away,10,False,us,them,3,10,1,False,False,False,"Notre Dame Penalty, Defensive Pass Interference (Christian Gray) to the TA&M 40 for a 1ST down"
401628332,2024,Notre Dame,away,10,False,them,them,3,1,1,False,False,False,"Texas A&M Penalty, False Start (Jahdae Walker) to the TA&M 44"
401628332,2024,Notre Dame,away,10,False,them,them,3,3,2,False,False,True,"Texas A&M Penalty, False Start (-5 Yards) to the ND 37"
401628332,2024,Notre Dame,away,10,False,them,us,3,5,2,False,False,True,"Texas A&M Penalty, Defensive Pass Interference (Tyreek Chappell) to the TA&M 9 for a 1ST down"
401628332,2024,Notre Dame,away,10,False,us,us,1,10,2,False,False,False,"Notre Dame Penalty, False Start (-5 Yards) to the TA&M 46"
401628332,2024,Notre Dame,away,10,False,us,us,1,10,2,False,False,False,"Notre Dame Penalty, Offensive Holding (Anthonie Knapp) to the ND 39"
401628332,2024,Notre Dame,away,10,False,us,us,1,10,3,False,False,True,"Notre Dame Penalty, Offensive Pass Interference (-15 Yards) to the ND 42"
401628332,2024,Notre Dame,away,10,False,them,them,4,5,3,False,False,False,"Texas A&M Penalty, False Start (Dametrious Crownover) to the 50 yard line"
401628332,2024,Notre Dame,away,10,False,us,them,1,0,4,False,False,True,"Notre Dame Penalty, Defensive Pass Interference (Jaden Mickey) to the ND 2 for a 1ST down"
401628332,2024,Notre Dame,away,10,False,us,us,3,13,4,False,False,False,"Notre Dame Penalty, False Start (Sam Pendleton) to the ND 27"
401628332,2024,Notre Dame,away,10,False,them,them,1,10,4,False,False,False,"Texas A&M Penalty, Offensive Holding (-10 Yards) to the TA&M 18"
401628977,2024,Notre Dame,home,-2,True,them,them,3,3,3,False,False,False,"Northern Illinois Penalty, Offensive Holding (-10 Yards) to the NIU 49"
401628978,2024,Notre Dame,away,59,False,us,us,4,3,1,False,False,False,"Notre Dame Penalty, Illegal Snap on KROS, Andrew enforced (-5 Yards) to the ND 22"
401628978,2024,Notre Dame,away,59,False,them,us,1,10,1,False,False,False,"(08:45) CARD, Hudson pass to the right complete for 12 yards to BIBER, Drew caught at the NDU45 and advanced to the NDU45, out of bounds. PENALTY PUR Holding on"
401628978,2024,Notre Dame,away,59,False,us,them,1,10,1,False,False,False,"Notre Dame Penalty, Delay Of Game (Riley Leonard) to the ND 13"
401628978,2024,Notre Dame,away,59,False,them,them,2,7,4,False,False,False,"MOCKOBEE, Devin rush to the left for no gain to the PUR27 (VILIAMU-ASA, Kyngstonn). PENALTY PUR Holding on STEWART, Corey enforced 10 yards from the PUR27 to th"
401628978,2024,Notre Dame,away,59,False,them,us,1,10,4,False,False,True,"MINCHEY, Kenny pass deep to the right incomplete intended for GILBERT, Micah broken up by BROWN, Markevious at the PUR0. PENALTY PUR Pass Interference on BROWN,"
401628978,2024,Notre Dame,away,59,False,them,them,2,8,4,False,False,False,"MOCKOBEE, Devin rush to the left for a gain of 8 yards to the PUR37 (MINICH, Ben;VILIAMU-ASA, Kyngstonn). PENALTY PUR Holding on GRANT, Jalen enforced 10 yards "
401628978,2024,Notre Dame,away,59,False,them,them,2,18,4,False,False,False,"Purdue Penalty, False Start (Tarrion Grant) to the PUR 14"
401628978,2024,Notre Dame,away,59,False,them,them,3,20,4,False,False,False,"LOVE III, Reggie rush to the right for a gain of 13 yards to the PUR30 (TALICH, Luke). PENALTY PUR Holding on KLARE, Max enforced half the distance from the goa"
401628979,2024,Notre Dame,home,25,False,us,us,2,8,1,False,False,False,"Notre Dame Penalty, False Start (Sam Pendleton) to the ND 3"
401628979,2024,Notre Dame,home,25,False,them,them,2,3,1,False,False,False,"Miami (OH) Penalty, False Start (Will Jados) to the ND 48"
401628979,2024,Notre Dame,home,25,False,them,them,2,7,2,False,False,True,"Miami (OH) Penalty, False Start (Reggie Virgil) to the ND 12"
401628979,2024,Notre Dame,home,25,False,them,them,3,13,2,False,False,False,"Miami (OH) Penalty, Illegal Substitution (Reggie Virgil) to the M-OH 39"
401628979,2024,Notre Dame,home,25,False,them,them,4,4,2,False,False,False,"Miami (OH) Penalty, False Start (Oscar McWood) to the M-OH 42"
401628979,2024,Notre Dame,home,25,False,us,them,4,11,2,False,False,False,"Notre Dame Penalty, Unsportsmanlike Conduct (Adon Shuler) to the M-OH 39 for a 1ST down"
401628979,2024,Notre Dame,home,25,False,us,us,1,10,3,False,False,False,"Notre Dame Penalty, False Start (Sam Pendleton) to the ND 27"
401628980,2024,Notre Dame,home,7,True,them,them,2,6,1,False,False,True,"Louisville Penalty, Illegal Substitution (Isaac Brown) to the ND 25"
401628980,2024,Notre Dame,home,7,True,us,them,1,10,3,False,False,False,"Notre Dame Penalty, Unsportsmanlike Conduct (15 Yards) to the LOU 25 for a 1ST down"
401628980,2024,Notre Dame,home,7,True,them,them,3,14,3,False,False,False,"Louisville Penalty, False Start (Monroe Mills) to the ND 47"
401628980,2024,Notre Dame,home,7,True,us,us,2,7,3,False,False,False,"Notre Dame Penalty, False Start (Rocco Spindler) to the ND 32"
401628980,2024,Notre Dame,home,7,True,us,us,1,10,4,False,False,True,"Notre Dame Penalty, False Start (Rocco Spindler) to the ND 20"
401628980,2024,Notre Dame,home,7,True,them,them,4,1,4,False,False,False,"Louisville Penalty, Delay Of Game (TEAM) to the LOU 49"
401628981,2024,Notre Dame,home,42,False,them,us,3,6,3,False,False,True,"(07:04) LEONARD, Riley pass to the right incomplete intended for SMITH, KK thrown to the STAN48, clock 06:56. PENALTY STAN Roughing the Passer on COOPER, Ernest"
401628981,2024,Notre Dame,home,42,False,them,them,3,1,3,False,False,False,"Stanford Penalty, False Start (-5 Yards) to the STAN 29"
401628981,2024,Notre Dame,home,42,False,them,them,3,6,4,False,False,False,"Stanford Penalty, False Start (-5 Yards) to the STAN 24"
401628982,2024,Notre Dame,away,18,False,us,them,1,3,1,False,False,True,"Notre Dame Penalty, Delay Of Game (TEAM) to the ND 1"
401628982,2024,Notre Dame,away,18,False,them,them,4,2,2,False,False,False,"Georgia Tech Penalty, Illegal Substitution (-5 Yards) to the GT 34"
401628982,2024,Notre Dame,away,18,False,us,us,1,10,2,False,False,True,"Notre Dame Penalty, False Start (Mitchell Evans) to the GT 34"
401628982,2024,Notre Dame,away,18,False,them,them,2,10,3,False,False,False,"Georgia Tech Penalty, False Start (Joe Fusile) to the GT 39"
401628982,2024,Notre Dame,away,18,False,them,them,2,15,3,False,False,False,"Georgia Tech Penalty, False Start (Weston Franklin) to the GT 34"
401628982,2024,Notre Dame,away,18,False,us,us,3,13,4,False,False,False,"Notre Dame Penalty, False Start (Rocco Spindler) to the GT 30"
401628982,2024,Notre Dame,away,18,False,them,them,1,10,4,False,False,True,"Georgia Tech Penalty, False Start (Weston Franklin) to the GT 27"
401628982,2024,Notre Dame,away,18,False,us,them,4,7,4,False,False,True,"Notre Dame Penalty, Personal Foul (15 Yards) to the ND 28 for a 1ST down"
401628983,2024,Notre Dame,away,37,False,us,us,3,0,1,False,False,True,"Notre Dame Penalty, False Start (-5 Yards) to the NAVY 6"
401628983,2024,Notre Dame,away,37,False,them,them,2,6,1,False,False,False,"Heidenreich, Eli rush for 7 yards to the NOTREDAME32, PENALTY NAVY illegal block 15 yards to the NAVY46, NO PLAY."
401628983,2024,Notre Dame,away,37,False,them,them,4,5,3,False,False,True,"Gossett, Lance kickoff 56 yards to the NOTREDAME9, Harrison, Jayden return 16 yards to the NOTREDAME25, PENALTY NAVY offside 5 yards to the NAVY30, NO PLAY."
401628983,2024,Notre Dame,away,37,False,them,them,4,10,3,False,False,True,"Navy Penalty, Delay of Game (-5 Yards) to the NAVY 25"
401628983,2024,Notre Dame,away,37,False,them,them,4,2,4,False,False,False,"Navy Penalty, False Start (Nathan Kent) to the ND 17"
401628983,2024,Notre Dame,away,37,False,them,us,2,10,4,False,False,False,"Angeli, Steve pass sacked for loss of 9 yards to the NOTREDAME11 (Ramos, Colin), PENALTY NAVY holding 10 yards to the NOTREDAME30, NO PLAY, 1ST DOWN NOTREDAME."
401628983,2024,Notre Dame,away,37,False,us,us,1,0,4,False,False,True,"Notre Dame Penalty, False Start (-5 Yards) to the NAVY 7"
401628984,2024,Notre Dame,home,49,False,them,them,2,6,1,False,False,True,"Florida State Penalty, False Start (-5 Yards) to the FSU 19"
401628984,2024,Notre Dame,home,49,False,them,us,2,6,2,False,False,False,"(04:43) LEONARD, Riley pass up the middle incomplete intended for RARIDON, Eli thrown to the FSU26; QB hurried by BARKER, Ashlynd, clock 04:40. PENALTY FSU Pass"
401628984,2024,Notre Dame,home,49,False,them,us,1,10,2,False,False,True,"(01:10) LEONARD, Riley pass to the left complete for 7 yards to WILLIAMS, Aneyas caught at the UND45 and advanced to the UND45, End of Play, clock 01:08. PENALT"
401628984,2024,Notre Dame,home,49,False,them,them,2,2,3,False,False,False,"Florida State Penalty, False Start (Ja'Khi Douglas) to the FSU 28"
401628984,2024,Notre Dame,home,49,False,them,us,2,6,3,False,False,True,"Florida State Penalty, Roughing the Passer on LITTLE JR., Earl enforced (Earl Little Jr.) to the FSU 15 for a 1ST down"
401628984,2024,Notre Dame,home,49,False,them,us,2,10,4,False,False,True,"(12:47) LEONARD, Riley pass deep to the left incomplete intended for GREATHOUSE, Jaden thrown to the FSU24, clock 12:43. PENALTY FSU Pass Interference on KNOWLE"
401628984,2024,Notre Dame,home,49,False,us,them,1,10,4,False,False,True,"Notre Dame Penalty, Offsides (5 Yards) to the FSU 30"
401628985,2024,Notre Dame,home,21,False,them,them,1,10,1,False,False,False,"Virginia Penalty, False Start (Ethan Davies) to the UVA 33"
401628985,2024,Notre Dame,home,21,False,them,us,1,10,2,False,False,False,"Virginia Penalty, False Start (-5 Yards) to the UVA 10"
401628985,2024,Notre Dame,home,21,False,them,us,2,7,2,False,False,True,"Virginia Penalty, Defensive Holding (Michael Diatta) to the UVA 44 for a 1ST down"
401628985,2024,Notre Dame,home,21,False,them,them,1,10,2,False,False,False,"(01:41) COLANDREA, Anthony pass to the left incomplete thrown to the UND48, clock 01:35. PENALTY UVA Holding on STEEN, Blake enforced 10 yards from the UVA41 to"
401628985,2024,Notre Dame,home,21,False,us,us,1,10,3,False,False,False,"Notre Dame Penalty, Offensive Holding (-10 Yards) to the ND 20"
401628985,2024,Notre Dame,home,21,False,us,us,3,8,3,False,False,False,"Notre Dame Penalty, False Start (Aneyas Williams) to the ND 20"
401628985,2024,Notre Dame,home,21,False,them,them,1,10,4,False,False,True,"Virginia Penalty, False Start (Sackett Wood Jr.) to the ND 47"
401628985,2024,Notre Dame,home,21,False,us,them,3,1,4,False,False,True,"Notre Dame Penalty, Personal Foul (Kobi Onyiuke) to the ND 14 for a 1ST down"
401640959,2024,Notre Dame,home,35,False,us,them,4,1,1,False,False,True,"Notre Dame Penalty, Defensive Offside (Jaylen Sneed) to the ND 28 for a 1ST down"
401640959,2024,Notre Dame,home,35,False,them,them,3,12,2,False,False,False,"Daily, Bryson pass complete to Reed, Hayden for 16 yards to the ARMY39, PENALTY ARMY personal foul 11 yards to the ARMY12, NO PLAY."
401640959,2024,Notre Dame,home,35,False,us,us,3,6,2,False,False,False,"Notre Dame Penalty, False Start (Sullivan Absher) to the ARMY 30"
401640959,2024,Notre Dame,home,35,False,them,us,1,10,3,False,False,True,"Army Penalty, Personal Foul (Trey Sofia) to the 50 yard line"
401628571,2024,Notre Dame,away,14,False,them,them,2,1,1,False,False,False,"USC Penalty, False Start (-5 Yards) to the USC 24"
401628571,2024,Notre Dame,away,14,False,them,us,2,2,2,False,False,True,"(01:16) LEONARD, Riley pass deep up the middle incomplete intended for HARRISON, Jayden thrown to the USC30; QB hurried by CLIFTON, Nate, clock 01:11. PENALTY U"
401628571,2024,Notre Dame,away,14,False,us,them,1,10,2,False,False,True,"(00:32) MAIAVA, Jayden pass deep to the right incomplete intended for LANE, Ja'Kobi thrown to the ND1, clock 00:27. PENALTY ND Pass Interference on GRAY, Christ"
401628571,2024,Notre Dame,away,14,False,us,them,3,8,3,False,False,True,"(11:12) MAIAVA, Jayden pass deep to the left incomplete intended for LEMON, Makai thrown to the ND15, clock 11:07. PENALTY ND Pass Interference on GRAY, Christi"
401628571,2024,Notre Dame,away,14,False,them,us,2,1,3,False,False,True,"USC Penalty, Face mask (15 yards) (Greedy Vance Jr.) to the USC 28 for a 1ST down"
401628571,2024,Notre Dame,away,14,False,them,them,2,1,4,False,False,True,"USC Penalty, False Start (Lake McRee) to the ND 5"
401628571,2024,Notre Dame,away,14,False,them,us,3,3,4,False,False,False,"(07:28) LEONARD, Riley pass deep to the left incomplete intended for FAISON, Jordan thrown to the USC45, clock 07:22. PENALTY USC Holding on COVINGTON, Jacobe e"
401628571,2024,Notre Dame,away,14,False,us,us,1,10,4,False,False,False,"Notre Dame Penalty, Unsportsmanlike Conduct (TEAM) to the ND 28"
401677179,2024,Notre Dame,home,10,False,us,them,1,10,1,False,False,False,"Indiana Penalty, Offensive Holding (-10 Yards) to the IU 49"
401677179,2024,Notre Dame,home,10,False,us,us,1,10,1,False,False,True,"Notre Dame Penalty, False Start (-5 Yards) to the IU 36"
401677179,2024,Notre Dame,home,10,False,us,them,1,10,2,False,False,True,"Notre Dame Penalty, Defensive Holding (10 Yards) to the ND 39 for a 1ST down"
401677179,2024,Notre Dame,home,10,False,us,us,1,10,3,False,False,False,"Notre Dame Penalty, Delay of Game (-5 Yards) to the ND 48"
401677179,2024,Notre Dame,home,10,False,us,them,2,18,3,False,False,False,"Notre Dame Penalty, Defensive Offside (5 Yards) to the IU 9"
401677179,2024,Notre Dame,home,10,False,us,us,4,8,3,False,False,True,"Notre Dame Penalty, False Start (-5 Yards) to the IU 15"
401677179,2024,Notre Dame,home,10,False,us,them,4,3,3,False,False,False,"Indiana Penalty, False Start (-5 Yards) to the IU 27"
401677179,2024,Notre Dame,home,10,False,us,us,1,10,4,False,False,False,"Indiana Penalty, Defensive Offside (5 Yards) to the IU 18"
401677179,2024,Notre Dame,home,10,False,us,them,2,10,4,False,False,True,"Notre Dame Penalty, Defensive Offside (5 Yards) to the ND 41"
401754522,2025,Notre Dame,away,-3,True,them,them,3,8,2,False,False,False,"Miami Penalty, Offensive Holding (Samson Okunlola) to the MIA 26"
401754522,2025,Notre Dame,away,-3,True,them,them,1,10,3,False,False,True,"Miami Penalty, Delay of Game (-5 Yards) to the MIA 20"
401754522,2025,Notre Dame,away,-3,True,us,us,1,10,3,False,False,True,"Notre Dame Penalty, Offensive Holding (-10 Yards) to the MIA 24"
401754522,2025,Notre Dame,away,-3,True,them,us,1,20,3,False,False,True,"Miami Penalty, Defensive Pass Interference (11 Yards) to the MIA 13 for a 1ST down"
401754522,2025,Notre Dame,away,-3,True,them,them,2,4,4,False,False,False,"Miami Penalty, Offensive Holding (Anez Cooper) to the MIA 21"
401754522,2025,Notre Dame,away,-3,True,us,them,1,10,4,False,False,True,"Notre Dame Penalty, Defensive Pass Interference (Christian Gray) to the ND 47 for a 1ST down"
401754522,2025,Notre Dame,away,-3,True,us,us,3,23,4,False,False,False,"Notre Dame Penalty, False Start (-5 Yards) to the ND 19"
401752707,2025,Notre Dame,home,-1,True,them,them,1,10,1,False,False,True,"Texas A&M Penalty, Offensive Holding (Dametrious Crownover) to the TA&M 25"
401752707,2025,Notre Dame,home,-1,True,them,them,1,10,1,False,False,False,"Texas A&M Penalty, False Start (-5 Yards) to the TA&M 30"
401752707,2025,Notre Dame,home,-1,True,them,us,3,10,1,False,False,True,"Texas A&M Penalty, Unnecessary Roughness (15 Yards) to the TA&M 48 for a 1ST down"
401752707,2025,Notre Dame,home,-1,True,them,them,1,10,2,False,False,True,"Texas A&M Penalty, False Start (-5 Yards) to the TA&M 32"
401752707,2025,Notre Dame,home,-1,True,them,us,1,10,2,False,False,False,"Texas A&M Penalty, Defensive Holding (10 Yards) to the ND 35 for a 1ST down"
401752707,2025,Notre Dame,home,-1,True,us,us,2,9,3,False,False,False,"Notre Dame Penalty, False Start (Jaden Greathouse) to the ND 21"
401752707,2025,Notre Dame,home,-1,True,them,them,1,10,3,False,False,False,"Texas A&M Penalty, False Start (Ar'maj Reed-Adams) to the TA&M 1"
401752707,2025,Notre Dame,home,-1,True,them,them,4,6,3,False,False,False,"Texas A&M Penalty, False Start (Dalton Brooks) to the TA&M 37"
401752707,2025,Notre Dame,home,-1,True,us,them,3,7,4,False,False,True,"Notre Dame Penalty, Personal Foul (Adon Shuler) to the TA&M 43 for a 1ST down"
401752707,2025,Notre Dame,home,-1,True,them,them,2,7,4,False,False,True,"Texas A&M Penalty, False Start (Amari Niblack) to the ND 39"
401752707,2025,Notre Dame,home,-1,True,them,them,1,10,4,False,False,True,"Texas A&M Penalty, False Start (Dametrious Crownover) to the ND 32"
401752707,2025,Notre Dame,home,-1,True,them,them,2,6,4,False,False,True,"Texas A&M Penalty, False Start (Koli Faaiu) to the ND 15"
401752707,2025,Notre Dame,home,-1,True,them,them,2,11,4,False,False,True,"Texas A&M Penalty, False Start (Chase Bisontis) to the ND 20"
401752707,2025,Notre Dame,home,-1,True,us,them,3,16,4,False,False,True,"Notre Dame Penalty, Defensive Holding (Christian Gray) to the ND 10 for a 1ST down"
401752848,2025,Notre Dame,home,26,False,them,them,2,9,1,False,False,False,"Purdue Penalty, unsportsmanlike conduct (-15 Yards) to the PUR 21"
401752848,2025,Notre Dame,home,26,False,them,them,1,9,1,False,False,True,"PENALTY Purdue False Start (Tanona,Joey) 5 yards from IRISH09 to IRISH14. NO PLAY."
401752848,2025,Notre Dame,home,26,False,them,them,2,10,1,False,False,True,"(04:47) No Huddle-Shotgun Browne,Ryan pass complete short middle to Horton,EJ caught at Purdue47, for 12 yards to the Purdue47 (Johnson,Tae) PENALTY Purdue Hold"
401752848,2025,Notre Dame,home,26,False,them,them,2,11,3,False,False,False,"(02:04) No Huddle-Shotgun Browne,Ryan rush left for 1 yard gain to the Purdue37 (Faraimo,Madden), out of bounds PENALTY Purdue Holding (Tanona,Joey) 10 yards fr"
401752848,2025,Notre Dame,home,26,False,them,them,2,5,4,False,False,True,"PENALTY Purdue False Start (St. John,Jalen) 5 yards from IRISH34 to IRISH39. NO PLAY."
401752717,2025,Notre Dame,away,43,False,them,them,2,2,1,False,False,True,"Washington Jr., Mike rush for 14 yards to the NOTREDAME24, PENALTY ARK holding (Robinson II, Corey) 10 yards to the NOTREDAME48, NO PLAY."
401752717,2025,Notre Dame,away,43,False,them,us,1,10,2,False,False,True,"Carr, CJ pass incomplete to Gilbert, Micah, PENALTY ARK offside (Rhodes Jr., Quincy) 5 yards to the ARK34, NO PLAY."
401752717,2025,Notre Dame,away,43,False,them,us,3,8,3,False,False,True,"Carr, CJ pass incomplete to Pauling, Will, PENALTY ARK pass interference (Young, Jordan) 15 yards to the NOTREDAME41, NO PLAY, 1ST DOWN NOTREDAME."
401752717,2025,Notre Dame,away,43,False,them,them,2,8,3,False,False,False,"Green, Taylen pass complete to Russell, Braylen for 3 yards to the ARK30, PENALTY ARK holding (Kitler, Caden) 10 yards to the ARK17, NO PLAY."
401752717,2025,Notre Dame,away,43,False,them,them,1,10,4,False,False,False,"Green, Taylen rush for 12 yards to the NOTREDAME26, PENALTY ARK holding (Robinson II, Corey) 10 yards to the NOTREDAME48, NO PLAY."
401752717,2025,Notre Dame,away,43,False,them,them,2,15,4,False,False,False,"Green, Taylen pass complete to Sharpe, Raylen for 4 yards to the NOTREDAME39, PENALTY ARK holding (Carmona, Fernando) 10 yards to the ARK47, NO PLAY."
401752717,2025,Notre Dame,away,43,False,us,us,1,10,4,False,False,False,"Notre Dame Penalty, Unnecessary Roughness (James Flanigan) to the ND 30"
401752717,2025,Notre Dame,away,43,False,us,us,2,12,4,False,False,False,"Notre Dame Penalty, Delay of Game (-5 Yards) to the ND 34"
401754562,2025,Notre Dame,home,29,False,them,them,2,14,3,True,False,False,"NC State Penalty, Offensive Holding (Caden Fordham) declined"
401754562,2025,Notre Dame,home,29,False,them,them,3,3,4,True,False,False,"NC State Penalty, Defensive Holding (CJ Bailey) declined"
401752871,2025,Notre Dame,home,10,False,them,them,2,10,4,True,False,False,"USC Penalty, (Yards) declined"
401754583,2025,Notre Dame,away,15,False,them,us,1,10,1,False,False,False,(15:00) No Huddle-Shotgun #13 C.Carr pass incomplete deep left to #0 M.Fields thrown to BC 45 broken up by #7 C.Davis PENALTY BC  Pass Interference (#7 C.Davis)
401754583,2025,Notre Dame,away,15,False,us,us,3,7,1,False,False,False,PENALTY ND  False Start (#64 J.Otting) 5 yards from ND 33 to ND 28. NO PLAY
401754583,2025,Notre Dame,away,15,False,them,us,2,6,1,False,False,True,(01:44) No Huddle-Shotgun #13 C.Carr pass intercepted by #16 I.Farris at BC 06 QB hurried by #0 O.Thornton #16 I.Farris return 20 yards to the BC 26 (#0 M.Field
401754583,2025,Notre Dame,away,15,False,them,them,2,4,2,False,False,False,PENALTY BC  False Start  5 yards from BC 31 to BC 26. NO PLAY
401754583,2025,Notre Dame,away,15,False,them,us,0,0,2,False,False,False,PENALTY BC  Personal Foul (#75 P.Abdoulaye Sy) 15 yards from BC 35 to BC 20. NO PLAY
401754583,2025,Notre Dame,away,15,False,us,them,4,3,3,False,False,True,"(05:00) Shotgun #3 G.James sacked for loss of 11 yards to the ND 25 (#40 J.Burnham) PENALTY ND  Personal Foul (#40 J.Burnham) 7 yards from ND 14 to ND 07, 1ST D"
401754583,2025,Notre Dame,away,15,False,us,them,3,3,4,False,False,False,"PENALTY ND  Offside (#93 J.Dawson) 5 yards from BC 34 to BC 39, 1ST DOWN. NO PLAY"
401754583,2025,Notre Dame,away,15,False,us,them,3,10,4,False,False,False,(12:55) No Huddle-Shotgun #3 G.James pass incomplete short right thrown to ND 34 QB hurried by #3 J.Sneed PENALTY ND  Personal Foul (#3 J.Sneed) 15 yards from N
401754583,2025,Notre Dame,away,15,False,us,them,1,10,4,False,False,False,PENALTY ND  Delay Of Game  5 yards from ND 26 to ND 21. NO PLAY
401754583,2025,Notre Dame,away,15,False,them,them,1,5,4,False,False,False,PENALTY BC  False Start (#53 D.Allick) 5 yards from ND 21 to ND 26. NO PLAY
401754583,2025,Notre Dame,away,15,False,them,them,2,7,4,False,False,False,(04:48) No Huddle-Shotgun #3 G.James pass incomplete short middle to #85 K.Chudzinski thrown to ND 16 broken up by #9 T.Johnson PENALTY BC  Holding (#53 D.Allic
401754597,2025,Notre Dame,away,22,False,us,them,1,10,1,False,False,False,"(03:58) No Huddle-Shotgun #6 M.Heintschel pass incomplete short right thrown to Pitt27 PENALTY ND Holding (#0 D.Smith) 10 yards from Pitt19 to Pitt29, 1ST DOWN."
401754597,2025,Notre Dame,away,22,False,us,us,1,10,1,False,False,False,(01:40) No Huddle-Shotgun #24 J.Price rush left for 4 yards gain to the ND24 (#21 S.Harrison) PENALTY ND Holding (#75 S.Absher) 10 yards from ND20 to ND10. NO P
401754597,2025,Notre Dame,away,22,False,us,us,2,5,2,False,False,False,(13:17) No Huddle-Shotgun #4 J.Love rush right for 5 yards gain to the ND35 (#21 S.Harrison) PENALTY ND Holding (#76 G.Lambert) 10 yards from ND30 to ND20. NO P
401754597,2025,Notre Dame,away,22,False,us,us,1,10,2,False,False,False,PENALTY ND False Start (#54 A.Knapp) 5 yards from ND48 to ND43. NO PLAY
401754597,2025,Notre Dame,away,22,False,us,them,2,10,3,False,False,False,"(09:37) Shotgun #0 D.Reid rush middle for 4 yards loss to the Pitt40 (#4 J.Ausberry) PENALTY ND Face Mask (#4 J.Ausberry) 15 yards from Pitt44 to ND41, 1ST DOWN"
401754597,2025,Notre Dame,away,22,False,us,them,4,6,3,False,False,False,(05:49) No Huddle-Shotgun #6 M.Heintschel pass incomplete short right to #2 K.Johnson thrown to ND00 PENALTY ND Pass Interference (#15 L.Moore) 4 yards from ND0
401754597,2025,Notre Dame,away,22,False,us,them,4,5,4,False,False,True,(00:35) No Huddle-Shotgun #10 E.Holstein pass incomplete short right to #25 J.Turner thrown to Pitt42 QB hurried by #14 D.Golden PENALTY ND Roughing The Passer 
401754597,2025,Notre Dame,away,22,False,us,them,2,15,4,False,False,True,(00:25) No Huddle-Shotgun #10 E.Holstein pass incomplete short left to #82 M.Thomas thrown to ND38 QB hurried by #43 K.Kia PENALTY ND Roughing The Passer (#43 K
401754604,2025,Notre Dame,home,63,False,them,them,4,5,1,False,False,False,PENALTY SYR False Start  5 yards from SYR25 to SYR20. NO PLAY
401754604,2025,Notre Dame,home,63,False,them,us,3,1,2,False,False,True,PENALTY SYR Delay Of Game . NO PLAY
401754604,2025,Notre Dame,home,63,False,us,us,3,1,2,False,False,True,PENALTY ND False Start (#75 S.Absher) 5 yards from SYR01 to SYR06
401754604,2025,Notre Dame,home,63,False,them,us,2,5,2,False,False,True,"(08:04) No Huddle-Shotgun #13 C.Carr pass complete short right to #14 M.Gilbert caught at SYR26, for 10 yards to the SYR28 (#13 G.Bryant III), out of bounds, 1S"
401754604,2025,Notre Dame,home,63,False,us,them,3,7,2,False,False,False,(02:59) No Huddle-Shotgun #13 J.Filardi pass incomplete short right to #3 K.Singleton thrown to SYR46 PENALTY ND Pass Interference (#6 C.Gray) 10 yards from SYR
401754604,2025,Notre Dame,home,63,False,them,them,2,3,3,False,False,False,PENALTY SYR False Start (#76 B.Washington) 5 yards from SYR32 to SYR27. NO PLAY
401754604,2025,Notre Dame,home,63,False,us,them,2,11,3,False,False,False,(12:14) Shotgun #13 J.Filardi pass incomplete short left to #15 D.Gill Jr. thrown to SYR40 PENALTY ND Pass Interference (#6 C.Gray) 10 yards from SYR35 to SYR45
401754604,2025,Notre Dame,home,63,False,us,them,3,7,3,False,False,False,"(05:30) No Huddle-Shotgun #13 J.Filardi pass intercepted by #22 E.Long at ND49 #22 E.Long return 51 yards to the SYR00 TOUCHDOWN nullified by penalty, clock 05:"
401754604,2025,Notre Dame,home,63,False,us,them,3,7,4,False,False,True,(04:42) No Huddle-Shotgun #13 J.Filardi pass incomplete deep right to #2 J.Cook II thrown to ND44 PENALTY ND Pass Interference (#20 C.Thomas) 15 yards from SYR2
401754614,2025,Notre Dame,away,29,False,them,them,1,10,2,True,False,True,(07:05) Shotgun #2 E.Brown pass incomplete short right to #0 C.High thrown to STAN47 broken up by #15 L.Moore PENALTY STAN Ineligible Downfield on Pass declined
401754614,2025,Notre Dame,away,29,False,them,them,1,10,4,False,False,True,PENALTY STAN False Start (#71 E.Ugorji) 5 yards from UND10 to UND15. NO PLAY
